lga_name,year,median_rent,offence_count,independent_schools,total_schools,gp_clinics_per_1000,allied_health_per_1000,dental_sites_per_1000,pharmacies_per_1000,acsc_per_1000,address,suburb,latitude,longitude,straight_line_km,driving_km
ALPINE,1999,120,,,11,0.3,1.3,0.2,0.2,29.2,,,,,,
ALPINE,1999,125,,,11,0.3,1.3,0.2,0.2,29.2,,,,,,
ALPINE,1999,120,,,11,0.3,1.3,0.2,0.2,29.2,,,,,,
ALPINE,2000,128,,,11,0.3,1.3,0.2,0.2,29.2,,,,,,
ALPINE,2000,135,,,11,0.3,1.3,0.2,0.2,29.2,,,,,,
ALPINE,2000,128,,,11,0.3,1.3,0.2,0.2,29.2,,,,,,
ALPINE,2000,130,,,11,0.3,1.3,0.2,0.2,29.2,,,,,,
ALPINE,2001,125,,,11,0.3,1.3,0.2,0.2,29.2,,,,,,
ALPINE,2001,130,,,11,0.3,1.3,0.2,0.2,29.2,,,,,,
ALPINE,2001,135,,,11,0.3,1.3,0.2,0.2,29.2,,,,,,
ALPINE,2001,130,,,11,0.3,1.3,0.2,0.2,29.2,,,,,,
ALPINE,2002,130,,,11,0.3,1.3,0.2,0.2,29.2,,,,,,
ALPINE,2002,130,,,11,0.3,1.3,0.2,0.2,29.2,,,,,,
ALPINE,2002,135,,,11,0.3,1.3,0.2,0.2,29.2,,,,,,
ALPINE,2002,140,,,11,0.3,1.3,0.2,0.2,29.2,,,,,,
ALPINE,2003,143,,,11,0.3,1.3,0.2,0.2,29.2,,,,,,
ALPINE,2003,135,,,11,0.3,1.3,0.2,0.2,29.2,,,,,,
ALPINE,2003,143,,,11,0.3,1.3,0.2,0.2,29.2,,,,,,
ALPINE,2003,145,,,11,0.3,1.3,0.2,0.2,29.2,,,,,,
ALPINE,2004,150,,,11,0.3,1.3,0.2,0.2,29.2,,,,,,
ALPINE,2004,150,,,11,0.3,1.3,0.2,0.2,29.2,,,,,,
ALPINE,2004,160,,,11,0.3,1.3,0.2,0.2,29.2,,,,,,
ALPINE,2004,147,,,11,0.3,1.3,0.2,0.2,29.2,,,,,,
ALPINE,2005,160,,,11,0.3,1.3,0.2,0.2,29.2,,,,,,
ALPINE,2005,160,,,11,0.3,1.3,0.2,0.2,29.2,,,,,,
ALPINE,2005,170,,,11,0.3,1.3,0.2,0.2,29.2,,,,,,
ALPINE,2005,166,,,11,0.3,1.3,0.2,0.2,29.2,,,,,,
ALPINE,2006,165,,,11,0.3,1.3,0.2,0.2,29.2,,,,,,
ALPINE,2006,175,,,11,0.3,1.3,0.2,0.2,29.2,,,,,,
ALPINE,2006,180,,,11,0.3,1.3,0.2,0.2,29.2,,,,,,
ALPINE,2006,180,,,11,0.3,1.3,0.2,0.2,29.2,,,,,,
ALPINE,2007,190,,,11,0.3,1.3,0.2,0.2,29.2,,,,,,
ALPINE,2007,190,,,11,0.3,1.3,0.2,0.2,29.2,,,,,,
ALPINE,2007,188,,,11,0.3,1.3,0.2,0.2,29.2,,,,,,
ALPINE,2007,185,,,11,0.3,1.3,0.2,0.2,29.2,,,,,,
ALPINE,2008,190,,,11,0.3,1.3,0.2,0.2,29.2,,,,,,
ALPINE,2008,190,,,11,0.3,1.3,0.2,0.2,29.2,,,,,,
ALPINE,2008,200,,,11,0.3,1.3,0.2,0.2,29.2,,,,,,
ALPINE,2008,200,,,11,0.3,1.3,0.2,0.2,29.2,,,,,,
ALPINE,2009,200,,,11,0.3,1.3,0.2,0.2,29.2,,,,,,
ALPINE,2009,200,,,11,0.3,1.3,0.2,0.2,29.2,,,,,,
ALPINE,2009,200,,,11,0.3,1.3,0.2,0.2,29.2,,,,,,
ALPINE,2009,200,,,11,0.3,1.3,0.2,0.2,29.2,,,,,,
ALPINE,2010,210,,,11,0.3,1.3,0.2,0.2,29.2,,,,,,
ALPINE,2010,210,,,11,0.3,1.3,0.2,0.2,29.2,,,,,,
ALPINE,2010,200,,,11,0.3,1.3,0.2,0.2,29.2,,,,,,
ALPINE,2010,190,,,11,0.3,1.3,0.2,0.2,29.2,,,,,,
ALPINE,2011,230,,,11,0.3,1.3,0.2,0.2,29.2,,,,,,
ALPINE,2011,220,,,11,0.3,1.3,0.2,0.2,29.2,,,,,,
ALPINE,2011,220,,,11,0.3,1.3,0.2,0.2,29.2,,,,,,
ALPINE,2011,223,,,11,0.3,1.3,0.2,0.2,29.2,,,,,,
ALPINE,2012,210,,,11,0.3,1.3,0.2,0.2,29.2,,,,,,
ALPINE,2012,220,,,11,0.3,1.3,0.2,0.2,29.2,,,,,,
ALPINE,2012,240,,,11,0.3,1.3,0.2,0.2,29.2,,,,,,
ALPINE,2012,228,,,11,0.3,1.3,0.2,0.2,29.2,,,,,,
ALPINE,2013,250,,,11,0.3,1.3,0.2,0.2,29.2,,,,,,
ALPINE,2013,225,,,11,0.3,1.3,0.2,0.2,29.2,,,,,,
ALPINE,2013,230,,,11,0.3,1.3,0.2,0.2,29.2,,,,,,
ALPINE,2013,230,,,11,0.3,1.3,0.2,0.2,29.2,,,,,,
ALPINE,2014,250,,,11,0.3,1.3,0.2,0.2,29.2,,,,,,
ALPINE,2014,250,,,11,0.3,1.3,0.2,0.2,29.2,,,,,,
ALPINE,2014,240,,,11,0.3,1.3,0.2,0.2,29.2,,,,,,
ALPINE,2014,260,,,11,0.3,1.3,0.2,0.2,29.2,,,,,,
ALPINE,2015,240,,,11,0.3,1.3,0.2,0.2,29.2,,,,,,
ALPINE,2015,250,,,11,0.3,1.3,0.2,0.2,29.2,,,,,,
ALPINE,2015,260,,,11,0.3,1.3,0.2,0.2,29.2,,,,,,
ALPINE,2015,250,,,11,0.3,1.3,0.2,0.2,29.2,,,,,,
ALPINE,2016,265,387.0,,11,0.3,1.3,0.2,0.2,29.2,,,,,,
ALPINE,2016,250,387.0,,11,0.3,1.3,0.2,0.2,29.2,,,,,,
ALPINE,2016,270,387.0,,11,0.3,1.3,0.2,0.2,29.2,,,,,,
ALPINE,2016,268,387.0,,11,0.3,1.3,0.2,0.2,29.2,,,,,,
ALPINE,2017,263,454.0,,11,0.3,1.3,0.2,0.2,29.2,,,,,,
ALPINE,2017,290,454.0,,11,0.3,1.3,0.2,0.2,29.2,,,,,,
ALPINE,2017,270,454.0,,11,0.3,1.3,0.2,0.2,29.2,,,,,,
ALPINE,2017,270,454.0,,11,0.3,1.3,0.2,0.2,29.2,,,,,,
ALPINE,2018,285,580.0,,11,0.3,1.3,0.2,0.2,29.2,,,,,,
ALPINE,2018,300,580.0,,11,0.3,1.3,0.2,0.2,29.2,,,,,,
ALPINE,2018,288,580.0,,11,0.3,1.3,0.2,0.2,29.2,,,,,,
ALPINE,2018,288,580.0,,11,0.3,1.3,0.2,0.2,29.2,,,,,,
ALPINE,2019,290,571.0,,11,0.3,1.3,0.2,0.2,29.2,,,,,,
ALPINE,2019,310,571.0,,11,0.3,1.3,0.2,0.2,29.2,,,,,,
ALPINE,2019,310,571.0,,11,0.3,1.3,0.2,0.2,29.2,,,,,,
ALPINE,2019,340,571.0,,11,0.3,1.3,0.2,0.2,29.2,,,,,,
ALPINE,2020,318,582.0,,11,0.3,1.3,0.2,0.2,29.2,,,,,,
ALPINE,2020,320,582.0,,11,0.3,1.3,0.2,0.2,29.2,,,,,,
ALPINE,2020,320,582.0,,11,0.3,1.3,0.2,0.2,29.2,,,,,,
ALPINE,2020,350,582.0,,11,0.3,1.3,0.2,0.2,29.2,,,,,,
ALPINE,2021,350,552.0,,11,0.3,1.3,0.2,0.2,29.2,,,,,,
ALPINE,2021,390,552.0,,11,0.3,1.3,0.2,0.2,29.2,,,,,,
ALPINE,2021,383,552.0,,11,0.3,1.3,0.2,0.2,29.2,,,,,,
ALPINE,2021,350,552.0,,11,0.3,1.3,0.2,0.2,29.2,,,,,,
ALPINE,2022,370,459.0,,11,0.3,1.3,0.2,0.2,29.2,,,,,,
ALPINE,2022,420,459.0,,11,0.3,1.3,0.2,0.2,29.2,,,,,,
ALPINE,2022,450,459.0,,11,0.3,1.3,0.2,0.2,29.2,,,,,,
ALPINE,2022,420,459.0,,11,0.3,1.3,0.2,0.2,29.2,,,,,,
ALPINE,2023,420,521.0,,11,0.3,1.3,0.2,0.2,29.2,,,,,,
ALPINE,2023,440,521.0,,11,0.3,1.3,0.2,0.2,29.2,,,,,,
ALPINE,2023,420,521.0,,11,0.3,1.3,0.2,0.2,29.2,,,,,,
ALPINE,2023,423,521.0,,11,0.3,1.3,0.2,0.2,29.2,,,,,,
ALPINE,2024,420,414.0,,11,0.3,1.3,0.2,0.2,29.2,,,,,,
ALPINE,2024,450,414.0,,11,0.3,1.3,0.2,0.2,29.2,,,,,,
ALPINE,2024,450,414.0,,11,0.3,1.3,0.2,0.2,29.2,,,,,,
ALPINE,2024,450,414.0,,11,0.3,1.3,0.2,0.2,29.2,,,,,,
ALPINE,2025,475,555.0,,11,0.3,1.3,0.2,0.2,29.2,,,,,,
ALPINE,2025,455,555.0,,11,0.3,1.3,0.2,0.2,29.2,,,,,,
ALPINE,2025,450,555.0,,11,0.3,1.3,0.2,0.2,29.2,,,,,,
ARARAT,1999,110,,,12,0.5,0.9,0.3,0.4,32.4,,,,,,
ARARAT,1999,100,,,12,0.5,0.9,0.3,0.4,32.4,,,,,,
ARARAT,1999,105,,,12,0.5,0.9,0.3,0.4,32.4,,,,,,
ARARAT,2000,100,,,12,0.5,0.9,0.3,0.4,32.4,,,,,,
ARARAT,2000,100,,,12,0.5,0.9,0.3,0.4,32.4,,,,,,
ARARAT,2000,98,,,12,0.5,0.9,0.3,0.4,32.4,,,,,,
ARARAT,2000,100,,,12,0.5,0.9,0.3,0.4,32.4,,,,,,
ARARAT,2001,110,,,12,0.5,0.9,0.3,0.4,32.4,,,,,,
ARARAT,2001,108,,,12,0.5,0.9,0.3,0.4,32.4,,,,,,
ARARAT,2001,110,,,12,0.5,0.9,0.3,0.4,32.4,,,,,,
ARARAT,2001,110,,,12,0.5,0.9,0.3,0.4,32.4,,,,,,
ARARAT,2002,110,,,12,0.5,0.9,0.3,0.4,32.4,,,,,,
ARARAT,2002,120,,,12,0.5,0.9,0.3,0.4,32.4,,,,,,
ARARAT,2002,110,,,12,0.5,0.9,0.3,0.4,32.4,,,,,,
ARARAT,2002,113,,,12,0.5,0.9,0.3,0.4,32.4,,,,,,
ARARAT,2003,120,,,12,0.5,0.9,0.3,0.4,32.4,,,,,,
ARARAT,2003,120,,,12,0.5,0.9,0.3,0.4,32.4,,,,,,
ARARAT,2003,130,,,12,0.5,0.9,0.3,0.4,32.4,,,,,,
ARARAT,2003,120,,,12,0.5,0.9,0.3,0.4,32.4,,,,,,
ARARAT,2004,120,,,12,0.5,0.9,0.3,0.4,32.4,,,,,,
ARARAT,2004,120,,,12,0.5,0.9,0.3,0.4,32.4,,,,,,
ARARAT,2004,133,,,12,0.5,0.9,0.3,0.4,32.4,,,,,,
ARARAT,2004,130,,,12,0.5,0.9,0.3,0.4,32.4,,,,,,
ARARAT,2005,130,,,12,0.5,0.9,0.3,0.4,32.4,,,,,,
ARARAT,2005,140,,,12,0.5,0.9,0.3,0.4,32.4,,,,,,
ARARAT,2005,130,,,12,0.5,0.9,0.3,0.4,32.4,,,,,,
ARARAT,2005,140,,,12,0.5,0.9,0.3,0.4,32.4,,,,,,
ARARAT,2006,138,,,12,0.5,0.9,0.3,0.4,32.4,,,,,,
ARARAT,2006,135,,,12,0.5,0.9,0.3,0.4,32.4,,,,,,
ARARAT,2006,145,,,12,0.5,0.9,0.3,0.4,32.4,,,,,,
ARARAT,2006,140,,,12,0.5,0.9,0.3,0.4,32.4,,,,,,
ARARAT,2007,145,,,12,0.5,0.9,0.3,0.4,32.4,,,,,,
ARARAT,2007,145,,,12,0.5,0.9,0.3,0.4,32.4,,,,,,
ARARAT,2007,145,,,12,0.5,0.9,0.3,0.4,32.4,,,,,,
ARARAT,2007,160,,,12,0.5,0.9,0.3,0.4,32.4,,,,,,
ARARAT,2008,155,,,12,0.5,0.9,0.3,0.4,32.4,,,,,,
ARARAT,2008,150,,,12,0.5,0.9,0.3,0.4,32.4,,,,,,
ARARAT,2008,160,,,12,0.5,0.9,0.3,0.4,32.4,,,,,,
ARARAT,2008,155,,,12,0.5,0.9,0.3,0.4,32.4,,,,,,
ARARAT,2009,160,,,12,0.5,0.9,0.3,0.4,32.4,,,,,,
ARARAT,2009,160,,,12,0.5,0.9,0.3,0.4,32.4,,,,,,
ARARAT,2009,168,,,12,0.5,0.9,0.3,0.4,32.4,,,,,,
ARARAT,2009,170,,,12,0.5,0.9,0.3,0.4,32.4,,,,,,
ARARAT,2010,180,,,12,0.5,0.9,0.3,0.4,32.4,,,,,,
ARARAT,2010,180,,,12,0.5,0.9,0.3,0.4,32.4,,,,,,
ARARAT,2010,200,,,12,0.5,0.9,0.3,0.4,32.4,,,,,,
ARARAT,2010,170,,,12,0.5,0.9,0.3,0.4,32.4,,,,,,
ARARAT,2011,200,,,12,0.5,0.9,0.3,0.4,32.4,,,,,,
ARARAT,2011,213,,,12,0.5,0.9,0.3,0.4,32.4,,,,,,
ARARAT,2011,220,,,12,0.5,0.9,0.3,0.4,32.4,,,,,,
ARARAT,2011,210,,,12,0.5,0.9,0.3,0.4,32.4,,,,,,
ARARAT,2012,220,,,12,0.5,0.9,0.3,0.4,32.4,,,,,,
ARARAT,2012,210,,,12,0.5,0.9,0.3,0.4,32.4,,,,,,
ARARAT,2012,210,,,12,0.5,0.9,0.3,0.4,32.4,,,,,,
ARARAT,2012,220,,,12,0.5,0.9,0.3,0.4,32.4,,,,,,
ARARAT,2013,225,,,12,0.5,0.9,0.3,0.4,32.4,,,,,,
ARARAT,2013,250,,,12,0.5,0.9,0.3,0.4,32.4,,,,,,
ARARAT,2013,230,,,12,0.5,0.9,0.3,0.4,32.4,,,,,,
ARARAT,2013,220,,,12,0.5,0.9,0.3,0.4,32.4,,,,,,
ARARAT,2014,240,,,12,0.5,0.9,0.3,0.4,32.4,,,,,,
ARARAT,2014,230,,,12,0.5,0.9,0.3,0.4,32.4,,,,,,
ARARAT,2014,230,,,12,0.5,0.9,0.3,0.4,32.4,,,,,,
ARARAT,2014,240,,,12,0.5,0.9,0.3,0.4,32.4,,,,,,
ARARAT,2015,240,,,12,0.5,0.9,0.3,0.4,32.4,,,,,,
ARARAT,2015,233,,,12,0.5,0.9,0.3,0.4,32.4,,,,,,
ARARAT,2015,238,,,12,0.5,0.9,0.3,0.4,32.4,,,,,,
ARARAT,2015,250,,,12,0.5,0.9,0.3,0.4,32.4,,,,,,
ARARAT,2016,240,1177.0,,12,0.5,0.9,0.3,0.4,32.4,,,,,,
ARARAT,2016,235,1177.0,,12,0.5,0.9,0.3,0.4,32.4,,,,,,
ARARAT,2016,265,1177.0,,12,0.5,0.9,0.3,0.4,32.4,,,,,,
ARARAT,2016,240,1177.0,,12,0.5,0.9,0.3,0.4,32.4,,,,,,
ARARAT,2017,240,1255.0,,12,0.5,0.9,0.3,0.4,32.4,,,,,,
ARARAT,2017,240,1255.0,,12,0.5,0.9,0.3,0.4,32.4,,,,,,
ARARAT,2017,260,1255.0,,12,0.5,0.9,0.3,0.4,32.4,,,,,,
ARARAT,2017,240,1255.0,,12,0.5,0.9,0.3,0.4,32.4,,,,,,
ARARAT,2018,250,1349.0,,12,0.5,0.9,0.3,0.4,32.4,,,,,,
ARARAT,2018,260,1349.0,,12,0.5,0.9,0.3,0.4,32.4,,,,,,
ARARAT,2018,275,1349.0,,12,0.5,0.9,0.3,0.4,32.4,,,,,,
ARARAT,2018,273,1349.0,,12,0.5,0.9,0.3,0.4,32.4,,,,,,
ARARAT,2019,300,1262.0,,12,0.5,0.9,0.3,0.4,32.4,,,,,,
ARARAT,2019,270,1262.0,,12,0.5,0.9,0.3,0.4,32.4,,,,,,
ARARAT,2019,270,1262.0,,12,0.5,0.9,0.3,0.4,32.4,,,,,,
ARARAT,2019,270,1262.0,,12,0.5,0.9,0.3,0.4,32.4,,,,,,
ARARAT,2020,280,1560.0,,12,0.5,0.9,0.3,0.4,32.4,,,,,,
ARARAT,2020,280,1560.0,,12,0.5,0.9,0.3,0.4,32.4,,,,,,
ARARAT,2020,290,1560.0,,12,0.5,0.9,0.3,0.4,32.4,,,,,,
ARARAT,2020,285,1560.0,,12,0.5,0.9,0.3,0.4,32.4,,,,,,
ARARAT,2021,300,1592.0,,12,0.5,0.9,0.3,0.4,32.4,,,,,,
ARARAT,2021,290,1592.0,,12,0.5,0.9,0.3,0.4,32.4,,,,,,
ARARAT,2021,300,1592.0,,12,0.5,0.9,0.3,0.4,32.4,,,,,,
ARARAT,2021,300,1592.0,,12,0.5,0.9,0.3,0.4,32.4,,,,,,
ARARAT,2022,340,1341.0,,12,0.5,0.9,0.3,0.4,32.4,,,,,,
ARARAT,2022,325,1341.0,,12,0.5,0.9,0.3,0.4,32.4,,,,,,
ARARAT,2022,335,1341.0,,12,0.5,0.9,0.3,0.4,32.4,,,,,,
ARARAT,2022,330,1341.0,,12,0.5,0.9,0.3,0.4,32.4,,,,,,
ARARAT,2023,340,1409.0,,12,0.5,0.9,0.3,0.4,32.4,,,,,,
ARARAT,2023,343,1409.0,,12,0.5,0.9,0.3,0.4,32.4,,,,,,
ARARAT,2023,355,1409.0,,12,0.5,0.9,0.3,0.4,32.4,,,,,,
ARARAT,2023,370,1409.0,,12,0.5,0.9,0.3,0.4,32.4,,,,,,
ARARAT,2024,350,1607.0,,12,0.5,0.9,0.3,0.4,32.4,,,,,,
ARARAT,2024,360,1607.0,,12,0.5,0.9,0.3,0.4,32.4,,,,,,
ARARAT,2024,390,1607.0,,12,0.5,0.9,0.3,0.4,32.4,,,,,,
ARARAT,2024,380,1607.0,,12,0.5,0.9,0.3,0.4,32.4,,,,,,
ARARAT,2025,390,1566.0,,12,0.5,0.9,0.3,0.4,32.4,,,,,,
ARARAT,2025,375,1566.0,,12,0.5,0.9,0.3,0.4,32.4,,,,,,
ARARAT,2025,390,1566.0,,12,0.5,0.9,0.3,0.4,32.4,,,,,,
BALLARAT,1999,130,,4.0,48,0.3,0.8,0.3,0.2,25.5,,,,,,
BALLARAT,1999,130,,4.0,48,0.3,0.8,0.3,0.2,25.5,,,,,,
BALLARAT,1999,135,,4.0,48,0.3,0.8,0.3,0.2,25.5,,,,,,
BALLARAT,2000,135,,4.0,48,0.3,0.8,0.3,0.2,25.5,,,,,,
BALLARAT,2000,135,,4.0,48,0.3,0.8,0.3,0.2,25.5,,,,,,
BALLARAT,2000,140,,4.0,48,0.3,0.8,0.3,0.2,25.5,,,,,,
BALLARAT,2000,140,,4.0,48,0.3,0.8,0.3,0.2,25.5,,,,,,
BALLARAT,2001,140,,4.0,48,0.3,0.8,0.3,0.2,25.5,,,,,,
BALLARAT,2001,140,,4.0,48,0.3,0.8,0.3,0.2,25.5,,,,,,
BALLARAT,2001,150,,4.0,48,0.3,0.8,0.3,0.2,25.5,,,,,,
BALLARAT,2001,150,,4.0,48,0.3,0.8,0.3,0.2,25.5,,,,,,
BALLARAT,2002,150,,4.0,48,0.3,0.8,0.3,0.2,25.5,,,,,,
BALLARAT,2002,160,,4.0,48,0.3,0.8,0.3,0.2,25.5,,,,,,
BALLARAT,2002,160,,4.0,48,0.3,0.8,0.3,0.2,25.5,,,,,,
BALLARAT,2002,160,,4.0,48,0.3,0.8,0.3,0.2,25.5,,,,,,
BALLARAT,2003,160,,4.0,48,0.3,0.8,0.3,0.2,25.5,,,,,,
BALLARAT,2003,165,,4.0,48,0.3,0.8,0.3,0.2,25.5,,,,,,
BALLARAT,2003,165,,4.0,48,0.3,0.8,0.3,0.2,25.5,,,,,,
BALLARAT,2003,170,,4.0,48,0.3,0.8,0.3,0.2,25.5,,,,,,
BALLARAT,2004,175,,4.0,48,0.3,0.8,0.3,0.2,25.5,,,,,,
BALLARAT,2004,170,,4.0,48,0.3,0.8,0.3,0.2,25.5,,,,,,
BALLARAT,2004,170,,4.0,48,0.3,0.8,0.3,0.2,25.5,,,,,,
BALLARAT,2004,175,,4.0,48,0.3,0.8,0.3,0.2,25.5,,,,,,
BALLARAT,2005,180,,4.0,48,0.3,0.8,0.3,0.2,25.5,,,,,,
BALLARAT,2005,180,,4.0,48,0.3,0.8,0.3,0.2,25.5,,,,,,
BALLARAT,2005,180,,4.0,48,0.3,0.8,0.3,0.2,25.5,,,,,,
BALLARAT,2005,180,,4.0,48,0.3,0.8,0.3,0.2,25.5,,,,,,
BALLARAT,2006,185,,4.0,48,0.3,0.8,0.3,0.2,25.5,,,,,,
BALLARAT,2006,180,,4.0,48,0.3,0.8,0.3,0.2,25.5,,,,,,
BALLARAT,2006,180,,4.0,48,0.3,0.8,0.3,0.2,25.5,,,,,,
BALLARAT,2006,190,,4.0,48,0.3,0.8,0.3,0.2,25.5,,,,,,
BALLARAT,2007,190,,4.0,48,0.3,0.8,0.3,0.2,25.5,,,,,,
BALLARAT,2007,190,,4.0,48,0.3,0.8,0.3,0.2,25.5,,,,,,
BALLARAT,2007,190,,4.0,48,0.3,0.8,0.3,0.2,25.5,,,,,,
BALLARAT,2007,197,,4.0,48,0.3,0.8,0.3,0.2,25.5,,,,,,
BALLARAT,2008,200,,4.0,48,0.3,0.8,0.3,0.2,25.5,,,,,,
BALLARAT,2008,210,,4.0,48,0.3,0.8,0.3,0.2,25.5,,,,,,
BALLARAT,2008,210,,4.0,48,0.3,0.8,0.3,0.2,25.5,,,,,,
BALLARAT,2008,220,,4.0,48,0.3,0.8,0.3,0.2,25.5,,,,,,
BALLARAT,2009,220,,4.0,48,0.3,0.8,0.3,0.2,25.5,,,,,,
BALLARAT,2009,220,,4.0,48,0.3,0.8,0.3,0.2,25.5,,,,,,
BALLARAT,2009,220,,4.0,48,0.3,0.8,0.3,0.2,25.5,,,,,,
BALLARAT,2009,230,,4.0,48,0.3,0.8,0.3,0.2,25.5,,,,,,
BALLARAT,2010,230,,4.0,48,0.3,0.8,0.3,0.2,25.5,,,,,,
BALLARAT,2010,235,,4.0,48,0.3,0.8,0.3,0.2,25.5,,,,,,
BALLARAT,2010,240,,4.0,48,0.3,0.8,0.3,0.2,25.5,,,,,,
BALLARAT,2010,240,,4.0,48,0.3,0.8,0.3,0.2,25.5,,,,,,
BALLARAT,2011,250,,4.0,48,0.3,0.8,0.3,0.2,25.5,,,,,,
BALLARAT,2011,250,,4.0,48,0.3,0.8,0.3,0.2,25.5,,,,,,
BALLARAT,2011,250,,4.0,48,0.3,0.8,0.3,0.2,25.5,,,,,,
BALLARAT,2011,260,,4.0,48,0.3,0.8,0.3,0.2,25.5,,,,,,
BALLARAT,2012,260,,4.0,48,0.3,0.8,0.3,0.2,25.5,,,,,,
BALLARAT,2012,255,,4.0,48,0.3,0.8,0.3,0.2,25.5,,,,,,
BALLARAT,2012,260,,4.0,48,0.3,0.8,0.3,0.2,25.5,,,,,,
BALLARAT,2012,265,,4.0,48,0.3,0.8,0.3,0.2,25.5,,,,,,
BALLARAT,2013,260,,4.0,48,0.3,0.8,0.3,0.2,25.5,,,,,,
BALLARAT,2013,265,,4.0,48,0.3,0.8,0.3,0.2,25.5,,,,,,
BALLARAT,2013,260,,4.0,48,0.3,0.8,0.3,0.2,25.5,,,,,,
BALLARAT,2013,260,,4.0,48,0.3,0.8,0.3,0.2,25.5,,,,,,
BALLARAT,2014,270,,4.0,48,0.3,0.8,0.3,0.2,25.5,,,,,,
BALLARAT,2014,270,,4.0,48,0.3,0.8,0.3,0.2,25.5,,,,,,
BALLARAT,2014,270,,4.0,48,0.3,0.8,0.3,0.2,25.5,,,,,,
BALLARAT,2014,270,,4.0,48,0.3,0.8,0.3,0.2,25.5,,,,,,
BALLARAT,2015,270,,4.0,48,0.3,0.8,0.3,0.2,25.5,,,,,,
BALLARAT,2015,265,,4.0,48,0.3,0.8,0.3,0.2,25.5,,,,,,
BALLARAT,2015,270,,4.0,48,0.3,0.8,0.3,0.2,25.5,,,,,,
BALLARAT,2015,270,,4.0,48,0.3,0.8,0.3,0.2,25.5,,,,,,
BALLARAT,2016,270,12076.0,4.0,48,0.3,0.8,0.3,0.2,25.5,,,,,,
BALLARAT,2016,265,12076.0,4.0,48,0.3,0.8,0.3,0.2,25.5,,,,,,
BALLARAT,2016,270,12076.0,4.0,48,0.3,0.8,0.3,0.2,25.5,,,,,,
BALLARAT,2016,280,12076.0,4.0,48,0.3,0.8,0.3,0.2,25.5,,,,,,
BALLARAT,2017,280,11556.0,4.0,48,0.3,0.8,0.3,0.2,25.5,,,,,,
BALLARAT,2017,280,11556.0,4.0,48,0.3,0.8,0.3,0.2,25.5,,,,,,
BALLARAT,2017,280,11556.0,4.0,48,0.3,0.8,0.3,0.2,25.5,,,,,,
BALLARAT,2017,290,11556.0,4.0,48,0.3,0.8,0.3,0.2,25.5,,,,,,
BALLARAT,2018,290,10852.0,4.0,48,0.3,0.8,0.3,0.2,25.5,,,,,,
BALLARAT,2018,295,10852.0,4.0,48,0.3,0.8,0.3,0.2,25.5,,,,,,
BALLARAT,2018,300,10852.0,4.0,48,0.3,0.8,0.3,0.2,25.5,,,,,,
BALLARAT,2018,300,10852.0,4.0,48,0.3,0.8,0.3,0.2,25.5,,,,,,
BALLARAT,2019,310,11735.0,4.0,48,0.3,0.8,0.3,0.2,25.5,,,,,,
BALLARAT,2019,310,11735.0,4.0,48,0.3,0.8,0.3,0.2,25.5,,,,,,
BALLARAT,2019,320,11735.0,4.0,48,0.3,0.8,0.3,0.2,25.5,,,,,,
BALLARAT,2019,320,11735.0,4.0,48,0.3,0.8,0.3,0.2,25.5,,,,,,
BALLARAT,2020,330,9748.0,4.0,48,0.3,0.8,0.3,0.2,25.5,,,,,,
BALLARAT,2020,320,9748.0,4.0,48,0.3,0.8,0.3,0.2,25.5,,,,,,
BALLARAT,2020,330,9748.0,4.0,48,0.3,0.8,0.3,0.2,25.5,,,,,,
BALLARAT,2020,340,9748.0,4.0,48,0.3,0.8,0.3,0.2,25.5,,,,,,
BALLARAT,2021,350,10121.0,4.0,48,0.3,0.8,0.3,0.2,25.5,,,,,,
BALLARAT,2021,350,10121.0,4.0,48,0.3,0.8,0.3,0.2,25.5,,,,,,
BALLARAT,2021,350,10121.0,4.0,48,0.3,0.8,0.3,0.2,25.5,,,,,,
BALLARAT,2021,360,10121.0,4.0,48,0.3,0.8,0.3,0.2,25.5,,,,,,
BALLARAT,2022,370,10952.0,4.0,48,0.3,0.8,0.3,0.2,25.5,,,,,,
BALLARAT,2022,370,10952.0,4.0,48,0.3,0.8,0.3,0.2,25.5,,,,,,
BALLARAT,2022,380,10952.0,4.0,48,0.3,0.8,0.3,0.2,25.5,,,,,,
BALLARAT,2022,388,10952.0,4.0,48,0.3,0.8,0.3,0.2,25.5,,,,,,
BALLARAT,2023,385,11704.0,4.0,48,0.3,0.8,0.3,0.2,25.5,,,,,,
BALLARAT,2023,390,11704.0,4.0,48,0.3,0.8,0.3,0.2,25.5,,,,,,
BALLARAT,2023,400,11704.0,4.0,48,0.3,0.8,0.3,0.2,25.5,,,,,,
BALLARAT,2023,410,11704.0,4.0,48,0.3,0.8,0.3,0.2,25.5,,,,,,
BALLARAT,2024,420,13481.0,4.0,48,0.3,0.8,0.3,0.2,25.5,,,,,,
BALLARAT,2024,420,13481.0,4.0,48,0.3,0.8,0.3,0.2,25.5,,,,,,
BALLARAT,2024,420,13481.0,4.0,48,0.3,0.8,0.3,0.2,25.5,,,,,,
BALLARAT,2024,420,13481.0,4.0,48,0.3,0.8,0.3,0.2,25.5,,,,,,
BALLARAT,2025,420,14481.0,4.0,48,0.3,0.8,0.3,0.2,25.5,,,,,,
BALLARAT,2025,415,14481.0,4.0,48,0.3,0.8,0.3,0.2,25.5,,,,,,
BALLARAT,2025,420,14481.0,4.0,48,0.3,0.8,0.3,0.2,25.5,,,,,,
BANYULE,1999,180,,3.0,42,0.4,1.4,0.5,0.3,23.5, 1 Flintoff Street, Greensborough VIC 3088,-37.7045,145.1036,17.51,22.0
BANYULE,1999,180,,3.0,42,0.4,1.4,0.5,0.3,23.5, 1 Flintoff Street, Greensborough VIC 3088,-37.7045,145.1036,17.51,22.0
BANYULE,1999,180,,3.0,42,0.4,1.4,0.5,0.3,23.5, 1 Flintoff Street, Greensborough VIC 3088,-37.7045,145.1036,17.51,22.0
BANYULE,2000,185,,3.0,42,0.4,1.4,0.5,0.3,23.5, 1 Flintoff Street, Greensborough VIC 3088,-37.7045,145.1036,17.51,22.0
BANYULE,2000,190,,3.0,42,0.4,1.4,0.5,0.3,23.5, 1 Flintoff Street, Greensborough VIC 3088,-37.7045,145.1036,17.51,22.0
BANYULE,2000,190,,3.0,42,0.4,1.4,0.5,0.3,23.5, 1 Flintoff Street, Greensborough VIC 3088,-37.7045,145.1036,17.51,22.0
BANYULE,2000,190,,3.0,42,0.4,1.4,0.5,0.3,23.5, 1 Flintoff Street, Greensborough VIC 3088,-37.7045,145.1036,17.51,22.0
BANYULE,2001,200,,3.0,42,0.4,1.4,0.5,0.3,23.5, 1 Flintoff Street, Greensborough VIC 3088,-37.7045,145.1036,17.51,22.0
BANYULE,2001,200,,3.0,42,0.4,1.4,0.5,0.3,23.5, 1 Flintoff Street, Greensborough VIC 3088,-37.7045,145.1036,17.51,22.0
BANYULE,2001,200,,3.0,42,0.4,1.4,0.5,0.3,23.5, 1 Flintoff Street, Greensborough VIC 3088,-37.7045,145.1036,17.51,22.0
BANYULE,2001,200,,3.0,42,0.4,1.4,0.5,0.3,23.5, 1 Flintoff Street, Greensborough VIC 3088,-37.7045,145.1036,17.51,22.0
BANYULE,2002,210,,3.0,42,0.4,1.4,0.5,0.3,23.5, 1 Flintoff Street, Greensborough VIC 3088,-37.7045,145.1036,17.51,22.0
BANYULE,2002,210,,3.0,42,0.4,1.4,0.5,0.3,23.5, 1 Flintoff Street, Greensborough VIC 3088,-37.7045,145.1036,17.51,22.0
BANYULE,2002,210,,3.0,42,0.4,1.4,0.5,0.3,23.5, 1 Flintoff Street, Greensborough VIC 3088,-37.7045,145.1036,17.51,22.0
BANYULE,2002,215,,3.0,42,0.4,1.4,0.5,0.3,23.5, 1 Flintoff Street, Greensborough VIC 3088,-37.7045,145.1036,17.51,22.0
BANYULE,2003,215,,3.0,42,0.4,1.4,0.5,0.3,23.5, 1 Flintoff Street, Greensborough VIC 3088,-37.7045,145.1036,17.51,22.0
BANYULE,2003,214,,3.0,42,0.4,1.4,0.5,0.3,23.5, 1 Flintoff Street, Greensborough VIC 3088,-37.7045,145.1036,17.51,22.0
BANYULE,2003,220,,3.0,42,0.4,1.4,0.5,0.3,23.5, 1 Flintoff Street, Greensborough VIC 3088,-37.7045,145.1036,17.51,22.0
BANYULE,2003,220,,3.0,42,0.4,1.4,0.5,0.3,23.5, 1 Flintoff Street, Greensborough VIC 3088,-37.7045,145.1036,17.51,22.0
BANYULE,2004,220,,3.0,42,0.4,1.4,0.5,0.3,23.5, 1 Flintoff Street, Greensborough VIC 3088,-37.7045,145.1036,17.51,22.0
BANYULE,2004,220,,3.0,42,0.4,1.4,0.5,0.3,23.5, 1 Flintoff Street, Greensborough VIC 3088,-37.7045,145.1036,17.51,22.0
BANYULE,2004,225,,3.0,42,0.4,1.4,0.5,0.3,23.5, 1 Flintoff Street, Greensborough VIC 3088,-37.7045,145.1036,17.51,22.0
BANYULE,2004,230,,3.0,42,0.4,1.4,0.5,0.3,23.5, 1 Flintoff Street, Greensborough VIC 3088,-37.7045,145.1036,17.51,22.0
BANYULE,2005,230,,3.0,42,0.4,1.4,0.5,0.3,23.5, 1 Flintoff Street, Greensborough VIC 3088,-37.7045,145.1036,17.51,22.0
BANYULE,2005,225,,3.0,42,0.4,1.4,0.5,0.3,23.5, 1 Flintoff Street, Greensborough VIC 3088,-37.7045,145.1036,17.51,22.0
BANYULE,2005,230,,3.0,42,0.4,1.4,0.5,0.3,23.5, 1 Flintoff Street, Greensborough VIC 3088,-37.7045,145.1036,17.51,22.0
BANYULE,2005,240,,3.0,42,0.4,1.4,0.5,0.3,23.5, 1 Flintoff Street, Greensborough VIC 3088,-37.7045,145.1036,17.51,22.0
BANYULE,2006,240,,3.0,42,0.4,1.4,0.5,0.3,23.5, 1 Flintoff Street, Greensborough VIC 3088,-37.7045,145.1036,17.51,22.0
BANYULE,2006,240,,3.0,42,0.4,1.4,0.5,0.3,23.5, 1 Flintoff Street, Greensborough VIC 3088,-37.7045,145.1036,17.51,22.0
BANYULE,2006,250,,3.0,42,0.4,1.4,0.5,0.3,23.5, 1 Flintoff Street, Greensborough VIC 3088,-37.7045,145.1036,17.51,22.0
BANYULE,2006,250,,3.0,42,0.4,1.4,0.5,0.3,23.5, 1 Flintoff Street, Greensborough VIC 3088,-37.7045,145.1036,17.51,22.0
BANYULE,2007,260,,3.0,42,0.4,1.4,0.5,0.3,23.5, 1 Flintoff Street, Greensborough VIC 3088,-37.7045,145.1036,17.51,22.0
BANYULE,2007,265,,3.0,42,0.4,1.4,0.5,0.3,23.5, 1 Flintoff Street, Greensborough VIC 3088,-37.7045,145.1036,17.51,22.0
BANYULE,2007,271,,3.0,42,0.4,1.4,0.5,0.3,23.5, 1 Flintoff Street, Greensborough VIC 3088,-37.7045,145.1036,17.51,22.0
BANYULE,2007,285,,3.0,42,0.4,1.4,0.5,0.3,23.5, 1 Flintoff Street, Greensborough VIC 3088,-37.7045,145.1036,17.51,22.0
BANYULE,2008,298,,3.0,42,0.4,1.4,0.5,0.3,23.5, 1 Flintoff Street, Greensborough VIC 3088,-37.7045,145.1036,17.51,22.0
BANYULE,2008,300,,3.0,42,0.4,1.4,0.5,0.3,23.5, 1 Flintoff Street, Greensborough VIC 3088,-37.7045,145.1036,17.51,22.0
BANYULE,2008,305,,3.0,42,0.4,1.4,0.5,0.3,23.5, 1 Flintoff Street, Greensborough VIC 3088,-37.7045,145.1036,17.51,22.0
BANYULE,2008,320,,3.0,42,0.4,1.4,0.5,0.3,23.5, 1 Flintoff Street, Greensborough VIC 3088,-37.7045,145.1036,17.51,22.0
BANYULE,2009,312,,3.0,42,0.4,1.4,0.5,0.3,23.5, 1 Flintoff Street, Greensborough VIC 3088,-37.7045,145.1036,17.51,22.0
BANYULE,2009,320,,3.0,42,0.4,1.4,0.5,0.3,23.5, 1 Flintoff Street, Greensborough VIC 3088,-37.7045,145.1036,17.51,22.0
BANYULE,2009,320,,3.0,42,0.4,1.4,0.5,0.3,23.5, 1 Flintoff Street, Greensborough VIC 3088,-37.7045,145.1036,17.51,22.0
BANYULE,2009,320,,3.0,42,0.4,1.4,0.5,0.3,23.5, 1 Flintoff Street, Greensborough VIC 3088,-37.7045,145.1036,17.51,22.0
BANYULE,2010,330,,3.0,42,0.4,1.4,0.5,0.3,23.5, 1 Flintoff Street, Greensborough VIC 3088,-37.7045,145.1036,17.51,22.0
BANYULE,2010,330,,3.0,42,0.4,1.4,0.5,0.3,23.5, 1 Flintoff Street, Greensborough VIC 3088,-37.7045,145.1036,17.51,22.0
BANYULE,2010,340,,3.0,42,0.4,1.4,0.5,0.3,23.5, 1 Flintoff Street, Greensborough VIC 3088,-37.7045,145.1036,17.51,22.0
BANYULE,2010,340,,3.0,42,0.4,1.4,0.5,0.3,23.5, 1 Flintoff Street, Greensborough VIC 3088,-37.7045,145.1036,17.51,22.0
BANYULE,2011,340,,3.0,42,0.4,1.4,0.5,0.3,23.5, 1 Flintoff Street, Greensborough VIC 3088,-37.7045,145.1036,17.51,22.0
BANYULE,2011,350,,3.0,42,0.4,1.4,0.5,0.3,23.5, 1 Flintoff Street, Greensborough VIC 3088,-37.7045,145.1036,17.51,22.0
BANYULE,2011,345,,3.0,42,0.4,1.4,0.5,0.3,23.5, 1 Flintoff Street, Greensborough VIC 3088,-37.7045,145.1036,17.51,22.0
BANYULE,2011,350,,3.0,42,0.4,1.4,0.5,0.3,23.5, 1 Flintoff Street, Greensborough VIC 3088,-37.7045,145.1036,17.51,22.0
BANYULE,2012,350,,3.0,42,0.4,1.4,0.5,0.3,23.5, 1 Flintoff Street, Greensborough VIC 3088,-37.7045,145.1036,17.51,22.0
BANYULE,2012,340,,3.0,42,0.4,1.4,0.5,0.3,23.5, 1 Flintoff Street, Greensborough VIC 3088,-37.7045,145.1036,17.51,22.0
BANYULE,2012,350,,3.0,42,0.4,1.4,0.5,0.3,23.5, 1 Flintoff Street, Greensborough VIC 3088,-37.7045,145.1036,17.51,22.0
BANYULE,2012,350,,3.0,42,0.4,1.4,0.5,0.3,23.5, 1 Flintoff Street, Greensborough VIC 3088,-37.7045,145.1036,17.51,22.0
BANYULE,2013,350,,3.0,42,0.4,1.4,0.5,0.3,23.5, 1 Flintoff Street, Greensborough VIC 3088,-37.7045,145.1036,17.51,22.0
BANYULE,2013,345,,3.0,42,0.4,1.4,0.5,0.3,23.5, 1 Flintoff Street, Greensborough VIC 3088,-37.7045,145.1036,17.51,22.0
BANYULE,2013,350,,3.0,42,0.4,1.4,0.5,0.3,23.5, 1 Flintoff Street, Greensborough VIC 3088,-37.7045,145.1036,17.51,22.0
BANYULE,2013,350,,3.0,42,0.4,1.4,0.5,0.3,23.5, 1 Flintoff Street, Greensborough VIC 3088,-37.7045,145.1036,17.51,22.0
BANYULE,2014,355,,3.0,42,0.4,1.4,0.5,0.3,23.5, 1 Flintoff Street, Greensborough VIC 3088,-37.7045,145.1036,17.51,22.0
BANYULE,2014,350,,3.0,42,0.4,1.4,0.5,0.3,23.5, 1 Flintoff Street, Greensborough VIC 3088,-37.7045,145.1036,17.51,22.0
BANYULE,2014,360,,3.0,42,0.4,1.4,0.5,0.3,23.5, 1 Flintoff Street, Greensborough VIC 3088,-37.7045,145.1036,17.51,22.0
BANYULE,2014,360,,3.0,42,0.4,1.4,0.5,0.3,23.5, 1 Flintoff Street, Greensborough VIC 3088,-37.7045,145.1036,17.51,22.0
BANYULE,2015,360,,3.0,42,0.4,1.4,0.5,0.3,23.5, 1 Flintoff Street, Greensborough VIC 3088,-37.7045,145.1036,17.51,22.0
BANYULE,2015,365,,3.0,42,0.4,1.4,0.5,0.3,23.5, 1 Flintoff Street, Greensborough VIC 3088,-37.7045,145.1036,17.51,22.0
BANYULE,2015,370,,3.0,42,0.4,1.4,0.5,0.3,23.5, 1 Flintoff Street, Greensborough VIC 3088,-37.7045,145.1036,17.51,22.0
BANYULE,2015,365,,3.0,42,0.4,1.4,0.5,0.3,23.5, 1 Flintoff Street, Greensborough VIC 3088,-37.7045,145.1036,17.51,22.0
BANYULE,2016,370,10050.0,3.0,42,0.4,1.4,0.5,0.3,23.5, 1 Flintoff Street, Greensborough VIC 3088,-37.7045,145.1036,17.51,22.0
BANYULE,2016,375,10050.0,3.0,42,0.4,1.4,0.5,0.3,23.5, 1 Flintoff Street, Greensborough VIC 3088,-37.7045,145.1036,17.51,22.0
BANYULE,2016,380,10050.0,3.0,42,0.4,1.4,0.5,0.3,23.5, 1 Flintoff Street, Greensborough VIC 3088,-37.7045,145.1036,17.51,22.0
BANYULE,2016,380,10050.0,3.0,42,0.4,1.4,0.5,0.3,23.5, 1 Flintoff Street, Greensborough VIC 3088,-37.7045,145.1036,17.51,22.0
BANYULE,2017,395,9637.0,3.0,42,0.4,1.4,0.5,0.3,23.5, 1 Flintoff Street, Greensborough VIC 3088,-37.7045,145.1036,17.51,22.0
BANYULE,2017,390,9637.0,3.0,42,0.4,1.4,0.5,0.3,23.5, 1 Flintoff Street, Greensborough VIC 3088,-37.7045,145.1036,17.51,22.0
BANYULE,2017,400,9637.0,3.0,42,0.4,1.4,0.5,0.3,23.5, 1 Flintoff Street, Greensborough VIC 3088,-37.7045,145.1036,17.51,22.0
BANYULE,2017,410,9637.0,3.0,42,0.4,1.4,0.5,0.3,23.5, 1 Flintoff Street, Greensborough VIC 3088,-37.7045,145.1036,17.51,22.0
BANYULE,2018,410,9396.0,3.0,42,0.4,1.4,0.5,0.3,23.5, 1 Flintoff Street, Greensborough VIC 3088,-37.7045,145.1036,17.51,22.0
BANYULE,2018,400,9396.0,3.0,42,0.4,1.4,0.5,0.3,23.5, 1 Flintoff Street, Greensborough VIC 3088,-37.7045,145.1036,17.51,22.0
BANYULE,2018,405,9396.0,3.0,42,0.4,1.4,0.5,0.3,23.5, 1 Flintoff Street, Greensborough VIC 3088,-37.7045,145.1036,17.51,22.0
BANYULE,2018,410,9396.0,3.0,42,0.4,1.4,0.5,0.3,23.5, 1 Flintoff Street, Greensborough VIC 3088,-37.7045,145.1036,17.51,22.0
BANYULE,2019,420,9518.0,3.0,42,0.4,1.4,0.5,0.3,23.5, 1 Flintoff Street, Greensborough VIC 3088,-37.7045,145.1036,17.51,22.0
BANYULE,2019,420,9518.0,3.0,42,0.4,1.4,0.5,0.3,23.5, 1 Flintoff Street, Greensborough VIC 3088,-37.7045,145.1036,17.51,22.0
BANYULE,2019,410,9518.0,3.0,42,0.4,1.4,0.5,0.3,23.5, 1 Flintoff Street, Greensborough VIC 3088,-37.7045,145.1036,17.51,22.0
BANYULE,2019,420,9518.0,3.0,42,0.4,1.4,0.5,0.3,23.5, 1 Flintoff Street, Greensborough VIC 3088,-37.7045,145.1036,17.51,22.0
BANYULE,2020,430,9466.0,3.0,42,0.4,1.4,0.5,0.3,23.5, 1 Flintoff Street, Greensborough VIC 3088,-37.7045,145.1036,17.51,22.0
BANYULE,2020,410,9466.0,3.0,42,0.4,1.4,0.5,0.3,23.5, 1 Flintoff Street, Greensborough VIC 3088,-37.7045,145.1036,17.51,22.0
BANYULE,2020,415,9466.0,3.0,42,0.4,1.4,0.5,0.3,23.5, 1 Flintoff Street, Greensborough VIC 3088,-37.7045,145.1036,17.51,22.0
BANYULE,2020,410,9466.0,3.0,42,0.4,1.4,0.5,0.3,23.5, 1 Flintoff Street, Greensborough VIC 3088,-37.7045,145.1036,17.51,22.0
BANYULE,2021,410,7350.0,3.0,42,0.4,1.4,0.5,0.3,23.5, 1 Flintoff Street, Greensborough VIC 3088,-37.7045,145.1036,17.51,22.0
BANYULE,2021,410,7350.0,3.0,42,0.4,1.4,0.5,0.3,23.5, 1 Flintoff Street, Greensborough VIC 3088,-37.7045,145.1036,17.51,22.0
BANYULE,2021,410,7350.0,3.0,42,0.4,1.4,0.5,0.3,23.5, 1 Flintoff Street, Greensborough VIC 3088,-37.7045,145.1036,17.51,22.0
BANYULE,2021,410,7350.0,3.0,42,0.4,1.4,0.5,0.3,23.5, 1 Flintoff Street, Greensborough VIC 3088,-37.7045,145.1036,17.51,22.0
BANYULE,2022,420,7667.0,3.0,42,0.4,1.4,0.5,0.3,23.5, 1 Flintoff Street, Greensborough VIC 3088,-37.7045,145.1036,17.51,22.0
BANYULE,2022,420,7667.0,3.0,42,0.4,1.4,0.5,0.3,23.5, 1 Flintoff Street, Greensborough VIC 3088,-37.7045,145.1036,17.51,22.0
BANYULE,2022,430,7667.0,3.0,42,0.4,1.4,0.5,0.3,23.5, 1 Flintoff Street, Greensborough VIC 3088,-37.7045,145.1036,17.51,22.0
BANYULE,2022,450,7667.0,3.0,42,0.4,1.4,0.5,0.3,23.5, 1 Flintoff Street, Greensborough VIC 3088,-37.7045,145.1036,17.51,22.0
BANYULE,2023,460,8063.0,3.0,42,0.4,1.4,0.5,0.3,23.5, 1 Flintoff Street, Greensborough VIC 3088,-37.7045,145.1036,17.51,22.0
BANYULE,2023,470,8063.0,3.0,42,0.4,1.4,0.5,0.3,23.5, 1 Flintoff Street, Greensborough VIC 3088,-37.7045,145.1036,17.51,22.0
BANYULE,2023,500,8063.0,3.0,42,0.4,1.4,0.5,0.3,23.5, 1 Flintoff Street, Greensborough VIC 3088,-37.7045,145.1036,17.51,22.0
BANYULE,2023,500,8063.0,3.0,42,0.4,1.4,0.5,0.3,23.5, 1 Flintoff Street, Greensborough VIC 3088,-37.7045,145.1036,17.51,22.0
BANYULE,2024,510,10171.0,3.0,42,0.4,1.4,0.5,0.3,23.5, 1 Flintoff Street, Greensborough VIC 3088,-37.7045,145.1036,17.51,22.0
BANYULE,2024,525,10171.0,3.0,42,0.4,1.4,0.5,0.3,23.5, 1 Flintoff Street, Greensborough VIC 3088,-37.7045,145.1036,17.51,22.0
BANYULE,2024,550,10171.0,3.0,42,0.4,1.4,0.5,0.3,23.5, 1 Flintoff Street, Greensborough VIC 3088,-37.7045,145.1036,17.51,22.0
BANYULE,2024,550,10171.0,3.0,42,0.4,1.4,0.5,0.3,23.5, 1 Flintoff Street, Greensborough VIC 3088,-37.7045,145.1036,17.51,22.0
BANYULE,2025,550,11496.0,3.0,42,0.4,1.4,0.5,0.3,23.5, 1 Flintoff Street, Greensborough VIC 3088,-37.7045,145.1036,17.51,22.0
BANYULE,2025,560,11496.0,3.0,42,0.4,1.4,0.5,0.3,23.5, 1 Flintoff Street, Greensborough VIC 3088,-37.7045,145.1036,17.51,22.0
BANYULE,2025,560,11496.0,3.0,42,0.4,1.4,0.5,0.3,23.5, 1 Flintoff Street, Greensborough VIC 3088,-37.7045,145.1036,17.51,22.0
BASS COAST,1999,111,,3.0,15,0.3,1.4,0.2,0.3,30.9,,,,,,
BASS COAST,1999,110,,3.0,15,0.3,1.4,0.2,0.3,30.9,,,,,,
BASS COAST,1999,110,,3.0,15,0.3,1.4,0.2,0.3,30.9,,,,,,
BASS COAST,2000,120,,3.0,15,0.3,1.4,0.2,0.3,30.9,,,,,,
BASS COAST,2000,120,,3.0,15,0.3,1.4,0.2,0.3,30.9,,,,,,
BASS COAST,2000,120,,3.0,15,0.3,1.4,0.2,0.3,30.9,,,,,,
BASS COAST,2000,120,,3.0,15,0.3,1.4,0.2,0.3,30.9,,,,,,
BASS COAST,2001,130,,3.0,15,0.3,1.4,0.2,0.3,30.9,,,,,,
BASS COAST,2001,125,,3.0,15,0.3,1.4,0.2,0.3,30.9,,,,,,
BASS COAST,2001,130,,3.0,15,0.3,1.4,0.2,0.3,30.9,,,,,,
BASS COAST,2001,130,,3.0,15,0.3,1.4,0.2,0.3,30.9,,,,,,
BASS COAST,2002,140,,3.0,15,0.3,1.4,0.2,0.3,30.9,,,,,,
BASS COAST,2002,140,,3.0,15,0.3,1.4,0.2,0.3,30.9,,,,,,
BASS COAST,2002,140,,3.0,15,0.3,1.4,0.2,0.3,30.9,,,,,,
BASS COAST,2002,138,,3.0,15,0.3,1.4,0.2,0.3,30.9,,,,,,
BASS COAST,2003,150,,3.0,15,0.3,1.4,0.2,0.3,30.9,,,,,,
BASS COAST,2003,150,,3.0,15,0.3,1.4,0.2,0.3,30.9,,,,,,
BASS COAST,2003,150,,3.0,15,0.3,1.4,0.2,0.3,30.9,,,,,,
BASS COAST,2003,155,,3.0,15,0.3,1.4,0.2,0.3,30.9,,,,,,
BASS COAST,2004,155,,3.0,15,0.3,1.4,0.2,0.3,30.9,,,,,,
BASS COAST,2004,160,,3.0,15,0.3,1.4,0.2,0.3,30.9,,,,,,
BASS COAST,2004,155,,3.0,15,0.3,1.4,0.2,0.3,30.9,,,,,,
BASS COAST,2004,160,,3.0,15,0.3,1.4,0.2,0.3,30.9,,,,,,
BASS COAST,2005,160,,3.0,15,0.3,1.4,0.2,0.3,30.9,,,,,,
BASS COAST,2005,170,,3.0,15,0.3,1.4,0.2,0.3,30.9,,,,,,
BASS COAST,2005,165,,3.0,15,0.3,1.4,0.2,0.3,30.9,,,,,,
BASS COAST,2005,165,,3.0,15,0.3,1.4,0.2,0.3,30.9,,,,,,
BASS COAST,2006,180,,3.0,15,0.3,1.4,0.2,0.3,30.9,,,,,,
BASS COAST,2006,170,,3.0,15,0.3,1.4,0.2,0.3,30.9,,,,,,
BASS COAST,2006,175,,3.0,15,0.3,1.4,0.2,0.3,30.9,,,,,,
BASS COAST,2006,175,,3.0,15,0.3,1.4,0.2,0.3,30.9,,,,,,
BASS COAST,2007,180,,3.0,15,0.3,1.4,0.2,0.3,30.9,,,,,,
BASS COAST,2007,180,,3.0,15,0.3,1.4,0.2,0.3,30.9,,,,,,
BASS COAST,2007,183,,3.0,15,0.3,1.4,0.2,0.3,30.9,,,,,,
BASS COAST,2007,180,,3.0,15,0.3,1.4,0.2,0.3,30.9,,,,,,
BASS COAST,2008,200,,3.0,15,0.3,1.4,0.2,0.3,30.9,,,,,,
BASS COAST,2008,198,,3.0,15,0.3,1.4,0.2,0.3,30.9,,,,,,
BASS COAST,2008,210,,3.0,15,0.3,1.4,0.2,0.3,30.9,,,,,,
BASS COAST,2008,200,,3.0,15,0.3,1.4,0.2,0.3,30.9,,,,,,
BASS COAST,2009,205,,3.0,15,0.3,1.4,0.2,0.3,30.9,,,,,,
BASS COAST,2009,220,,3.0,15,0.3,1.4,0.2,0.3,30.9,,,,,,
BASS COAST,2009,220,,3.0,15,0.3,1.4,0.2,0.3,30.9,,,,,,
BASS COAST,2009,240,,3.0,15,0.3,1.4,0.2,0.3,30.9,,,,,,
BASS COAST,2010,294,,3.0,15,0.3,1.4,0.2,0.3,30.9,,,,,,
BASS COAST,2010,325,,3.0,15,0.3,1.4,0.2,0.3,30.9,,,,,,
BASS COAST,2010,305,,3.0,15,0.3,1.4,0.2,0.3,30.9,,,,,,
BASS COAST,2010,310,,3.0,15,0.3,1.4,0.2,0.3,30.9,,,,,,
BASS COAST,2011,325,,3.0,15,0.3,1.4,0.2,0.3,30.9,,,,,,
BASS COAST,2011,350,,3.0,15,0.3,1.4,0.2,0.3,30.9,,,,,,
BASS COAST,2011,330,,3.0,15,0.3,1.4,0.2,0.3,30.9,,,,,,
BASS COAST,2011,340,,3.0,15,0.3,1.4,0.2,0.3,30.9,,,,,,
BASS COAST,2012,310,,3.0,15,0.3,1.4,0.2,0.3,30.9,,,,,,
BASS COAST,2012,280,,3.0,15,0.3,1.4,0.2,0.3,30.9,,,,,,
BASS COAST,2012,260,,3.0,15,0.3,1.4,0.2,0.3,30.9,,,,,,
BASS COAST,2012,250,,3.0,15,0.3,1.4,0.2,0.3,30.9,,,,,,
BASS COAST,2013,250,,3.0,15,0.3,1.4,0.2,0.3,30.9,,,,,,
BASS COAST,2013,250,,3.0,15,0.3,1.4,0.2,0.3,30.9,,,,,,
BASS COAST,2013,250,,3.0,15,0.3,1.4,0.2,0.3,30.9,,,,,,
BASS COAST,2013,250,,3.0,15,0.3,1.4,0.2,0.3,30.9,,,,,,
BASS COAST,2014,250,,3.0,15,0.3,1.4,0.2,0.3,30.9,,,,,,
BASS COAST,2014,260,,3.0,15,0.3,1.4,0.2,0.3,30.9,,,,,,
BASS COAST,2014,260,,3.0,15,0.3,1.4,0.2,0.3,30.9,,,,,,
BASS COAST,2014,260,,3.0,15,0.3,1.4,0.2,0.3,30.9,,,,,,
BASS COAST,2015,265,,3.0,15,0.3,1.4,0.2,0.3,30.9,,,,,,
BASS COAST,2015,260,,3.0,15,0.3,1.4,0.2,0.3,30.9,,,,,,
BASS COAST,2015,260,,3.0,15,0.3,1.4,0.2,0.3,30.9,,,,,,
BASS COAST,2015,253,,3.0,15,0.3,1.4,0.2,0.3,30.9,,,,,,
BASS COAST,2016,270,2948.0,3.0,15,0.3,1.4,0.2,0.3,30.9,,,,,,
BASS COAST,2016,278,2948.0,3.0,15,0.3,1.4,0.2,0.3,30.9,,,,,,
BASS COAST,2016,270,2948.0,3.0,15,0.3,1.4,0.2,0.3,30.9,,,,,,
BASS COAST,2016,278,2948.0,3.0,15,0.3,1.4,0.2,0.3,30.9,,,,,,
BASS COAST,2017,275,2574.0,3.0,15,0.3,1.4,0.2,0.3,30.9,,,,,,
BASS COAST,2017,275,2574.0,3.0,15,0.3,1.4,0.2,0.3,30.9,,,,,,
BASS COAST,2017,285,2574.0,3.0,15,0.3,1.4,0.2,0.3,30.9,,,,,,
BASS COAST,2017,280,2574.0,3.0,15,0.3,1.4,0.2,0.3,30.9,,,,,,
BASS COAST,2018,290,2211.0,3.0,15,0.3,1.4,0.2,0.3,30.9,,,,,,
BASS COAST,2018,300,2211.0,3.0,15,0.3,1.4,0.2,0.3,30.9,,,,,,
BASS COAST,2018,310,2211.0,3.0,15,0.3,1.4,0.2,0.3,30.9,,,,,,
BASS COAST,2018,300,2211.0,3.0,15,0.3,1.4,0.2,0.3,30.9,,,,,,
BASS COAST,2019,320,2500.0,3.0,15,0.3,1.4,0.2,0.3,30.9,,,,,,
BASS COAST,2019,320,2500.0,3.0,15,0.3,1.4,0.2,0.3,30.9,,,,,,
BASS COAST,2019,325,2500.0,3.0,15,0.3,1.4,0.2,0.3,30.9,,,,,,
BASS COAST,2019,330,2500.0,3.0,15,0.3,1.4,0.2,0.3,30.9,,,,,,
BASS COAST,2020,320,2899.0,3.0,15,0.3,1.4,0.2,0.3,30.9,,,,,,
BASS COAST,2020,335,2899.0,3.0,15,0.3,1.4,0.2,0.3,30.9,,,,,,
BASS COAST,2020,340,2899.0,3.0,15,0.3,1.4,0.2,0.3,30.9,,,,,,
BASS COAST,2020,350,2899.0,3.0,15,0.3,1.4,0.2,0.3,30.9,,,,,,
BASS COAST,2021,350,3144.0,3.0,15,0.3,1.4,0.2,0.3,30.9,,,,,,
BASS COAST,2021,385,3144.0,3.0,15,0.3,1.4,0.2,0.3,30.9,,,,,,
BASS COAST,2021,400,3144.0,3.0,15,0.3,1.4,0.2,0.3,30.9,,,,,,
BASS COAST,2021,420,3144.0,3.0,15,0.3,1.4,0.2,0.3,30.9,,,,,,
BASS COAST,2022,405,2828.0,3.0,15,0.3,1.4,0.2,0.3,30.9,,,,,,
BASS COAST,2022,400,2828.0,3.0,15,0.3,1.4,0.2,0.3,30.9,,,,,,
BASS COAST,2022,410,2828.0,3.0,15,0.3,1.4,0.2,0.3,30.9,,,,,,
BASS COAST,2022,430,2828.0,3.0,15,0.3,1.4,0.2,0.3,30.9,,,,,,
BASS COAST,2023,445,2950.0,3.0,15,0.3,1.4,0.2,0.3,30.9,,,,,,
BASS COAST,2023,420,2950.0,3.0,15,0.3,1.4,0.2,0.3,30.9,,,,,,
BASS COAST,2023,430,2950.0,3.0,15,0.3,1.4,0.2,0.3,30.9,,,,,,
BASS COAST,2023,450,2950.0,3.0,15,0.3,1.4,0.2,0.3,30.9,,,,,,
BASS COAST,2024,450,3420.0,3.0,15,0.3,1.4,0.2,0.3,30.9,,,,,,
BASS COAST,2024,460,3420.0,3.0,15,0.3,1.4,0.2,0.3,30.9,,,,,,
BASS COAST,2024,460,3420.0,3.0,15,0.3,1.4,0.2,0.3,30.9,,,,,,
BASS COAST,2024,460,3420.0,3.0,15,0.3,1.4,0.2,0.3,30.9,,,,,,
BASS COAST,2025,480,3822.0,3.0,15,0.3,1.4,0.2,0.3,30.9,,,,,,
BASS COAST,2025,480,3822.0,3.0,15,0.3,1.4,0.2,0.3,30.9,,,,,,
BASS COAST,2025,480,3822.0,3.0,15,0.3,1.4,0.2,0.3,30.9,,,,,,
BAW BAW,1999,125,,3.0,37,0.3,0.9,0.1,0.2,23.2,,,,,,
BAW BAW,1999,130,,3.0,37,0.3,0.9,0.1,0.2,23.2,,,,,,
BAW BAW,1999,130,,3.0,37,0.3,0.9,0.1,0.2,23.2,,,,,,
BAW BAW,2000,125,,3.0,37,0.3,0.9,0.1,0.2,23.2,,,,,,
BAW BAW,2000,130,,3.0,37,0.3,0.9,0.1,0.2,23.2,,,,,,
BAW BAW,2000,130,,3.0,37,0.3,0.9,0.1,0.2,23.2,,,,,,
BAW BAW,2000,130,,3.0,37,0.3,0.9,0.1,0.2,23.2,,,,,,
BAW BAW,2001,130,,3.0,37,0.3,0.9,0.1,0.2,23.2,,,,,,
BAW BAW,2001,130,,3.0,37,0.3,0.9,0.1,0.2,23.2,,,,,,
BAW BAW,2001,138,,3.0,37,0.3,0.9,0.1,0.2,23.2,,,,,,
BAW BAW,2001,145,,3.0,37,0.3,0.9,0.1,0.2,23.2,,,,,,
BAW BAW,2002,145,,3.0,37,0.3,0.9,0.1,0.2,23.2,,,,,,
BAW BAW,2002,149,,3.0,37,0.3,0.9,0.1,0.2,23.2,,,,,,
BAW BAW,2002,150,,3.0,37,0.3,0.9,0.1,0.2,23.2,,,,,,
BAW BAW,2002,155,,3.0,37,0.3,0.9,0.1,0.2,23.2,,,,,,
BAW BAW,2003,155,,3.0,37,0.3,0.9,0.1,0.2,23.2,,,,,,
BAW BAW,2003,160,,3.0,37,0.3,0.9,0.1,0.2,23.2,,,,,,
BAW BAW,2003,165,,3.0,37,0.3,0.9,0.1,0.2,23.2,,,,,,
BAW BAW,2003,165,,3.0,37,0.3,0.9,0.1,0.2,23.2,,,,,,
BAW BAW,2004,165,,3.0,37,0.3,0.9,0.1,0.2,23.2,,,,,,
BAW BAW,2004,170,,3.0,37,0.3,0.9,0.1,0.2,23.2,,,,,,
BAW BAW,2004,160,,3.0,37,0.3,0.9,0.1,0.2,23.2,,,,,,
BAW BAW,2004,180,,3.0,37,0.3,0.9,0.1,0.2,23.2,,,,,,
BAW BAW,2005,180,,3.0,37,0.3,0.9,0.1,0.2,23.2,,,,,,
BAW BAW,2005,180,,3.0,37,0.3,0.9,0.1,0.2,23.2,,,,,,
BAW BAW,2005,170,,3.0,37,0.3,0.9,0.1,0.2,23.2,,,,,,
BAW BAW,2005,180,,3.0,37,0.3,0.9,0.1,0.2,23.2,,,,,,
BAW BAW,2006,175,,3.0,37,0.3,0.9,0.1,0.2,23.2,,,,,,
BAW BAW,2006,180,,3.0,37,0.3,0.9,0.1,0.2,23.2,,,,,,
BAW BAW,2006,185,,3.0,37,0.3,0.9,0.1,0.2,23.2,,,,,,
BAW BAW,2006,180,,3.0,37,0.3,0.9,0.1,0.2,23.2,,,,,,
BAW BAW,2007,190,,3.0,37,0.3,0.9,0.1,0.2,23.2,,,,,,
BAW BAW,2007,190,,3.0,37,0.3,0.9,0.1,0.2,23.2,,,,,,
BAW BAW,2007,195,,3.0,37,0.3,0.9,0.1,0.2,23.2,,,,,,
BAW BAW,2007,190,,3.0,37,0.3,0.9,0.1,0.2,23.2,,,,,,
BAW BAW,2008,200,,3.0,37,0.3,0.9,0.1,0.2,23.2,,,,,,
BAW BAW,2008,200,,3.0,37,0.3,0.9,0.1,0.2,23.2,,,,,,
BAW BAW,2008,200,,3.0,37,0.3,0.9,0.1,0.2,23.2,,,,,,
BAW BAW,2008,220,,3.0,37,0.3,0.9,0.1,0.2,23.2,,,,,,
BAW BAW,2009,210,,3.0,37,0.3,0.9,0.1,0.2,23.2,,,,,,
BAW BAW,2009,220,,3.0,37,0.3,0.9,0.1,0.2,23.2,,,,,,
BAW BAW,2009,225,,3.0,37,0.3,0.9,0.1,0.2,23.2,,,,,,
BAW BAW,2009,235,,3.0,37,0.3,0.9,0.1,0.2,23.2,,,,,,
BAW BAW,2010,225,,3.0,37,0.3,0.9,0.1,0.2,23.2,,,,,,
BAW BAW,2010,240,,3.0,37,0.3,0.9,0.1,0.2,23.2,,,,,,
BAW BAW,2010,240,,3.0,37,0.3,0.9,0.1,0.2,23.2,,,,,,
BAW BAW,2010,250,,3.0,37,0.3,0.9,0.1,0.2,23.2,,,,,,
BAW BAW,2011,250,,3.0,37,0.3,0.9,0.1,0.2,23.2,,,,,,
BAW BAW,2011,260,,3.0,37,0.3,0.9,0.1,0.2,23.2,,,,,,
BAW BAW,2011,265,,3.0,37,0.3,0.9,0.1,0.2,23.2,,,,,,
BAW BAW,2011,260,,3.0,37,0.3,0.9,0.1,0.2,23.2,,,,,,
BAW BAW,2012,265,,3.0,37,0.3,0.9,0.1,0.2,23.2,,,,,,
BAW BAW,2012,260,,3.0,37,0.3,0.9,0.1,0.2,23.2,,,,,,
BAW BAW,2012,270,,3.0,37,0.3,0.9,0.1,0.2,23.2,,,,,,
BAW BAW,2012,278,,3.0,37,0.3,0.9,0.1,0.2,23.2,,,,,,
BAW BAW,2013,270,,3.0,37,0.3,0.9,0.1,0.2,23.2,,,,,,
BAW BAW,2013,270,,3.0,37,0.3,0.9,0.1,0.2,23.2,,,,,,
BAW BAW,2013,260,,3.0,37,0.3,0.9,0.1,0.2,23.2,,,,,,
BAW BAW,2013,280,,3.0,37,0.3,0.9,0.1,0.2,23.2,,,,,,
BAW BAW,2014,280,,3.0,37,0.3,0.9,0.1,0.2,23.2,,,,,,
BAW BAW,2014,275,,3.0,37,0.3,0.9,0.1,0.2,23.2,,,,,,
BAW BAW,2014,280,,3.0,37,0.3,0.9,0.1,0.2,23.2,,,,,,
BAW BAW,2014,290,,3.0,37,0.3,0.9,0.1,0.2,23.2,,,,,,
BAW BAW,2015,290,,3.0,37,0.3,0.9,0.1,0.2,23.2,,,,,,
BAW BAW,2015,283,,3.0,37,0.3,0.9,0.1,0.2,23.2,,,,,,
BAW BAW,2015,280,,3.0,37,0.3,0.9,0.1,0.2,23.2,,,,,,
BAW BAW,2015,300,,3.0,37,0.3,0.9,0.1,0.2,23.2,,,,,,
BAW BAW,2016,300,4132.0,3.0,37,0.3,0.9,0.1,0.2,23.2,,,,,,
BAW BAW,2016,300,4132.0,3.0,37,0.3,0.9,0.1,0.2,23.2,,,,,,
BAW BAW,2016,300,4132.0,3.0,37,0.3,0.9,0.1,0.2,23.2,,,,,,
BAW BAW,2016,300,4132.0,3.0,37,0.3,0.9,0.1,0.2,23.2,,,,,,
BAW BAW,2017,300,3761.0,3.0,37,0.3,0.9,0.1,0.2,23.2,,,,,,
BAW BAW,2017,310,3761.0,3.0,37,0.3,0.9,0.1,0.2,23.2,,,,,,
BAW BAW,2017,320,3761.0,3.0,37,0.3,0.9,0.1,0.2,23.2,,,,,,
BAW BAW,2017,320,3761.0,3.0,37,0.3,0.9,0.1,0.2,23.2,,,,,,
BAW BAW,2018,325,4516.0,3.0,37,0.3,0.9,0.1,0.2,23.2,,,,,,
BAW BAW,2018,330,4516.0,3.0,37,0.3,0.9,0.1,0.2,23.2,,,,,,
BAW BAW,2018,330,4516.0,3.0,37,0.3,0.9,0.1,0.2,23.2,,,,,,
BAW BAW,2018,345,4516.0,3.0,37,0.3,0.9,0.1,0.2,23.2,,,,,,
BAW BAW,2019,340,4766.0,3.0,37,0.3,0.9,0.1,0.2,23.2,,,,,,
BAW BAW,2019,350,4766.0,3.0,37,0.3,0.9,0.1,0.2,23.2,,,,,,
BAW BAW,2019,340,4766.0,3.0,37,0.3,0.9,0.1,0.2,23.2,,,,,,
BAW BAW,2019,330,4766.0,3.0,37,0.3,0.9,0.1,0.2,23.2,,,,,,
BAW BAW,2020,360,5090.0,3.0,37,0.3,0.9,0.1,0.2,23.2,,,,,,
BAW BAW,2020,350,5090.0,3.0,37,0.3,0.9,0.1,0.2,23.2,,,,,,
BAW BAW,2020,350,5090.0,3.0,37,0.3,0.9,0.1,0.2,23.2,,,,,,
BAW BAW,2020,370,5090.0,3.0,37,0.3,0.9,0.1,0.2,23.2,,,,,,
BAW BAW,2021,380,4467.0,3.0,37,0.3,0.9,0.1,0.2,23.2,,,,,,
BAW BAW,2021,390,4467.0,3.0,37,0.3,0.9,0.1,0.2,23.2,,,,,,
BAW BAW,2021,395,4467.0,3.0,37,0.3,0.9,0.1,0.2,23.2,,,,,,
BAW BAW,2021,390,4467.0,3.0,37,0.3,0.9,0.1,0.2,23.2,,,,,,
BAW BAW,2022,400,4146.0,3.0,37,0.3,0.9,0.1,0.2,23.2,,,,,,
BAW BAW,2022,400,4146.0,3.0,37,0.3,0.9,0.1,0.2,23.2,,,,,,
BAW BAW,2022,425,4146.0,3.0,37,0.3,0.9,0.1,0.2,23.2,,,,,,
BAW BAW,2022,435,4146.0,3.0,37,0.3,0.9,0.1,0.2,23.2,,,,,,
BAW BAW,2023,448,4506.0,3.0,37,0.3,0.9,0.1,0.2,23.2,,,,,,
BAW BAW,2023,450,4506.0,3.0,37,0.3,0.9,0.1,0.2,23.2,,,,,,
BAW BAW,2023,450,4506.0,3.0,37,0.3,0.9,0.1,0.2,23.2,,,,,,
BAW BAW,2023,450,4506.0,3.0,37,0.3,0.9,0.1,0.2,23.2,,,,,,
BAW BAW,2024,460,5845.0,3.0,37,0.3,0.9,0.1,0.2,23.2,,,,,,
BAW BAW,2024,478,5845.0,3.0,37,0.3,0.9,0.1,0.2,23.2,,,,,,
BAW BAW,2024,480,5845.0,3.0,37,0.3,0.9,0.1,0.2,23.2,,,,,,
BAW BAW,2024,500,5845.0,3.0,37,0.3,0.9,0.1,0.2,23.2,,,,,,
BAW BAW,2025,490,5193.0,3.0,37,0.3,0.9,0.1,0.2,23.2,,,,,,
BAW BAW,2025,520,5193.0,3.0,37,0.3,0.9,0.1,0.2,23.2,,,,,,
BAW BAW,2025,525,5193.0,3.0,37,0.3,0.9,0.1,0.2,23.2,,,,,,
BAYSIDE,1999,250,,4.0,27,0.4,1.6,0.6,0.3,27.1,76 Royal Avenue, Sandringham VIC 3191,-37.9528,145.0106,16.74,18.9
BAYSIDE,1999,265,,4.0,27,0.4,1.6,0.6,0.3,27.1,76 Royal Avenue, Sandringham VIC 3191,-37.9528,145.0106,16.74,18.9
BAYSIDE,1999,255,,4.0,27,0.4,1.6,0.6,0.3,27.1,76 Royal Avenue, Sandringham VIC 3191,-37.9528,145.0106,16.74,18.9
BAYSIDE,2000,268,,4.0,27,0.4,1.6,0.6,0.3,27.1,76 Royal Avenue, Sandringham VIC 3191,-37.9528,145.0106,16.74,18.9
BAYSIDE,2000,270,,4.0,27,0.4,1.6,0.6,0.3,27.1,76 Royal Avenue, Sandringham VIC 3191,-37.9528,145.0106,16.74,18.9
BAYSIDE,2000,275,,4.0,27,0.4,1.6,0.6,0.3,27.1,76 Royal Avenue, Sandringham VIC 3191,-37.9528,145.0106,16.74,18.9
BAYSIDE,2000,280,,4.0,27,0.4,1.6,0.6,0.3,27.1,76 Royal Avenue, Sandringham VIC 3191,-37.9528,145.0106,16.74,18.9
BAYSIDE,2001,290,,4.0,27,0.4,1.6,0.6,0.3,27.1,76 Royal Avenue, Sandringham VIC 3191,-37.9528,145.0106,16.74,18.9
BAYSIDE,2001,275,,4.0,27,0.4,1.6,0.6,0.3,27.1,76 Royal Avenue, Sandringham VIC 3191,-37.9528,145.0106,16.74,18.9
BAYSIDE,2001,290,,4.0,27,0.4,1.6,0.6,0.3,27.1,76 Royal Avenue, Sandringham VIC 3191,-37.9528,145.0106,16.74,18.9
BAYSIDE,2001,288,,4.0,27,0.4,1.6,0.6,0.3,27.1,76 Royal Avenue, Sandringham VIC 3191,-37.9528,145.0106,16.74,18.9
BAYSIDE,2002,295,,4.0,27,0.4,1.6,0.6,0.3,27.1,76 Royal Avenue, Sandringham VIC 3191,-37.9528,145.0106,16.74,18.9
BAYSIDE,2002,290,,4.0,27,0.4,1.6,0.6,0.3,27.1,76 Royal Avenue, Sandringham VIC 3191,-37.9528,145.0106,16.74,18.9
BAYSIDE,2002,280,,4.0,27,0.4,1.6,0.6,0.3,27.1,76 Royal Avenue, Sandringham VIC 3191,-37.9528,145.0106,16.74,18.9
BAYSIDE,2002,298,,4.0,27,0.4,1.6,0.6,0.3,27.1,76 Royal Avenue, Sandringham VIC 3191,-37.9528,145.0106,16.74,18.9
BAYSIDE,2003,290,,4.0,27,0.4,1.6,0.6,0.3,27.1,76 Royal Avenue, Sandringham VIC 3191,-37.9528,145.0106,16.74,18.9
BAYSIDE,2003,285,,4.0,27,0.4,1.6,0.6,0.3,27.1,76 Royal Avenue, Sandringham VIC 3191,-37.9528,145.0106,16.74,18.9
BAYSIDE,2003,290,,4.0,27,0.4,1.6,0.6,0.3,27.1,76 Royal Avenue, Sandringham VIC 3191,-37.9528,145.0106,16.74,18.9
BAYSIDE,2003,300,,4.0,27,0.4,1.6,0.6,0.3,27.1,76 Royal Avenue, Sandringham VIC 3191,-37.9528,145.0106,16.74,18.9
BAYSIDE,2004,298,,4.0,27,0.4,1.6,0.6,0.3,27.1,76 Royal Avenue, Sandringham VIC 3191,-37.9528,145.0106,16.74,18.9
BAYSIDE,2004,295,,4.0,27,0.4,1.6,0.6,0.3,27.1,76 Royal Avenue, Sandringham VIC 3191,-37.9528,145.0106,16.74,18.9
BAYSIDE,2004,300,,4.0,27,0.4,1.6,0.6,0.3,27.1,76 Royal Avenue, Sandringham VIC 3191,-37.9528,145.0106,16.74,18.9
BAYSIDE,2004,300,,4.0,27,0.4,1.6,0.6,0.3,27.1,76 Royal Avenue, Sandringham VIC 3191,-37.9528,145.0106,16.74,18.9
BAYSIDE,2005,300,,4.0,27,0.4,1.6,0.6,0.3,27.1,76 Royal Avenue, Sandringham VIC 3191,-37.9528,145.0106,16.74,18.9
BAYSIDE,2005,300,,4.0,27,0.4,1.6,0.6,0.3,27.1,76 Royal Avenue, Sandringham VIC 3191,-37.9528,145.0106,16.74,18.9
BAYSIDE,2005,330,,4.0,27,0.4,1.6,0.6,0.3,27.1,76 Royal Avenue, Sandringham VIC 3191,-37.9528,145.0106,16.74,18.9
BAYSIDE,2005,310,,4.0,27,0.4,1.6,0.6,0.3,27.1,76 Royal Avenue, Sandringham VIC 3191,-37.9528,145.0106,16.74,18.9
BAYSIDE,2006,338,,4.0,27,0.4,1.6,0.6,0.3,27.1,76 Royal Avenue, Sandringham VIC 3191,-37.9528,145.0106,16.74,18.9
BAYSIDE,2006,340,,4.0,27,0.4,1.6,0.6,0.3,27.1,76 Royal Avenue, Sandringham VIC 3191,-37.9528,145.0106,16.74,18.9
BAYSIDE,2006,350,,4.0,27,0.4,1.6,0.6,0.3,27.1,76 Royal Avenue, Sandringham VIC 3191,-37.9528,145.0106,16.74,18.9
BAYSIDE,2006,350,,4.0,27,0.4,1.6,0.6,0.3,27.1,76 Royal Avenue, Sandringham VIC 3191,-37.9528,145.0106,16.74,18.9
BAYSIDE,2007,380,,4.0,27,0.4,1.6,0.6,0.3,27.1,76 Royal Avenue, Sandringham VIC 3191,-37.9528,145.0106,16.74,18.9
BAYSIDE,2007,360,,4.0,27,0.4,1.6,0.6,0.3,27.1,76 Royal Avenue, Sandringham VIC 3191,-37.9528,145.0106,16.74,18.9
BAYSIDE,2007,390,,4.0,27,0.4,1.6,0.6,0.3,27.1,76 Royal Avenue, Sandringham VIC 3191,-37.9528,145.0106,16.74,18.9
BAYSIDE,2007,380,,4.0,27,0.4,1.6,0.6,0.3,27.1,76 Royal Avenue, Sandringham VIC 3191,-37.9528,145.0106,16.74,18.9
BAYSIDE,2008,448,,4.0,27,0.4,1.6,0.6,0.3,27.1,76 Royal Avenue, Sandringham VIC 3191,-37.9528,145.0106,16.74,18.9
BAYSIDE,2008,420,,4.0,27,0.4,1.6,0.6,0.3,27.1,76 Royal Avenue, Sandringham VIC 3191,-37.9528,145.0106,16.74,18.9
BAYSIDE,2008,435,,4.0,27,0.4,1.6,0.6,0.3,27.1,76 Royal Avenue, Sandringham VIC 3191,-37.9528,145.0106,16.74,18.9
BAYSIDE,2008,425,,4.0,27,0.4,1.6,0.6,0.3,27.1,76 Royal Avenue, Sandringham VIC 3191,-37.9528,145.0106,16.74,18.9
BAYSIDE,2009,450,,4.0,27,0.4,1.6,0.6,0.3,27.1,76 Royal Avenue, Sandringham VIC 3191,-37.9528,145.0106,16.74,18.9
BAYSIDE,2009,450,,4.0,27,0.4,1.6,0.6,0.3,27.1,76 Royal Avenue, Sandringham VIC 3191,-37.9528,145.0106,16.74,18.9
BAYSIDE,2009,448,,4.0,27,0.4,1.6,0.6,0.3,27.1,76 Royal Avenue, Sandringham VIC 3191,-37.9528,145.0106,16.74,18.9
BAYSIDE,2009,450,,4.0,27,0.4,1.6,0.6,0.3,27.1,76 Royal Avenue, Sandringham VIC 3191,-37.9528,145.0106,16.74,18.9
BAYSIDE,2010,480,,4.0,27,0.4,1.6,0.6,0.3,27.1,76 Royal Avenue, Sandringham VIC 3191,-37.9528,145.0106,16.74,18.9
BAYSIDE,2010,450,,4.0,27,0.4,1.6,0.6,0.3,27.1,76 Royal Avenue, Sandringham VIC 3191,-37.9528,145.0106,16.74,18.9
BAYSIDE,2010,460,,4.0,27,0.4,1.6,0.6,0.3,27.1,76 Royal Avenue, Sandringham VIC 3191,-37.9528,145.0106,16.74,18.9
BAYSIDE,2010,460,,4.0,27,0.4,1.6,0.6,0.3,27.1,76 Royal Avenue, Sandringham VIC 3191,-37.9528,145.0106,16.74,18.9
BAYSIDE,2011,480,,4.0,27,0.4,1.6,0.6,0.3,27.1,76 Royal Avenue, Sandringham VIC 3191,-37.9528,145.0106,16.74,18.9
BAYSIDE,2011,495,,4.0,27,0.4,1.6,0.6,0.3,27.1,76 Royal Avenue, Sandringham VIC 3191,-37.9528,145.0106,16.74,18.9
BAYSIDE,2011,490,,4.0,27,0.4,1.6,0.6,0.3,27.1,76 Royal Avenue, Sandringham VIC 3191,-37.9528,145.0106,16.74,18.9
BAYSIDE,2011,485,,4.0,27,0.4,1.6,0.6,0.3,27.1,76 Royal Avenue, Sandringham VIC 3191,-37.9528,145.0106,16.74,18.9
BAYSIDE,2012,500,,4.0,27,0.4,1.6,0.6,0.3,27.1,76 Royal Avenue, Sandringham VIC 3191,-37.9528,145.0106,16.74,18.9
BAYSIDE,2012,500,,4.0,27,0.4,1.6,0.6,0.3,27.1,76 Royal Avenue, Sandringham VIC 3191,-37.9528,145.0106,16.74,18.9
BAYSIDE,2012,500,,4.0,27,0.4,1.6,0.6,0.3,27.1,76 Royal Avenue, Sandringham VIC 3191,-37.9528,145.0106,16.74,18.9
BAYSIDE,2012,480,,4.0,27,0.4,1.6,0.6,0.3,27.1,76 Royal Avenue, Sandringham VIC 3191,-37.9528,145.0106,16.74,18.9
BAYSIDE,2013,483,,4.0,27,0.4,1.6,0.6,0.3,27.1,76 Royal Avenue, Sandringham VIC 3191,-37.9528,145.0106,16.74,18.9
BAYSIDE,2013,495,,4.0,27,0.4,1.6,0.6,0.3,27.1,76 Royal Avenue, Sandringham VIC 3191,-37.9528,145.0106,16.74,18.9
BAYSIDE,2013,475,,4.0,27,0.4,1.6,0.6,0.3,27.1,76 Royal Avenue, Sandringham VIC 3191,-37.9528,145.0106,16.74,18.9
BAYSIDE,2013,495,,4.0,27,0.4,1.6,0.6,0.3,27.1,76 Royal Avenue, Sandringham VIC 3191,-37.9528,145.0106,16.74,18.9
BAYSIDE,2014,500,,4.0,27,0.4,1.6,0.6,0.3,27.1,76 Royal Avenue, Sandringham VIC 3191,-37.9528,145.0106,16.74,18.9
BAYSIDE,2014,493,,4.0,27,0.4,1.6,0.6,0.3,27.1,76 Royal Avenue, Sandringham VIC 3191,-37.9528,145.0106,16.74,18.9
BAYSIDE,2014,514,,4.0,27,0.4,1.6,0.6,0.3,27.1,76 Royal Avenue, Sandringham VIC 3191,-37.9528,145.0106,16.74,18.9
BAYSIDE,2014,515,,4.0,27,0.4,1.6,0.6,0.3,27.1,76 Royal Avenue, Sandringham VIC 3191,-37.9528,145.0106,16.74,18.9
BAYSIDE,2015,480,,4.0,27,0.4,1.6,0.6,0.3,27.1,76 Royal Avenue, Sandringham VIC 3191,-37.9528,145.0106,16.74,18.9
BAYSIDE,2015,485,,4.0,27,0.4,1.6,0.6,0.3,27.1,76 Royal Avenue, Sandringham VIC 3191,-37.9528,145.0106,16.74,18.9
BAYSIDE,2015,510,,4.0,27,0.4,1.6,0.6,0.3,27.1,76 Royal Avenue, Sandringham VIC 3191,-37.9528,145.0106,16.74,18.9
BAYSIDE,2015,520,,4.0,27,0.4,1.6,0.6,0.3,27.1,76 Royal Avenue, Sandringham VIC 3191,-37.9528,145.0106,16.74,18.9
BAYSIDE,2016,520,5374.0,4.0,27,0.4,1.6,0.6,0.3,27.1,76 Royal Avenue, Sandringham VIC 3191,-37.9528,145.0106,16.74,18.9
BAYSIDE,2016,515,5374.0,4.0,27,0.4,1.6,0.6,0.3,27.1,76 Royal Avenue, Sandringham VIC 3191,-37.9528,145.0106,16.74,18.9
BAYSIDE,2016,500,5374.0,4.0,27,0.4,1.6,0.6,0.3,27.1,76 Royal Avenue, Sandringham VIC 3191,-37.9528,145.0106,16.74,18.9
BAYSIDE,2016,530,5374.0,4.0,27,0.4,1.6,0.6,0.3,27.1,76 Royal Avenue, Sandringham VIC 3191,-37.9528,145.0106,16.74,18.9
BAYSIDE,2017,550,4743.0,4.0,27,0.4,1.6,0.6,0.3,27.1,76 Royal Avenue, Sandringham VIC 3191,-37.9528,145.0106,16.74,18.9
BAYSIDE,2017,525,4743.0,4.0,27,0.4,1.6,0.6,0.3,27.1,76 Royal Avenue, Sandringham VIC 3191,-37.9528,145.0106,16.74,18.9
BAYSIDE,2017,550,4743.0,4.0,27,0.4,1.6,0.6,0.3,27.1,76 Royal Avenue, Sandringham VIC 3191,-37.9528,145.0106,16.74,18.9
BAYSIDE,2017,555,4743.0,4.0,27,0.4,1.6,0.6,0.3,27.1,76 Royal Avenue, Sandringham VIC 3191,-37.9528,145.0106,16.74,18.9
BAYSIDE,2018,550,4670.0,4.0,27,0.4,1.6,0.6,0.3,27.1,76 Royal Avenue, Sandringham VIC 3191,-37.9528,145.0106,16.74,18.9
BAYSIDE,2018,520,4670.0,4.0,27,0.4,1.6,0.6,0.3,27.1,76 Royal Avenue, Sandringham VIC 3191,-37.9528,145.0106,16.74,18.9
BAYSIDE,2018,570,4670.0,4.0,27,0.4,1.6,0.6,0.3,27.1,76 Royal Avenue, Sandringham VIC 3191,-37.9528,145.0106,16.74,18.9
BAYSIDE,2018,550,4670.0,4.0,27,0.4,1.6,0.6,0.3,27.1,76 Royal Avenue, Sandringham VIC 3191,-37.9528,145.0106,16.74,18.9
BAYSIDE,2019,575,5071.0,4.0,27,0.4,1.6,0.6,0.3,27.1,76 Royal Avenue, Sandringham VIC 3191,-37.9528,145.0106,16.74,18.9
BAYSIDE,2019,575,5071.0,4.0,27,0.4,1.6,0.6,0.3,27.1,76 Royal Avenue, Sandringham VIC 3191,-37.9528,145.0106,16.74,18.9
BAYSIDE,2019,550,5071.0,4.0,27,0.4,1.6,0.6,0.3,27.1,76 Royal Avenue, Sandringham VIC 3191,-37.9528,145.0106,16.74,18.9
BAYSIDE,2019,550,5071.0,4.0,27,0.4,1.6,0.6,0.3,27.1,76 Royal Avenue, Sandringham VIC 3191,-37.9528,145.0106,16.74,18.9
BAYSIDE,2020,595,5553.0,4.0,27,0.4,1.6,0.6,0.3,27.1,76 Royal Avenue, Sandringham VIC 3191,-37.9528,145.0106,16.74,18.9
BAYSIDE,2020,550,5553.0,4.0,27,0.4,1.6,0.6,0.3,27.1,76 Royal Avenue, Sandringham VIC 3191,-37.9528,145.0106,16.74,18.9
BAYSIDE,2020,595,5553.0,4.0,27,0.4,1.6,0.6,0.3,27.1,76 Royal Avenue, Sandringham VIC 3191,-37.9528,145.0106,16.74,18.9
BAYSIDE,2020,550,5553.0,4.0,27,0.4,1.6,0.6,0.3,27.1,76 Royal Avenue, Sandringham VIC 3191,-37.9528,145.0106,16.74,18.9
BAYSIDE,2021,595,4280.0,4.0,27,0.4,1.6,0.6,0.3,27.1,76 Royal Avenue, Sandringham VIC 3191,-37.9528,145.0106,16.74,18.9
BAYSIDE,2021,550,4280.0,4.0,27,0.4,1.6,0.6,0.3,27.1,76 Royal Avenue, Sandringham VIC 3191,-37.9528,145.0106,16.74,18.9
BAYSIDE,2021,570,4280.0,4.0,27,0.4,1.6,0.6,0.3,27.1,76 Royal Avenue, Sandringham VIC 3191,-37.9528,145.0106,16.74,18.9
BAYSIDE,2021,590,4280.0,4.0,27,0.4,1.6,0.6,0.3,27.1,76 Royal Avenue, Sandringham VIC 3191,-37.9528,145.0106,16.74,18.9
BAYSIDE,2022,588,4946.0,4.0,27,0.4,1.6,0.6,0.3,27.1,76 Royal Avenue, Sandringham VIC 3191,-37.9528,145.0106,16.74,18.9
BAYSIDE,2022,583,4946.0,4.0,27,0.4,1.6,0.6,0.3,27.1,76 Royal Avenue, Sandringham VIC 3191,-37.9528,145.0106,16.74,18.9
BAYSIDE,2022,595,4946.0,4.0,27,0.4,1.6,0.6,0.3,27.1,76 Royal Avenue, Sandringham VIC 3191,-37.9528,145.0106,16.74,18.9
BAYSIDE,2022,600,4946.0,4.0,27,0.4,1.6,0.6,0.3,27.1,76 Royal Avenue, Sandringham VIC 3191,-37.9528,145.0106,16.74,18.9
BAYSIDE,2023,660,5587.0,4.0,27,0.4,1.6,0.6,0.3,27.1,76 Royal Avenue, Sandringham VIC 3191,-37.9528,145.0106,16.74,18.9
BAYSIDE,2023,640,5587.0,4.0,27,0.4,1.6,0.6,0.3,27.1,76 Royal Avenue, Sandringham VIC 3191,-37.9528,145.0106,16.74,18.9
BAYSIDE,2023,680,5587.0,4.0,27,0.4,1.6,0.6,0.3,27.1,76 Royal Avenue, Sandringham VIC 3191,-37.9528,145.0106,16.74,18.9
BAYSIDE,2023,693,5587.0,4.0,27,0.4,1.6,0.6,0.3,27.1,76 Royal Avenue, Sandringham VIC 3191,-37.9528,145.0106,16.74,18.9
BAYSIDE,2024,680,5586.0,4.0,27,0.4,1.6,0.6,0.3,27.1,76 Royal Avenue, Sandringham VIC 3191,-37.9528,145.0106,16.74,18.9
BAYSIDE,2024,628,5586.0,4.0,27,0.4,1.6,0.6,0.3,27.1,76 Royal Avenue, Sandringham VIC 3191,-37.9528,145.0106,16.74,18.9
BAYSIDE,2024,670,5586.0,4.0,27,0.4,1.6,0.6,0.3,27.1,76 Royal Avenue, Sandringham VIC 3191,-37.9528,145.0106,16.74,18.9
BAYSIDE,2024,720,5586.0,4.0,27,0.4,1.6,0.6,0.3,27.1,76 Royal Avenue, Sandringham VIC 3191,-37.9528,145.0106,16.74,18.9
BAYSIDE,2025,720,5554.0,4.0,27,0.4,1.6,0.6,0.3,27.1,76 Royal Avenue, Sandringham VIC 3191,-37.9528,145.0106,16.74,18.9
BAYSIDE,2025,700,5554.0,4.0,27,0.4,1.6,0.6,0.3,27.1,76 Royal Avenue, Sandringham VIC 3191,-37.9528,145.0106,16.74,18.9
BAYSIDE,2025,743,5554.0,4.0,27,0.4,1.6,0.6,0.3,27.1,76 Royal Avenue, Sandringham VIC 3191,-37.9528,145.0106,16.74,18.9
BENALLA,1999,120,,2.0,7,0.2,1.2,0.4,0.3,31.7,,,,,,
BENALLA,1999,123,,2.0,7,0.2,1.2,0.4,0.3,31.7,,,,,,
BENALLA,1999,123,,2.0,7,0.2,1.2,0.4,0.3,31.7,,,,,,
BENALLA,2000,115,,2.0,7,0.2,1.2,0.4,0.3,31.7,,,,,,
BENALLA,2000,130,,2.0,7,0.2,1.2,0.4,0.3,31.7,,,,,,
BENALLA,2000,130,,2.0,7,0.2,1.2,0.4,0.3,31.7,,,,,,
BENALLA,2000,130,,2.0,7,0.2,1.2,0.4,0.3,31.7,,,,,,
BENALLA,2001,128,,2.0,7,0.2,1.2,0.4,0.3,31.7,,,,,,
BENALLA,2001,130,,2.0,7,0.2,1.2,0.4,0.3,31.7,,,,,,
BENALLA,2001,130,,2.0,7,0.2,1.2,0.4,0.3,31.7,,,,,,
BENALLA,2001,135,,2.0,7,0.2,1.2,0.4,0.3,31.7,,,,,,
BENALLA,2002,140,,2.0,7,0.2,1.2,0.4,0.3,31.7,,,,,,
BENALLA,2002,140,,2.0,7,0.2,1.2,0.4,0.3,31.7,,,,,,
BENALLA,2002,140,,2.0,7,0.2,1.2,0.4,0.3,31.7,,,,,,
BENALLA,2002,150,,2.0,7,0.2,1.2,0.4,0.3,31.7,,,,,,
BENALLA,2003,150,,2.0,7,0.2,1.2,0.4,0.3,31.7,,,,,,
BENALLA,2003,150,,2.0,7,0.2,1.2,0.4,0.3,31.7,,,,,,
BENALLA,2003,150,,2.0,7,0.2,1.2,0.4,0.3,31.7,,,,,,
BENALLA,2003,170,,2.0,7,0.2,1.2,0.4,0.3,31.7,,,,,,
BENALLA,2004,160,,2.0,7,0.2,1.2,0.4,0.3,31.7,,,,,,
BENALLA,2004,160,,2.0,7,0.2,1.2,0.4,0.3,31.7,,,,,,
BENALLA,2004,170,,2.0,7,0.2,1.2,0.4,0.3,31.7,,,,,,
BENALLA,2004,170,,2.0,7,0.2,1.2,0.4,0.3,31.7,,,,,,
BENALLA,2005,170,,2.0,7,0.2,1.2,0.4,0.3,31.7,,,,,,
BENALLA,2005,160,,2.0,7,0.2,1.2,0.4,0.3,31.7,,,,,,
BENALLA,2005,160,,2.0,7,0.2,1.2,0.4,0.3,31.7,,,,,,
BENALLA,2005,173,,2.0,7,0.2,1.2,0.4,0.3,31.7,,,,,,
BENALLA,2006,175,,2.0,7,0.2,1.2,0.4,0.3,31.7,,,,,,
BENALLA,2006,180,,2.0,7,0.2,1.2,0.4,0.3,31.7,,,,,,
BENALLA,2006,170,,2.0,7,0.2,1.2,0.4,0.3,31.7,,,,,,
BENALLA,2006,180,,2.0,7,0.2,1.2,0.4,0.3,31.7,,,,,,
BENALLA,2007,180,,2.0,7,0.2,1.2,0.4,0.3,31.7,,,,,,
BENALLA,2007,175,,2.0,7,0.2,1.2,0.4,0.3,31.7,,,,,,
BENALLA,2007,185,,2.0,7,0.2,1.2,0.4,0.3,31.7,,,,,,
BENALLA,2007,175,,2.0,7,0.2,1.2,0.4,0.3,31.7,,,,,,
BENALLA,2008,190,,2.0,7,0.2,1.2,0.4,0.3,31.7,,,,,,
BENALLA,2008,180,,2.0,7,0.2,1.2,0.4,0.3,31.7,,,,,,
BENALLA,2008,200,,2.0,7,0.2,1.2,0.4,0.3,31.7,,,,,,
BENALLA,2008,188,,2.0,7,0.2,1.2,0.4,0.3,31.7,,,,,,
BENALLA,2009,180,,2.0,7,0.2,1.2,0.4,0.3,31.7,,,,,,
BENALLA,2009,193,,2.0,7,0.2,1.2,0.4,0.3,31.7,,,,,,
BENALLA,2009,200,,2.0,7,0.2,1.2,0.4,0.3,31.7,,,,,,
BENALLA,2009,200,,2.0,7,0.2,1.2,0.4,0.3,31.7,,,,,,
BENALLA,2010,200,,2.0,7,0.2,1.2,0.4,0.3,31.7,,,,,,
BENALLA,2010,208,,2.0,7,0.2,1.2,0.4,0.3,31.7,,,,,,
BENALLA,2010,195,,2.0,7,0.2,1.2,0.4,0.3,31.7,,,,,,
BENALLA,2010,200,,2.0,7,0.2,1.2,0.4,0.3,31.7,,,,,,
BENALLA,2011,200,,2.0,7,0.2,1.2,0.4,0.3,31.7,,,,,,
BENALLA,2011,220,,2.0,7,0.2,1.2,0.4,0.3,31.7,,,,,,
BENALLA,2011,210,,2.0,7,0.2,1.2,0.4,0.3,31.7,,,,,,
BENALLA,2011,220,,2.0,7,0.2,1.2,0.4,0.3,31.7,,,,,,
BENALLA,2012,217,,2.0,7,0.2,1.2,0.4,0.3,31.7,,,,,,
BENALLA,2012,225,,2.0,7,0.2,1.2,0.4,0.3,31.7,,,,,,
BENALLA,2012,210,,2.0,7,0.2,1.2,0.4,0.3,31.7,,,,,,
BENALLA,2012,210,,2.0,7,0.2,1.2,0.4,0.3,31.7,,,,,,
BENALLA,2013,220,,2.0,7,0.2,1.2,0.4,0.3,31.7,,,,,,
BENALLA,2013,210,,2.0,7,0.2,1.2,0.4,0.3,31.7,,,,,,
BENALLA,2013,230,,2.0,7,0.2,1.2,0.4,0.3,31.7,,,,,,
BENALLA,2013,225,,2.0,7,0.2,1.2,0.4,0.3,31.7,,,,,,
BENALLA,2014,230,,2.0,7,0.2,1.2,0.4,0.3,31.7,,,,,,
BENALLA,2014,230,,2.0,7,0.2,1.2,0.4,0.3,31.7,,,,,,
BENALLA,2014,228,,2.0,7,0.2,1.2,0.4,0.3,31.7,,,,,,
BENALLA,2014,220,,2.0,7,0.2,1.2,0.4,0.3,31.7,,,,,,
BENALLA,2015,238,,2.0,7,0.2,1.2,0.4,0.3,31.7,,,,,,
BENALLA,2015,220,,2.0,7,0.2,1.2,0.4,0.3,31.7,,,,,,
BENALLA,2015,230,,2.0,7,0.2,1.2,0.4,0.3,31.7,,,,,,
BENALLA,2015,230,,2.0,7,0.2,1.2,0.4,0.3,31.7,,,,,,
BENALLA,2016,230,1605.0,2.0,7,0.2,1.2,0.4,0.3,31.7,,,,,,
BENALLA,2016,240,1605.0,2.0,7,0.2,1.2,0.4,0.3,31.7,,,,,,
BENALLA,2016,240,1605.0,2.0,7,0.2,1.2,0.4,0.3,31.7,,,,,,
BENALLA,2016,230,1605.0,2.0,7,0.2,1.2,0.4,0.3,31.7,,,,,,
BENALLA,2017,240,1293.0,2.0,7,0.2,1.2,0.4,0.3,31.7,,,,,,
BENALLA,2017,250,1293.0,2.0,7,0.2,1.2,0.4,0.3,31.7,,,,,,
BENALLA,2017,250,1293.0,2.0,7,0.2,1.2,0.4,0.3,31.7,,,,,,
BENALLA,2017,255,1293.0,2.0,7,0.2,1.2,0.4,0.3,31.7,,,,,,
BENALLA,2018,250,1191.0,2.0,7,0.2,1.2,0.4,0.3,31.7,,,,,,
BENALLA,2018,250,1191.0,2.0,7,0.2,1.2,0.4,0.3,31.7,,,,,,
BENALLA,2018,260,1191.0,2.0,7,0.2,1.2,0.4,0.3,31.7,,,,,,
BENALLA,2018,300,1191.0,2.0,7,0.2,1.2,0.4,0.3,31.7,,,,,,
BENALLA,2019,300,1308.0,2.0,7,0.2,1.2,0.4,0.3,31.7,,,,,,
BENALLA,2019,280,1308.0,2.0,7,0.2,1.2,0.4,0.3,31.7,,,,,,
BENALLA,2019,305,1308.0,2.0,7,0.2,1.2,0.4,0.3,31.7,,,,,,
BENALLA,2019,300,1308.0,2.0,7,0.2,1.2,0.4,0.3,31.7,,,,,,
BENALLA,2020,320,1408.0,2.0,7,0.2,1.2,0.4,0.3,31.7,,,,,,
BENALLA,2020,300,1408.0,2.0,7,0.2,1.2,0.4,0.3,31.7,,,,,,
BENALLA,2020,305,1408.0,2.0,7,0.2,1.2,0.4,0.3,31.7,,,,,,
BENALLA,2020,325,1408.0,2.0,7,0.2,1.2,0.4,0.3,31.7,,,,,,
BENALLA,2021,345,1420.0,2.0,7,0.2,1.2,0.4,0.3,31.7,,,,,,
BENALLA,2021,350,1420.0,2.0,7,0.2,1.2,0.4,0.3,31.7,,,,,,
BENALLA,2021,350,1420.0,2.0,7,0.2,1.2,0.4,0.3,31.7,,,,,,
BENALLA,2021,360,1420.0,2.0,7,0.2,1.2,0.4,0.3,31.7,,,,,,
BENALLA,2022,397,1324.0,2.0,7,0.2,1.2,0.4,0.3,31.7,,,,,,
BENALLA,2022,380,1324.0,2.0,7,0.2,1.2,0.4,0.3,31.7,,,,,,
BENALLA,2022,370,1324.0,2.0,7,0.2,1.2,0.4,0.3,31.7,,,,,,
BENALLA,2022,400,1324.0,2.0,7,0.2,1.2,0.4,0.3,31.7,,,,,,
BENALLA,2023,400,1518.0,2.0,7,0.2,1.2,0.4,0.3,31.7,,,,,,
BENALLA,2023,395,1518.0,2.0,7,0.2,1.2,0.4,0.3,31.7,,,,,,
BENALLA,2023,400,1518.0,2.0,7,0.2,1.2,0.4,0.3,31.7,,,,,,
BENALLA,2023,398,1518.0,2.0,7,0.2,1.2,0.4,0.3,31.7,,,,,,
BENALLA,2024,420,1930.0,2.0,7,0.2,1.2,0.4,0.3,31.7,,,,,,
BENALLA,2024,435,1930.0,2.0,7,0.2,1.2,0.4,0.3,31.7,,,,,,
BENALLA,2024,430,1930.0,2.0,7,0.2,1.2,0.4,0.3,31.7,,,,,,
BENALLA,2024,430,1930.0,2.0,7,0.2,1.2,0.4,0.3,31.7,,,,,,
BENALLA,2025,450,1556.0,2.0,7,0.2,1.2,0.4,0.3,31.7,,,,,,
BENALLA,2025,450,1556.0,2.0,7,0.2,1.2,0.4,0.3,31.7,,,,,,
BENALLA,2025,450,1556.0,2.0,7,0.2,1.2,0.4,0.3,31.7,,,,,,
BOROONDARA,1999,220,,18.0,57,0.3,1.2,0.6,0.3,21.0,8 Inglesby Road, Camberwell VIC 3124,-37.8366,145.0693,8.61,10.6
BOROONDARA,1999,210,,18.0,57,0.3,1.2,0.6,0.3,21.0,8 Inglesby Road, Camberwell VIC 3124,-37.8366,145.0693,8.61,10.6
BOROONDARA,1999,220,,18.0,57,0.3,1.2,0.6,0.3,21.0,8 Inglesby Road, Camberwell VIC 3124,-37.8366,145.0693,8.61,10.6
BOROONDARA,2000,225,,18.0,57,0.3,1.2,0.6,0.3,21.0,8 Inglesby Road, Camberwell VIC 3124,-37.8366,145.0693,8.61,10.6
BOROONDARA,2000,220,,18.0,57,0.3,1.2,0.6,0.3,21.0,8 Inglesby Road, Camberwell VIC 3124,-37.8366,145.0693,8.61,10.6
BOROONDARA,2000,225,,18.0,57,0.3,1.2,0.6,0.3,21.0,8 Inglesby Road, Camberwell VIC 3124,-37.8366,145.0693,8.61,10.6
BOROONDARA,2000,230,,18.0,57,0.3,1.2,0.6,0.3,21.0,8 Inglesby Road, Camberwell VIC 3124,-37.8366,145.0693,8.61,10.6
BOROONDARA,2001,240,,18.0,57,0.3,1.2,0.6,0.3,21.0,8 Inglesby Road, Camberwell VIC 3124,-37.8366,145.0693,8.61,10.6
BOROONDARA,2001,240,,18.0,57,0.3,1.2,0.6,0.3,21.0,8 Inglesby Road, Camberwell VIC 3124,-37.8366,145.0693,8.61,10.6
BOROONDARA,2001,240,,18.0,57,0.3,1.2,0.6,0.3,21.0,8 Inglesby Road, Camberwell VIC 3124,-37.8366,145.0693,8.61,10.6
BOROONDARA,2001,240,,18.0,57,0.3,1.2,0.6,0.3,21.0,8 Inglesby Road, Camberwell VIC 3124,-37.8366,145.0693,8.61,10.6
BOROONDARA,2002,240,,18.0,57,0.3,1.2,0.6,0.3,21.0,8 Inglesby Road, Camberwell VIC 3124,-37.8366,145.0693,8.61,10.6
BOROONDARA,2002,250,,18.0,57,0.3,1.2,0.6,0.3,21.0,8 Inglesby Road, Camberwell VIC 3124,-37.8366,145.0693,8.61,10.6
BOROONDARA,2002,245,,18.0,57,0.3,1.2,0.6,0.3,21.0,8 Inglesby Road, Camberwell VIC 3124,-37.8366,145.0693,8.61,10.6
BOROONDARA,2002,250,,18.0,57,0.3,1.2,0.6,0.3,21.0,8 Inglesby Road, Camberwell VIC 3124,-37.8366,145.0693,8.61,10.6
BOROONDARA,2003,250,,18.0,57,0.3,1.2,0.6,0.3,21.0,8 Inglesby Road, Camberwell VIC 3124,-37.8366,145.0693,8.61,10.6
BOROONDARA,2003,250,,18.0,57,0.3,1.2,0.6,0.3,21.0,8 Inglesby Road, Camberwell VIC 3124,-37.8366,145.0693,8.61,10.6
BOROONDARA,2003,250,,18.0,57,0.3,1.2,0.6,0.3,21.0,8 Inglesby Road, Camberwell VIC 3124,-37.8366,145.0693,8.61,10.6
BOROONDARA,2003,250,,18.0,57,0.3,1.2,0.6,0.3,21.0,8 Inglesby Road, Camberwell VIC 3124,-37.8366,145.0693,8.61,10.6
BOROONDARA,2004,250,,18.0,57,0.3,1.2,0.6,0.3,21.0,8 Inglesby Road, Camberwell VIC 3124,-37.8366,145.0693,8.61,10.6
BOROONDARA,2004,250,,18.0,57,0.3,1.2,0.6,0.3,21.0,8 Inglesby Road, Camberwell VIC 3124,-37.8366,145.0693,8.61,10.6
BOROONDARA,2004,255,,18.0,57,0.3,1.2,0.6,0.3,21.0,8 Inglesby Road, Camberwell VIC 3124,-37.8366,145.0693,8.61,10.6
BOROONDARA,2004,270,,18.0,57,0.3,1.2,0.6,0.3,21.0,8 Inglesby Road, Camberwell VIC 3124,-37.8366,145.0693,8.61,10.6
BOROONDARA,2005,260,,18.0,57,0.3,1.2,0.6,0.3,21.0,8 Inglesby Road, Camberwell VIC 3124,-37.8366,145.0693,8.61,10.6
BOROONDARA,2005,260,,18.0,57,0.3,1.2,0.6,0.3,21.0,8 Inglesby Road, Camberwell VIC 3124,-37.8366,145.0693,8.61,10.6
BOROONDARA,2005,260,,18.0,57,0.3,1.2,0.6,0.3,21.0,8 Inglesby Road, Camberwell VIC 3124,-37.8366,145.0693,8.61,10.6
BOROONDARA,2005,270,,18.0,57,0.3,1.2,0.6,0.3,21.0,8 Inglesby Road, Camberwell VIC 3124,-37.8366,145.0693,8.61,10.6
BOROONDARA,2006,270,,18.0,57,0.3,1.2,0.6,0.3,21.0,8 Inglesby Road, Camberwell VIC 3124,-37.8366,145.0693,8.61,10.6
BOROONDARA,2006,275,,18.0,57,0.3,1.2,0.6,0.3,21.0,8 Inglesby Road, Camberwell VIC 3124,-37.8366,145.0693,8.61,10.6
BOROONDARA,2006,280,,18.0,57,0.3,1.2,0.6,0.3,21.0,8 Inglesby Road, Camberwell VIC 3124,-37.8366,145.0693,8.61,10.6
BOROONDARA,2006,290,,18.0,57,0.3,1.2,0.6,0.3,21.0,8 Inglesby Road, Camberwell VIC 3124,-37.8366,145.0693,8.61,10.6
BOROONDARA,2007,305,,18.0,57,0.3,1.2,0.6,0.3,21.0,8 Inglesby Road, Camberwell VIC 3124,-37.8366,145.0693,8.61,10.6
BOROONDARA,2007,300,,18.0,57,0.3,1.2,0.6,0.3,21.0,8 Inglesby Road, Camberwell VIC 3124,-37.8366,145.0693,8.61,10.6
BOROONDARA,2007,320,,18.0,57,0.3,1.2,0.6,0.3,21.0,8 Inglesby Road, Camberwell VIC 3124,-37.8366,145.0693,8.61,10.6
BOROONDARA,2007,340,,18.0,57,0.3,1.2,0.6,0.3,21.0,8 Inglesby Road, Camberwell VIC 3124,-37.8366,145.0693,8.61,10.6
BOROONDARA,2008,350,,18.0,57,0.3,1.2,0.6,0.3,21.0,8 Inglesby Road, Camberwell VIC 3124,-37.8366,145.0693,8.61,10.6
BOROONDARA,2008,350,,18.0,57,0.3,1.2,0.6,0.3,21.0,8 Inglesby Road, Camberwell VIC 3124,-37.8366,145.0693,8.61,10.6
BOROONDARA,2008,350,,18.0,57,0.3,1.2,0.6,0.3,21.0,8 Inglesby Road, Camberwell VIC 3124,-37.8366,145.0693,8.61,10.6
BOROONDARA,2008,371,,18.0,57,0.3,1.2,0.6,0.3,21.0,8 Inglesby Road, Camberwell VIC 3124,-37.8366,145.0693,8.61,10.6
BOROONDARA,2009,360,,18.0,57,0.3,1.2,0.6,0.3,21.0,8 Inglesby Road, Camberwell VIC 3124,-37.8366,145.0693,8.61,10.6
BOROONDARA,2009,370,,18.0,57,0.3,1.2,0.6,0.3,21.0,8 Inglesby Road, Camberwell VIC 3124,-37.8366,145.0693,8.61,10.6
BOROONDARA,2009,360,,18.0,57,0.3,1.2,0.6,0.3,21.0,8 Inglesby Road, Camberwell VIC 3124,-37.8366,145.0693,8.61,10.6
BOROONDARA,2009,380,,18.0,57,0.3,1.2,0.6,0.3,21.0,8 Inglesby Road, Camberwell VIC 3124,-37.8366,145.0693,8.61,10.6
BOROONDARA,2010,380,,18.0,57,0.3,1.2,0.6,0.3,21.0,8 Inglesby Road, Camberwell VIC 3124,-37.8366,145.0693,8.61,10.6
BOROONDARA,2010,380,,18.0,57,0.3,1.2,0.6,0.3,21.0,8 Inglesby Road, Camberwell VIC 3124,-37.8366,145.0693,8.61,10.6
BOROONDARA,2010,390,,18.0,57,0.3,1.2,0.6,0.3,21.0,8 Inglesby Road, Camberwell VIC 3124,-37.8366,145.0693,8.61,10.6
BOROONDARA,2010,390,,18.0,57,0.3,1.2,0.6,0.3,21.0,8 Inglesby Road, Camberwell VIC 3124,-37.8366,145.0693,8.61,10.6
BOROONDARA,2011,395,,18.0,57,0.3,1.2,0.6,0.3,21.0,8 Inglesby Road, Camberwell VIC 3124,-37.8366,145.0693,8.61,10.6
BOROONDARA,2011,400,,18.0,57,0.3,1.2,0.6,0.3,21.0,8 Inglesby Road, Camberwell VIC 3124,-37.8366,145.0693,8.61,10.6
BOROONDARA,2011,400,,18.0,57,0.3,1.2,0.6,0.3,21.0,8 Inglesby Road, Camberwell VIC 3124,-37.8366,145.0693,8.61,10.6
BOROONDARA,2011,400,,18.0,57,0.3,1.2,0.6,0.3,21.0,8 Inglesby Road, Camberwell VIC 3124,-37.8366,145.0693,8.61,10.6
BOROONDARA,2012,400,,18.0,57,0.3,1.2,0.6,0.3,21.0,8 Inglesby Road, Camberwell VIC 3124,-37.8366,145.0693,8.61,10.6
BOROONDARA,2012,405,,18.0,57,0.3,1.2,0.6,0.3,21.0,8 Inglesby Road, Camberwell VIC 3124,-37.8366,145.0693,8.61,10.6
BOROONDARA,2012,400,,18.0,57,0.3,1.2,0.6,0.3,21.0,8 Inglesby Road, Camberwell VIC 3124,-37.8366,145.0693,8.61,10.6
BOROONDARA,2012,410,,18.0,57,0.3,1.2,0.6,0.3,21.0,8 Inglesby Road, Camberwell VIC 3124,-37.8366,145.0693,8.61,10.6
BOROONDARA,2013,400,,18.0,57,0.3,1.2,0.6,0.3,21.0,8 Inglesby Road, Camberwell VIC 3124,-37.8366,145.0693,8.61,10.6
BOROONDARA,2013,405,,18.0,57,0.3,1.2,0.6,0.3,21.0,8 Inglesby Road, Camberwell VIC 3124,-37.8366,145.0693,8.61,10.6
BOROONDARA,2013,400,,18.0,57,0.3,1.2,0.6,0.3,21.0,8 Inglesby Road, Camberwell VIC 3124,-37.8366,145.0693,8.61,10.6
BOROONDARA,2013,420,,18.0,57,0.3,1.2,0.6,0.3,21.0,8 Inglesby Road, Camberwell VIC 3124,-37.8366,145.0693,8.61,10.6
BOROONDARA,2014,400,,18.0,57,0.3,1.2,0.6,0.3,21.0,8 Inglesby Road, Camberwell VIC 3124,-37.8366,145.0693,8.61,10.6
BOROONDARA,2014,400,,18.0,57,0.3,1.2,0.6,0.3,21.0,8 Inglesby Road, Camberwell VIC 3124,-37.8366,145.0693,8.61,10.6
BOROONDARA,2014,400,,18.0,57,0.3,1.2,0.6,0.3,21.0,8 Inglesby Road, Camberwell VIC 3124,-37.8366,145.0693,8.61,10.6
BOROONDARA,2014,420,,18.0,57,0.3,1.2,0.6,0.3,21.0,8 Inglesby Road, Camberwell VIC 3124,-37.8366,145.0693,8.61,10.6
BOROONDARA,2015,420,,18.0,57,0.3,1.2,0.6,0.3,21.0,8 Inglesby Road, Camberwell VIC 3124,-37.8366,145.0693,8.61,10.6
BOROONDARA,2015,420,,18.0,57,0.3,1.2,0.6,0.3,21.0,8 Inglesby Road, Camberwell VIC 3124,-37.8366,145.0693,8.61,10.6
BOROONDARA,2015,430,,18.0,57,0.3,1.2,0.6,0.3,21.0,8 Inglesby Road, Camberwell VIC 3124,-37.8366,145.0693,8.61,10.6
BOROONDARA,2015,420,,18.0,57,0.3,1.2,0.6,0.3,21.0,8 Inglesby Road, Camberwell VIC 3124,-37.8366,145.0693,8.61,10.6
BOROONDARA,2016,430,8420.0,18.0,57,0.3,1.2,0.6,0.3,21.0,8 Inglesby Road, Camberwell VIC 3124,-37.8366,145.0693,8.61,10.6
BOROONDARA,2016,440,8420.0,18.0,57,0.3,1.2,0.6,0.3,21.0,8 Inglesby Road, Camberwell VIC 3124,-37.8366,145.0693,8.61,10.6
BOROONDARA,2016,445,8420.0,18.0,57,0.3,1.2,0.6,0.3,21.0,8 Inglesby Road, Camberwell VIC 3124,-37.8366,145.0693,8.61,10.6
BOROONDARA,2016,450,8420.0,18.0,57,0.3,1.2,0.6,0.3,21.0,8 Inglesby Road, Camberwell VIC 3124,-37.8366,145.0693,8.61,10.6
BOROONDARA,2017,440,7336.0,18.0,57,0.3,1.2,0.6,0.3,21.0,8 Inglesby Road, Camberwell VIC 3124,-37.8366,145.0693,8.61,10.6
BOROONDARA,2017,450,7336.0,18.0,57,0.3,1.2,0.6,0.3,21.0,8 Inglesby Road, Camberwell VIC 3124,-37.8366,145.0693,8.61,10.6
BOROONDARA,2017,450,7336.0,18.0,57,0.3,1.2,0.6,0.3,21.0,8 Inglesby Road, Camberwell VIC 3124,-37.8366,145.0693,8.61,10.6
BOROONDARA,2017,465,7336.0,18.0,57,0.3,1.2,0.6,0.3,21.0,8 Inglesby Road, Camberwell VIC 3124,-37.8366,145.0693,8.61,10.6
BOROONDARA,2018,460,6958.0,18.0,57,0.3,1.2,0.6,0.3,21.0,8 Inglesby Road, Camberwell VIC 3124,-37.8366,145.0693,8.61,10.6
BOROONDARA,2018,465,6958.0,18.0,57,0.3,1.2,0.6,0.3,21.0,8 Inglesby Road, Camberwell VIC 3124,-37.8366,145.0693,8.61,10.6
BOROONDARA,2018,463,6958.0,18.0,57,0.3,1.2,0.6,0.3,21.0,8 Inglesby Road, Camberwell VIC 3124,-37.8366,145.0693,8.61,10.6
BOROONDARA,2018,480,6958.0,18.0,57,0.3,1.2,0.6,0.3,21.0,8 Inglesby Road, Camberwell VIC 3124,-37.8366,145.0693,8.61,10.6
BOROONDARA,2019,460,8145.0,18.0,57,0.3,1.2,0.6,0.3,21.0,8 Inglesby Road, Camberwell VIC 3124,-37.8366,145.0693,8.61,10.6
BOROONDARA,2019,475,8145.0,18.0,57,0.3,1.2,0.6,0.3,21.0,8 Inglesby Road, Camberwell VIC 3124,-37.8366,145.0693,8.61,10.6
BOROONDARA,2019,475,8145.0,18.0,57,0.3,1.2,0.6,0.3,21.0,8 Inglesby Road, Camberwell VIC 3124,-37.8366,145.0693,8.61,10.6
BOROONDARA,2019,485,8145.0,18.0,57,0.3,1.2,0.6,0.3,21.0,8 Inglesby Road, Camberwell VIC 3124,-37.8366,145.0693,8.61,10.6
BOROONDARA,2020,480,8025.0,18.0,57,0.3,1.2,0.6,0.3,21.0,8 Inglesby Road, Camberwell VIC 3124,-37.8366,145.0693,8.61,10.6
BOROONDARA,2020,470,8025.0,18.0,57,0.3,1.2,0.6,0.3,21.0,8 Inglesby Road, Camberwell VIC 3124,-37.8366,145.0693,8.61,10.6
BOROONDARA,2020,450,8025.0,18.0,57,0.3,1.2,0.6,0.3,21.0,8 Inglesby Road, Camberwell VIC 3124,-37.8366,145.0693,8.61,10.6
BOROONDARA,2020,445,8025.0,18.0,57,0.3,1.2,0.6,0.3,21.0,8 Inglesby Road, Camberwell VIC 3124,-37.8366,145.0693,8.61,10.6
BOROONDARA,2021,430,7468.0,18.0,57,0.3,1.2,0.6,0.3,21.0,8 Inglesby Road, Camberwell VIC 3124,-37.8366,145.0693,8.61,10.6
BOROONDARA,2021,400,7468.0,18.0,57,0.3,1.2,0.6,0.3,21.0,8 Inglesby Road, Camberwell VIC 3124,-37.8366,145.0693,8.61,10.6
BOROONDARA,2021,415,7468.0,18.0,57,0.3,1.2,0.6,0.3,21.0,8 Inglesby Road, Camberwell VIC 3124,-37.8366,145.0693,8.61,10.6
BOROONDARA,2021,440,7468.0,18.0,57,0.3,1.2,0.6,0.3,21.0,8 Inglesby Road, Camberwell VIC 3124,-37.8366,145.0693,8.61,10.6
BOROONDARA,2022,430,7091.0,18.0,57,0.3,1.2,0.6,0.3,21.0,8 Inglesby Road, Camberwell VIC 3124,-37.8366,145.0693,8.61,10.6
BOROONDARA,2022,440,7091.0,18.0,57,0.3,1.2,0.6,0.3,21.0,8 Inglesby Road, Camberwell VIC 3124,-37.8366,145.0693,8.61,10.6
BOROONDARA,2022,450,7091.0,18.0,57,0.3,1.2,0.6,0.3,21.0,8 Inglesby Road, Camberwell VIC 3124,-37.8366,145.0693,8.61,10.6
BOROONDARA,2022,485,7091.0,18.0,57,0.3,1.2,0.6,0.3,21.0,8 Inglesby Road, Camberwell VIC 3124,-37.8366,145.0693,8.61,10.6
BOROONDARA,2023,520,7869.0,18.0,57,0.3,1.2,0.6,0.3,21.0,8 Inglesby Road, Camberwell VIC 3124,-37.8366,145.0693,8.61,10.6
BOROONDARA,2023,550,7869.0,18.0,57,0.3,1.2,0.6,0.3,21.0,8 Inglesby Road, Camberwell VIC 3124,-37.8366,145.0693,8.61,10.6
BOROONDARA,2023,550,7869.0,18.0,57,0.3,1.2,0.6,0.3,21.0,8 Inglesby Road, Camberwell VIC 3124,-37.8366,145.0693,8.61,10.6
BOROONDARA,2023,575,7869.0,18.0,57,0.3,1.2,0.6,0.3,21.0,8 Inglesby Road, Camberwell VIC 3124,-37.8366,145.0693,8.61,10.6
BOROONDARA,2024,600,8804.0,18.0,57,0.3,1.2,0.6,0.3,21.0,8 Inglesby Road, Camberwell VIC 3124,-37.8366,145.0693,8.61,10.6
BOROONDARA,2024,600,8804.0,18.0,57,0.3,1.2,0.6,0.3,21.0,8 Inglesby Road, Camberwell VIC 3124,-37.8366,145.0693,8.61,10.6
BOROONDARA,2024,600,8804.0,18.0,57,0.3,1.2,0.6,0.3,21.0,8 Inglesby Road, Camberwell VIC 3124,-37.8366,145.0693,8.61,10.6
BOROONDARA,2024,600,8804.0,18.0,57,0.3,1.2,0.6,0.3,21.0,8 Inglesby Road, Camberwell VIC 3124,-37.8366,145.0693,8.61,10.6
BOROONDARA,2025,620,9964.0,18.0,57,0.3,1.2,0.6,0.3,21.0,8 Inglesby Road, Camberwell VIC 3124,-37.8366,145.0693,8.61,10.6
BOROONDARA,2025,630,9964.0,18.0,57,0.3,1.2,0.6,0.3,21.0,8 Inglesby Road, Camberwell VIC 3124,-37.8366,145.0693,8.61,10.6
BOROONDARA,2025,630,9964.0,18.0,57,0.3,1.2,0.6,0.3,21.0,8 Inglesby Road, Camberwell VIC 3124,-37.8366,145.0693,8.61,10.6
BRIMBANK,1999,150,,2.0,59,0.4,0.5,0.2,0.2,25.4,301 Hampshire Rd, Sunshine VIC 3020,-37.781,144.8325,12.13,13.9
BRIMBANK,1999,155,,2.0,59,0.4,0.5,0.2,0.2,25.4,301 Hampshire Rd, Sunshine VIC 3020,-37.781,144.8325,12.13,13.9
BRIMBANK,1999,155,,2.0,59,0.4,0.5,0.2,0.2,25.4,301 Hampshire Rd, Sunshine VIC 3020,-37.781,144.8325,12.13,13.9
BRIMBANK,2000,155,,2.0,59,0.4,0.5,0.2,0.2,25.4,301 Hampshire Rd, Sunshine VIC 3020,-37.781,144.8325,12.13,13.9
BRIMBANK,2000,160,,2.0,59,0.4,0.5,0.2,0.2,25.4,301 Hampshire Rd, Sunshine VIC 3020,-37.781,144.8325,12.13,13.9
BRIMBANK,2000,165,,2.0,59,0.4,0.5,0.2,0.2,25.4,301 Hampshire Rd, Sunshine VIC 3020,-37.781,144.8325,12.13,13.9
BRIMBANK,2000,165,,2.0,59,0.4,0.5,0.2,0.2,25.4,301 Hampshire Rd, Sunshine VIC 3020,-37.781,144.8325,12.13,13.9
BRIMBANK,2001,160,,2.0,59,0.4,0.5,0.2,0.2,25.4,301 Hampshire Rd, Sunshine VIC 3020,-37.781,144.8325,12.13,13.9
BRIMBANK,2001,165,,2.0,59,0.4,0.5,0.2,0.2,25.4,301 Hampshire Rd, Sunshine VIC 3020,-37.781,144.8325,12.13,13.9
BRIMBANK,2001,165,,2.0,59,0.4,0.5,0.2,0.2,25.4,301 Hampshire Rd, Sunshine VIC 3020,-37.781,144.8325,12.13,13.9
BRIMBANK,2001,170,,2.0,59,0.4,0.5,0.2,0.2,25.4,301 Hampshire Rd, Sunshine VIC 3020,-37.781,144.8325,12.13,13.9
BRIMBANK,2002,175,,2.0,59,0.4,0.5,0.2,0.2,25.4,301 Hampshire Rd, Sunshine VIC 3020,-37.781,144.8325,12.13,13.9
BRIMBANK,2002,175,,2.0,59,0.4,0.5,0.2,0.2,25.4,301 Hampshire Rd, Sunshine VIC 3020,-37.781,144.8325,12.13,13.9
BRIMBANK,2002,170,,2.0,59,0.4,0.5,0.2,0.2,25.4,301 Hampshire Rd, Sunshine VIC 3020,-37.781,144.8325,12.13,13.9
BRIMBANK,2002,175,,2.0,59,0.4,0.5,0.2,0.2,25.4,301 Hampshire Rd, Sunshine VIC 3020,-37.781,144.8325,12.13,13.9
BRIMBANK,2003,180,,2.0,59,0.4,0.5,0.2,0.2,25.4,301 Hampshire Rd, Sunshine VIC 3020,-37.781,144.8325,12.13,13.9
BRIMBANK,2003,175,,2.0,59,0.4,0.5,0.2,0.2,25.4,301 Hampshire Rd, Sunshine VIC 3020,-37.781,144.8325,12.13,13.9
BRIMBANK,2003,180,,2.0,59,0.4,0.5,0.2,0.2,25.4,301 Hampshire Rd, Sunshine VIC 3020,-37.781,144.8325,12.13,13.9
BRIMBANK,2003,180,,2.0,59,0.4,0.5,0.2,0.2,25.4,301 Hampshire Rd, Sunshine VIC 3020,-37.781,144.8325,12.13,13.9
BRIMBANK,2004,175,,2.0,59,0.4,0.5,0.2,0.2,25.4,301 Hampshire Rd, Sunshine VIC 3020,-37.781,144.8325,12.13,13.9
BRIMBANK,2004,180,,2.0,59,0.4,0.5,0.2,0.2,25.4,301 Hampshire Rd, Sunshine VIC 3020,-37.781,144.8325,12.13,13.9
BRIMBANK,2004,180,,2.0,59,0.4,0.5,0.2,0.2,25.4,301 Hampshire Rd, Sunshine VIC 3020,-37.781,144.8325,12.13,13.9
BRIMBANK,2004,180,,2.0,59,0.4,0.5,0.2,0.2,25.4,301 Hampshire Rd, Sunshine VIC 3020,-37.781,144.8325,12.13,13.9
BRIMBANK,2005,180,,2.0,59,0.4,0.5,0.2,0.2,25.4,301 Hampshire Rd, Sunshine VIC 3020,-37.781,144.8325,12.13,13.9
BRIMBANK,2005,185,,2.0,59,0.4,0.5,0.2,0.2,25.4,301 Hampshire Rd, Sunshine VIC 3020,-37.781,144.8325,12.13,13.9
BRIMBANK,2005,180,,2.0,59,0.4,0.5,0.2,0.2,25.4,301 Hampshire Rd, Sunshine VIC 3020,-37.781,144.8325,12.13,13.9
BRIMBANK,2005,190,,2.0,59,0.4,0.5,0.2,0.2,25.4,301 Hampshire Rd, Sunshine VIC 3020,-37.781,144.8325,12.13,13.9
BRIMBANK,2006,185,,2.0,59,0.4,0.5,0.2,0.2,25.4,301 Hampshire Rd, Sunshine VIC 3020,-37.781,144.8325,12.13,13.9
BRIMBANK,2006,190,,2.0,59,0.4,0.5,0.2,0.2,25.4,301 Hampshire Rd, Sunshine VIC 3020,-37.781,144.8325,12.13,13.9
BRIMBANK,2006,195,,2.0,59,0.4,0.5,0.2,0.2,25.4,301 Hampshire Rd, Sunshine VIC 3020,-37.781,144.8325,12.13,13.9
BRIMBANK,2006,200,,2.0,59,0.4,0.5,0.2,0.2,25.4,301 Hampshire Rd, Sunshine VIC 3020,-37.781,144.8325,12.13,13.9
BRIMBANK,2007,200,,2.0,59,0.4,0.5,0.2,0.2,25.4,301 Hampshire Rd, Sunshine VIC 3020,-37.781,144.8325,12.13,13.9
BRIMBANK,2007,210,,2.0,59,0.4,0.5,0.2,0.2,25.4,301 Hampshire Rd, Sunshine VIC 3020,-37.781,144.8325,12.13,13.9
BRIMBANK,2007,220,,2.0,59,0.4,0.5,0.2,0.2,25.4,301 Hampshire Rd, Sunshine VIC 3020,-37.781,144.8325,12.13,13.9
BRIMBANK,2007,220,,2.0,59,0.4,0.5,0.2,0.2,25.4,301 Hampshire Rd, Sunshine VIC 3020,-37.781,144.8325,12.13,13.9
BRIMBANK,2008,240,,2.0,59,0.4,0.5,0.2,0.2,25.4,301 Hampshire Rd, Sunshine VIC 3020,-37.781,144.8325,12.13,13.9
BRIMBANK,2008,250,,2.0,59,0.4,0.5,0.2,0.2,25.4,301 Hampshire Rd, Sunshine VIC 3020,-37.781,144.8325,12.13,13.9
BRIMBANK,2008,260,,2.0,59,0.4,0.5,0.2,0.2,25.4,301 Hampshire Rd, Sunshine VIC 3020,-37.781,144.8325,12.13,13.9
BRIMBANK,2008,270,,2.0,59,0.4,0.5,0.2,0.2,25.4,301 Hampshire Rd, Sunshine VIC 3020,-37.781,144.8325,12.13,13.9
BRIMBANK,2009,270,,2.0,59,0.4,0.5,0.2,0.2,25.4,301 Hampshire Rd, Sunshine VIC 3020,-37.781,144.8325,12.13,13.9
BRIMBANK,2009,280,,2.0,59,0.4,0.5,0.2,0.2,25.4,301 Hampshire Rd, Sunshine VIC 3020,-37.781,144.8325,12.13,13.9
BRIMBANK,2009,280,,2.0,59,0.4,0.5,0.2,0.2,25.4,301 Hampshire Rd, Sunshine VIC 3020,-37.781,144.8325,12.13,13.9
BRIMBANK,2009,280,,2.0,59,0.4,0.5,0.2,0.2,25.4,301 Hampshire Rd, Sunshine VIC 3020,-37.781,144.8325,12.13,13.9
BRIMBANK,2010,290,,2.0,59,0.4,0.5,0.2,0.2,25.4,301 Hampshire Rd, Sunshine VIC 3020,-37.781,144.8325,12.13,13.9
BRIMBANK,2010,290,,2.0,59,0.4,0.5,0.2,0.2,25.4,301 Hampshire Rd, Sunshine VIC 3020,-37.781,144.8325,12.13,13.9
BRIMBANK,2010,295,,2.0,59,0.4,0.5,0.2,0.2,25.4,301 Hampshire Rd, Sunshine VIC 3020,-37.781,144.8325,12.13,13.9
BRIMBANK,2010,300,,2.0,59,0.4,0.5,0.2,0.2,25.4,301 Hampshire Rd, Sunshine VIC 3020,-37.781,144.8325,12.13,13.9
BRIMBANK,2011,300,,2.0,59,0.4,0.5,0.2,0.2,25.4,301 Hampshire Rd, Sunshine VIC 3020,-37.781,144.8325,12.13,13.9
BRIMBANK,2011,295,,2.0,59,0.4,0.5,0.2,0.2,25.4,301 Hampshire Rd, Sunshine VIC 3020,-37.781,144.8325,12.13,13.9
BRIMBANK,2011,300,,2.0,59,0.4,0.5,0.2,0.2,25.4,301 Hampshire Rd, Sunshine VIC 3020,-37.781,144.8325,12.13,13.9
BRIMBANK,2011,300,,2.0,59,0.4,0.5,0.2,0.2,25.4,301 Hampshire Rd, Sunshine VIC 3020,-37.781,144.8325,12.13,13.9
BRIMBANK,2012,300,,2.0,59,0.4,0.5,0.2,0.2,25.4,301 Hampshire Rd, Sunshine VIC 3020,-37.781,144.8325,12.13,13.9
BRIMBANK,2012,300,,2.0,59,0.4,0.5,0.2,0.2,25.4,301 Hampshire Rd, Sunshine VIC 3020,-37.781,144.8325,12.13,13.9
BRIMBANK,2012,300,,2.0,59,0.4,0.5,0.2,0.2,25.4,301 Hampshire Rd, Sunshine VIC 3020,-37.781,144.8325,12.13,13.9
BRIMBANK,2012,300,,2.0,59,0.4,0.5,0.2,0.2,25.4,301 Hampshire Rd, Sunshine VIC 3020,-37.781,144.8325,12.13,13.9
BRIMBANK,2013,300,,2.0,59,0.4,0.5,0.2,0.2,25.4,301 Hampshire Rd, Sunshine VIC 3020,-37.781,144.8325,12.13,13.9
BRIMBANK,2013,300,,2.0,59,0.4,0.5,0.2,0.2,25.4,301 Hampshire Rd, Sunshine VIC 3020,-37.781,144.8325,12.13,13.9
BRIMBANK,2013,310,,2.0,59,0.4,0.5,0.2,0.2,25.4,301 Hampshire Rd, Sunshine VIC 3020,-37.781,144.8325,12.13,13.9
BRIMBANK,2013,310,,2.0,59,0.4,0.5,0.2,0.2,25.4,301 Hampshire Rd, Sunshine VIC 3020,-37.781,144.8325,12.13,13.9
BRIMBANK,2014,310,,2.0,59,0.4,0.5,0.2,0.2,25.4,301 Hampshire Rd, Sunshine VIC 3020,-37.781,144.8325,12.13,13.9
BRIMBANK,2014,310,,2.0,59,0.4,0.5,0.2,0.2,25.4,301 Hampshire Rd, Sunshine VIC 3020,-37.781,144.8325,12.13,13.9
BRIMBANK,2014,320,,2.0,59,0.4,0.5,0.2,0.2,25.4,301 Hampshire Rd, Sunshine VIC 3020,-37.781,144.8325,12.13,13.9
BRIMBANK,2014,320,,2.0,59,0.4,0.5,0.2,0.2,25.4,301 Hampshire Rd, Sunshine VIC 3020,-37.781,144.8325,12.13,13.9
BRIMBANK,2015,320,,2.0,59,0.4,0.5,0.2,0.2,25.4,301 Hampshire Rd, Sunshine VIC 3020,-37.781,144.8325,12.13,13.9
BRIMBANK,2015,320,,2.0,59,0.4,0.5,0.2,0.2,25.4,301 Hampshire Rd, Sunshine VIC 3020,-37.781,144.8325,12.13,13.9
BRIMBANK,2015,320,,2.0,59,0.4,0.5,0.2,0.2,25.4,301 Hampshire Rd, Sunshine VIC 3020,-37.781,144.8325,12.13,13.9
BRIMBANK,2015,320,,2.0,59,0.4,0.5,0.2,0.2,25.4,301 Hampshire Rd, Sunshine VIC 3020,-37.781,144.8325,12.13,13.9
BRIMBANK,2016,330,19127.0,2.0,59,0.4,0.5,0.2,0.2,25.4,301 Hampshire Rd, Sunshine VIC 3020,-37.781,144.8325,12.13,13.9
BRIMBANK,2016,330,19127.0,2.0,59,0.4,0.5,0.2,0.2,25.4,301 Hampshire Rd, Sunshine VIC 3020,-37.781,144.8325,12.13,13.9
BRIMBANK,2016,340,19127.0,2.0,59,0.4,0.5,0.2,0.2,25.4,301 Hampshire Rd, Sunshine VIC 3020,-37.781,144.8325,12.13,13.9
BRIMBANK,2016,340,19127.0,2.0,59,0.4,0.5,0.2,0.2,25.4,301 Hampshire Rd, Sunshine VIC 3020,-37.781,144.8325,12.13,13.9
BRIMBANK,2017,340,17120.0,2.0,59,0.4,0.5,0.2,0.2,25.4,301 Hampshire Rd, Sunshine VIC 3020,-37.781,144.8325,12.13,13.9
BRIMBANK,2017,350,17120.0,2.0,59,0.4,0.5,0.2,0.2,25.4,301 Hampshire Rd, Sunshine VIC 3020,-37.781,144.8325,12.13,13.9
BRIMBANK,2017,350,17120.0,2.0,59,0.4,0.5,0.2,0.2,25.4,301 Hampshire Rd, Sunshine VIC 3020,-37.781,144.8325,12.13,13.9
BRIMBANK,2017,350,17120.0,2.0,59,0.4,0.5,0.2,0.2,25.4,301 Hampshire Rd, Sunshine VIC 3020,-37.781,144.8325,12.13,13.9
BRIMBANK,2018,350,19026.0,2.0,59,0.4,0.5,0.2,0.2,25.4,301 Hampshire Rd, Sunshine VIC 3020,-37.781,144.8325,12.13,13.9
BRIMBANK,2018,360,19026.0,2.0,59,0.4,0.5,0.2,0.2,25.4,301 Hampshire Rd, Sunshine VIC 3020,-37.781,144.8325,12.13,13.9
BRIMBANK,2018,360,19026.0,2.0,59,0.4,0.5,0.2,0.2,25.4,301 Hampshire Rd, Sunshine VIC 3020,-37.781,144.8325,12.13,13.9
BRIMBANK,2018,360,19026.0,2.0,59,0.4,0.5,0.2,0.2,25.4,301 Hampshire Rd, Sunshine VIC 3020,-37.781,144.8325,12.13,13.9
BRIMBANK,2019,360,19778.0,2.0,59,0.4,0.5,0.2,0.2,25.4,301 Hampshire Rd, Sunshine VIC 3020,-37.781,144.8325,12.13,13.9
BRIMBANK,2019,365,19778.0,2.0,59,0.4,0.5,0.2,0.2,25.4,301 Hampshire Rd, Sunshine VIC 3020,-37.781,144.8325,12.13,13.9
BRIMBANK,2019,360,19778.0,2.0,59,0.4,0.5,0.2,0.2,25.4,301 Hampshire Rd, Sunshine VIC 3020,-37.781,144.8325,12.13,13.9
BRIMBANK,2019,360,19778.0,2.0,59,0.4,0.5,0.2,0.2,25.4,301 Hampshire Rd, Sunshine VIC 3020,-37.781,144.8325,12.13,13.9
BRIMBANK,2020,370,20219.0,2.0,59,0.4,0.5,0.2,0.2,25.4,301 Hampshire Rd, Sunshine VIC 3020,-37.781,144.8325,12.13,13.9
BRIMBANK,2020,365,20219.0,2.0,59,0.4,0.5,0.2,0.2,25.4,301 Hampshire Rd, Sunshine VIC 3020,-37.781,144.8325,12.13,13.9
BRIMBANK,2020,365,20219.0,2.0,59,0.4,0.5,0.2,0.2,25.4,301 Hampshire Rd, Sunshine VIC 3020,-37.781,144.8325,12.13,13.9
BRIMBANK,2020,360,20219.0,2.0,59,0.4,0.5,0.2,0.2,25.4,301 Hampshire Rd, Sunshine VIC 3020,-37.781,144.8325,12.13,13.9
BRIMBANK,2021,360,16983.0,2.0,59,0.4,0.5,0.2,0.2,25.4,301 Hampshire Rd, Sunshine VIC 3020,-37.781,144.8325,12.13,13.9
BRIMBANK,2021,360,16983.0,2.0,59,0.4,0.5,0.2,0.2,25.4,301 Hampshire Rd, Sunshine VIC 3020,-37.781,144.8325,12.13,13.9
BRIMBANK,2021,360,16983.0,2.0,59,0.4,0.5,0.2,0.2,25.4,301 Hampshire Rd, Sunshine VIC 3020,-37.781,144.8325,12.13,13.9
BRIMBANK,2021,360,16983.0,2.0,59,0.4,0.5,0.2,0.2,25.4,301 Hampshire Rd, Sunshine VIC 3020,-37.781,144.8325,12.13,13.9
BRIMBANK,2022,365,16719.0,2.0,59,0.4,0.5,0.2,0.2,25.4,301 Hampshire Rd, Sunshine VIC 3020,-37.781,144.8325,12.13,13.9
BRIMBANK,2022,370,16719.0,2.0,59,0.4,0.5,0.2,0.2,25.4,301 Hampshire Rd, Sunshine VIC 3020,-37.781,144.8325,12.13,13.9
BRIMBANK,2022,375,16719.0,2.0,59,0.4,0.5,0.2,0.2,25.4,301 Hampshire Rd, Sunshine VIC 3020,-37.781,144.8325,12.13,13.9
BRIMBANK,2022,380,16719.0,2.0,59,0.4,0.5,0.2,0.2,25.4,301 Hampshire Rd, Sunshine VIC 3020,-37.781,144.8325,12.13,13.9
BRIMBANK,2023,400,17038.0,2.0,59,0.4,0.5,0.2,0.2,25.4,301 Hampshire Rd, Sunshine VIC 3020,-37.781,144.8325,12.13,13.9
BRIMBANK,2023,410,17038.0,2.0,59,0.4,0.5,0.2,0.2,25.4,301 Hampshire Rd, Sunshine VIC 3020,-37.781,144.8325,12.13,13.9
BRIMBANK,2023,430,17038.0,2.0,59,0.4,0.5,0.2,0.2,25.4,301 Hampshire Rd, Sunshine VIC 3020,-37.781,144.8325,12.13,13.9
BRIMBANK,2023,449,17038.0,2.0,59,0.4,0.5,0.2,0.2,25.4,301 Hampshire Rd, Sunshine VIC 3020,-37.781,144.8325,12.13,13.9
BRIMBANK,2024,450,18524.0,2.0,59,0.4,0.5,0.2,0.2,25.4,301 Hampshire Rd, Sunshine VIC 3020,-37.781,144.8325,12.13,13.9
BRIMBANK,2024,460,18524.0,2.0,59,0.4,0.5,0.2,0.2,25.4,301 Hampshire Rd, Sunshine VIC 3020,-37.781,144.8325,12.13,13.9
BRIMBANK,2024,480,18524.0,2.0,59,0.4,0.5,0.2,0.2,25.4,301 Hampshire Rd, Sunshine VIC 3020,-37.781,144.8325,12.13,13.9
BRIMBANK,2024,480,18524.0,2.0,59,0.4,0.5,0.2,0.2,25.4,301 Hampshire Rd, Sunshine VIC 3020,-37.781,144.8325,12.13,13.9
BRIMBANK,2025,480,18798.0,2.0,59,0.4,0.5,0.2,0.2,25.4,301 Hampshire Rd, Sunshine VIC 3020,-37.781,144.8325,12.13,13.9
BRIMBANK,2025,490,18798.0,2.0,59,0.4,0.5,0.2,0.2,25.4,301 Hampshire Rd, Sunshine VIC 3020,-37.781,144.8325,12.13,13.9
BRIMBANK,2025,490,18798.0,2.0,59,0.4,0.5,0.2,0.2,25.4,301 Hampshire Rd, Sunshine VIC 3020,-37.781,144.8325,12.13,13.9
BULOKE,1999,85,,,9,1.2,1.6,,0.8,43.7,,,,,,
BULOKE,1999,90,,,9,1.2,1.6,,0.8,43.7,,,,,,
BULOKE,1999,80,,,9,1.2,1.6,,0.8,43.7,,,,,,
BULOKE,2000,85,,,9,1.2,1.6,,0.8,43.7,,,,,,
BULOKE,2000,73,,,9,1.2,1.6,,0.8,43.7,,,,,,
BULOKE,2000,100,,,9,1.2,1.6,,0.8,43.7,,,,,,
BULOKE,2000,100,,,9,1.2,1.6,,0.8,43.7,,,,,,
BULOKE,2001,90,,,9,1.2,1.6,,0.8,43.7,,,,,,
BULOKE,2001,95,,,9,1.2,1.6,,0.8,43.7,,,,,,
BULOKE,2001,78,,,9,1.2,1.6,,0.8,43.7,,,,,,
BULOKE,2001,85,,,9,1.2,1.6,,0.8,43.7,,,,,,
BULOKE,2002,90,,,9,1.2,1.6,,0.8,43.7,,,,,,
BULOKE,2002,90,,,9,1.2,1.6,,0.8,43.7,,,,,,
BULOKE,2002,100,,,9,1.2,1.6,,0.8,43.7,,,,,,
BULOKE,2002,100,,,9,1.2,1.6,,0.8,43.7,,,,,,
BULOKE,2003,110,,,9,1.2,1.6,,0.8,43.7,,,,,,
BULOKE,2003,100,,,9,1.2,1.6,,0.8,43.7,,,,,,
BULOKE,2003,110,,,9,1.2,1.6,,0.8,43.7,,,,,,
BULOKE,2004,105,,,9,1.2,1.6,,0.8,43.7,,,,,,
BULOKE,2004,110,,,9,1.2,1.6,,0.8,43.7,,,,,,
BULOKE,2004,110,,,9,1.2,1.6,,0.8,43.7,,,,,,
BULOKE,2004,120,,,9,1.2,1.6,,0.8,43.7,,,,,,
BULOKE,2005,90,,,9,1.2,1.6,,0.8,43.7,,,,,,
BULOKE,2005,120,,,9,1.2,1.6,,0.8,43.7,,,,,,
BULOKE,2005,100,,,9,1.2,1.6,,0.8,43.7,,,,,,
BULOKE,2006,100,,,9,1.2,1.6,,0.8,43.7,,,,,,
BULOKE,2006,125,,,9,1.2,1.6,,0.8,43.7,,,,,,
BULOKE,2006,120,,,9,1.2,1.6,,0.8,43.7,,,,,,
BULOKE,2006,125,,,9,1.2,1.6,,0.8,43.7,,,,,,
BULOKE,2007,125,,,9,1.2,1.6,,0.8,43.7,,,,,,
BULOKE,2007,125,,,9,1.2,1.6,,0.8,43.7,,,,,,
BULOKE,2007,135,,,9,1.2,1.6,,0.8,43.7,,,,,,
BULOKE,2008,140,,,9,1.2,1.6,,0.8,43.7,,,,,,
BULOKE,2008,160,,,9,1.2,1.6,,0.8,43.7,,,,,,
BULOKE,2008,150,,,9,1.2,1.6,,0.8,43.7,,,,,,
BULOKE,2008,150,,,9,1.2,1.6,,0.8,43.7,,,,,,
BULOKE,2009,155,,,9,1.2,1.6,,0.8,43.7,,,,,,
BULOKE,2009,165,,,9,1.2,1.6,,0.8,43.7,,,,,,
BULOKE,2009,140,,,9,1.2,1.6,,0.8,43.7,,,,,,
BULOKE,2009,145,,,9,1.2,1.6,,0.8,43.7,,,,,,
BULOKE,2010,158,,,9,1.2,1.6,,0.8,43.7,,,,,,
BULOKE,2010,145,,,9,1.2,1.6,,0.8,43.7,,,,,,
BULOKE,2010,145,,,9,1.2,1.6,,0.8,43.7,,,,,,
BULOKE,2010,128,,,9,1.2,1.6,,0.8,43.7,,,,,,
BULOKE,2011,155,,,9,1.2,1.6,,0.8,43.7,,,,,,
BULOKE,2011,150,,,9,1.2,1.6,,0.8,43.7,,,,,,
BULOKE,2011,160,,,9,1.2,1.6,,0.8,43.7,,,,,,
BULOKE,2011,150,,,9,1.2,1.6,,0.8,43.7,,,,,,
BULOKE,2012,150,,,9,1.2,1.6,,0.8,43.7,,,,,,
BULOKE,2012,155,,,9,1.2,1.6,,0.8,43.7,,,,,,
BULOKE,2012,160,,,9,1.2,1.6,,0.8,43.7,,,,,,
BULOKE,2012,170,,,9,1.2,1.6,,0.8,43.7,,,,,,
BULOKE,2013,170,,,9,1.2,1.6,,0.8,43.7,,,,,,
BULOKE,2013,183,,,9,1.2,1.6,,0.8,43.7,,,,,,
BULOKE,2013,173,,,9,1.2,1.6,,0.8,43.7,,,,,,
BULOKE,2013,185,,,9,1.2,1.6,,0.8,43.7,,,,,,
BULOKE,2014,165,,,9,1.2,1.6,,0.8,43.7,,,,,,
BULOKE,2014,158,,,9,1.2,1.6,,0.8,43.7,,,,,,
BULOKE,2014,180,,,9,1.2,1.6,,0.8,43.7,,,,,,
BULOKE,2014,175,,,9,1.2,1.6,,0.8,43.7,,,,,,
BULOKE,2015,178,,,9,1.2,1.6,,0.8,43.7,,,,,,
BULOKE,2015,175,,,9,1.2,1.6,,0.8,43.7,,,,,,
BULOKE,2015,178,,,9,1.2,1.6,,0.8,43.7,,,,,,
BULOKE,2015,180,,,9,1.2,1.6,,0.8,43.7,,,,,,
BULOKE,2016,160,230.0,,9,1.2,1.6,,0.8,43.7,,,,,,
BULOKE,2016,180,230.0,,9,1.2,1.6,,0.8,43.7,,,,,,
BULOKE,2016,180,230.0,,9,1.2,1.6,,0.8,43.7,,,,,,
BULOKE,2016,165,230.0,,9,1.2,1.6,,0.8,43.7,,,,,,
BULOKE,2017,185,199.0,,9,1.2,1.6,,0.8,43.7,,,,,,
BULOKE,2017,183,199.0,,9,1.2,1.6,,0.8,43.7,,,,,,
BULOKE,2017,180,199.0,,9,1.2,1.6,,0.8,43.7,,,,,,
BULOKE,2017,190,199.0,,9,1.2,1.6,,0.8,43.7,,,,,,
BULOKE,2018,180,237.0,,9,1.2,1.6,,0.8,43.7,,,,,,
BULOKE,2018,195,237.0,,9,1.2,1.6,,0.8,43.7,,,,,,
BULOKE,2018,195,237.0,,9,1.2,1.6,,0.8,43.7,,,,,,
BULOKE,2018,200,237.0,,9,1.2,1.6,,0.8,43.7,,,,,,
BULOKE,2019,190,300.0,,9,1.2,1.6,,0.8,43.7,,,,,,
BULOKE,2019,203,300.0,,9,1.2,1.6,,0.8,43.7,,,,,,
BULOKE,2019,195,300.0,,9,1.2,1.6,,0.8,43.7,,,,,,
BULOKE,2019,203,300.0,,9,1.2,1.6,,0.8,43.7,,,,,,
BULOKE,2020,220,498.0,,9,1.2,1.6,,0.8,43.7,,,,,,
BULOKE,2020,200,498.0,,9,1.2,1.6,,0.8,43.7,,,,,,
BULOKE,2020,220,498.0,,9,1.2,1.6,,0.8,43.7,,,,,,
BULOKE,2020,230,498.0,,9,1.2,1.6,,0.8,43.7,,,,,,
BULOKE,2021,155,285.0,,9,1.2,1.6,,0.8,43.7,,,,,,
BULOKE,2021,250,285.0,,9,1.2,1.6,,0.8,43.7,,,,,,
BULOKE,2021,230,285.0,,9,1.2,1.6,,0.8,43.7,,,,,,
BULOKE,2021,245,285.0,,9,1.2,1.6,,0.8,43.7,,,,,,
BULOKE,2022,260,289.0,,9,1.2,1.6,,0.8,43.7,,,,,,
BULOKE,2022,240,289.0,,9,1.2,1.6,,0.8,43.7,,,,,,
BULOKE,2022,270,289.0,,9,1.2,1.6,,0.8,43.7,,,,,,
BULOKE,2022,245,289.0,,9,1.2,1.6,,0.8,43.7,,,,,,
BULOKE,2023,280,429.0,,9,1.2,1.6,,0.8,43.7,,,,,,
BULOKE,2023,210,429.0,,9,1.2,1.6,,0.8,43.7,,,,,,
BULOKE,2023,288,429.0,,9,1.2,1.6,,0.8,43.7,,,,,,
BULOKE,2023,280,429.0,,9,1.2,1.6,,0.8,43.7,,,,,,
BULOKE,2024,290,362.0,,9,1.2,1.6,,0.8,43.7,,,,,,
BULOKE,2024,310,362.0,,9,1.2,1.6,,0.8,43.7,,,,,,
BULOKE,2024,300,362.0,,9,1.2,1.6,,0.8,43.7,,,,,,
BULOKE,2024,300,362.0,,9,1.2,1.6,,0.8,43.7,,,,,,
BULOKE,2025,335,287.0,,9,1.2,1.6,,0.8,43.7,,,,,,
BULOKE,2025,310,287.0,,9,1.2,1.6,,0.8,43.7,,,,,,
BULOKE,2025,340,287.0,,9,1.2,1.6,,0.8,43.7,,,,,,
CAMPASPE,1999,135,,0.0,23,0.5,1.0,0.2,0.3,36.6,,,,,,
CAMPASPE,1999,140,,0.0,23,0.5,1.0,0.2,0.3,36.6,,,,,,
CAMPASPE,1999,130,,0.0,23,0.5,1.0,0.2,0.3,36.6,,,,,,
CAMPASPE,2000,140,,0.0,23,0.5,1.0,0.2,0.3,36.6,,,,,,
CAMPASPE,2000,140,,0.0,23,0.5,1.0,0.2,0.3,36.6,,,,,,
CAMPASPE,2000,135,,0.0,23,0.5,1.0,0.2,0.3,36.6,,,,,,
CAMPASPE,2000,135,,0.0,23,0.5,1.0,0.2,0.3,36.6,,,,,,
CAMPASPE,2001,140,,0.0,23,0.5,1.0,0.2,0.3,36.6,,,,,,
CAMPASPE,2001,140,,0.0,23,0.5,1.0,0.2,0.3,36.6,,,,,,
CAMPASPE,2001,140,,0.0,23,0.5,1.0,0.2,0.3,36.6,,,,,,
CAMPASPE,2001,140,,0.0,23,0.5,1.0,0.2,0.3,36.6,,,,,,
CAMPASPE,2002,150,,0.0,23,0.5,1.0,0.2,0.3,36.6,,,,,,
CAMPASPE,2002,150,,0.0,23,0.5,1.0,0.2,0.3,36.6,,,,,,
CAMPASPE,2002,159,,0.0,23,0.5,1.0,0.2,0.3,36.6,,,,,,
CAMPASPE,2002,150,,0.0,23,0.5,1.0,0.2,0.3,36.6,,,,,,
CAMPASPE,2003,150,,0.0,23,0.5,1.0,0.2,0.3,36.6,,,,,,
CAMPASPE,2003,160,,0.0,23,0.5,1.0,0.2,0.3,36.6,,,,,,
CAMPASPE,2003,160,,0.0,23,0.5,1.0,0.2,0.3,36.6,,,,,,
CAMPASPE,2003,175,,0.0,23,0.5,1.0,0.2,0.3,36.6,,,,,,
CAMPASPE,2004,170,,0.0,23,0.5,1.0,0.2,0.3,36.6,,,,,,
CAMPASPE,2004,165,,0.0,23,0.5,1.0,0.2,0.3,36.6,,,,,,
CAMPASPE,2004,160,,0.0,23,0.5,1.0,0.2,0.3,36.6,,,,,,
CAMPASPE,2004,170,,0.0,23,0.5,1.0,0.2,0.3,36.6,,,,,,
CAMPASPE,2005,170,,0.0,23,0.5,1.0,0.2,0.3,36.6,,,,,,
CAMPASPE,2005,170,,0.0,23,0.5,1.0,0.2,0.3,36.6,,,,,,
CAMPASPE,2005,170,,0.0,23,0.5,1.0,0.2,0.3,36.6,,,,,,
CAMPASPE,2005,170,,0.0,23,0.5,1.0,0.2,0.3,36.6,,,,,,
CAMPASPE,2006,170,,0.0,23,0.5,1.0,0.2,0.3,36.6,,,,,,
CAMPASPE,2006,170,,0.0,23,0.5,1.0,0.2,0.3,36.6,,,,,,
CAMPASPE,2006,185,,0.0,23,0.5,1.0,0.2,0.3,36.6,,,,,,
CAMPASPE,2006,180,,0.0,23,0.5,1.0,0.2,0.3,36.6,,,,,,
CAMPASPE,2007,180,,0.0,23,0.5,1.0,0.2,0.3,36.6,,,,,,
CAMPASPE,2007,185,,0.0,23,0.5,1.0,0.2,0.3,36.6,,,,,,
CAMPASPE,2007,190,,0.0,23,0.5,1.0,0.2,0.3,36.6,,,,,,
CAMPASPE,2007,190,,0.0,23,0.5,1.0,0.2,0.3,36.6,,,,,,
CAMPASPE,2008,185,,0.0,23,0.5,1.0,0.2,0.3,36.6,,,,,,
CAMPASPE,2008,190,,0.0,23,0.5,1.0,0.2,0.3,36.6,,,,,,
CAMPASPE,2008,195,,0.0,23,0.5,1.0,0.2,0.3,36.6,,,,,,
CAMPASPE,2008,194,,0.0,23,0.5,1.0,0.2,0.3,36.6,,,,,,
CAMPASPE,2009,195,,0.0,23,0.5,1.0,0.2,0.3,36.6,,,,,,
CAMPASPE,2009,200,,0.0,23,0.5,1.0,0.2,0.3,36.6,,,,,,
CAMPASPE,2009,195,,0.0,23,0.5,1.0,0.2,0.3,36.6,,,,,,
CAMPASPE,2009,200,,0.0,23,0.5,1.0,0.2,0.3,36.6,,,,,,
CAMPASPE,2010,190,,0.0,23,0.5,1.0,0.2,0.3,36.6,,,,,,
CAMPASPE,2010,210,,0.0,23,0.5,1.0,0.2,0.3,36.6,,,,,,
CAMPASPE,2010,215,,0.0,23,0.5,1.0,0.2,0.3,36.6,,,,,,
CAMPASPE,2010,200,,0.0,23,0.5,1.0,0.2,0.3,36.6,,,,,,
CAMPASPE,2011,210,,0.0,23,0.5,1.0,0.2,0.3,36.6,,,,,,
CAMPASPE,2011,210,,0.0,23,0.5,1.0,0.2,0.3,36.6,,,,,,
CAMPASPE,2011,220,,0.0,23,0.5,1.0,0.2,0.3,36.6,,,,,,
CAMPASPE,2011,225,,0.0,23,0.5,1.0,0.2,0.3,36.6,,,,,,
CAMPASPE,2012,230,,0.0,23,0.5,1.0,0.2,0.3,36.6,,,,,,
CAMPASPE,2012,223,,0.0,23,0.5,1.0,0.2,0.3,36.6,,,,,,
CAMPASPE,2012,220,,0.0,23,0.5,1.0,0.2,0.3,36.6,,,,,,
CAMPASPE,2012,225,,0.0,23,0.5,1.0,0.2,0.3,36.6,,,,,,
CAMPASPE,2013,230,,0.0,23,0.5,1.0,0.2,0.3,36.6,,,,,,
CAMPASPE,2013,228,,0.0,23,0.5,1.0,0.2,0.3,36.6,,,,,,
CAMPASPE,2013,220,,0.0,23,0.5,1.0,0.2,0.3,36.6,,,,,,
CAMPASPE,2013,245,,0.0,23,0.5,1.0,0.2,0.3,36.6,,,,,,
CAMPASPE,2014,235,,0.0,23,0.5,1.0,0.2,0.3,36.6,,,,,,
CAMPASPE,2014,250,,0.0,23,0.5,1.0,0.2,0.3,36.6,,,,,,
CAMPASPE,2014,230,,0.0,23,0.5,1.0,0.2,0.3,36.6,,,,,,
CAMPASPE,2014,250,,0.0,23,0.5,1.0,0.2,0.3,36.6,,,,,,
CAMPASPE,2015,250,,0.0,23,0.5,1.0,0.2,0.3,36.6,,,,,,
CAMPASPE,2015,243,,0.0,23,0.5,1.0,0.2,0.3,36.6,,,,,,
CAMPASPE,2015,260,,0.0,23,0.5,1.0,0.2,0.3,36.6,,,,,,
CAMPASPE,2015,260,,0.0,23,0.5,1.0,0.2,0.3,36.6,,,,,,
CAMPASPE,2016,260,3851.0,0.0,23,0.5,1.0,0.2,0.3,36.6,,,,,,
CAMPASPE,2016,265,3851.0,0.0,23,0.5,1.0,0.2,0.3,36.6,,,,,,
CAMPASPE,2016,260,3851.0,0.0,23,0.5,1.0,0.2,0.3,36.6,,,,,,
CAMPASPE,2016,270,3851.0,0.0,23,0.5,1.0,0.2,0.3,36.6,,,,,,
CAMPASPE,2017,260,3378.0,0.0,23,0.5,1.0,0.2,0.3,36.6,,,,,,
CAMPASPE,2017,263,3378.0,0.0,23,0.5,1.0,0.2,0.3,36.6,,,,,,
CAMPASPE,2017,260,3378.0,0.0,23,0.5,1.0,0.2,0.3,36.6,,,,,,
CAMPASPE,2017,270,3378.0,0.0,23,0.5,1.0,0.2,0.3,36.6,,,,,,
CAMPASPE,2018,273,3801.0,0.0,23,0.5,1.0,0.2,0.3,36.6,,,,,,
CAMPASPE,2018,270,3801.0,0.0,23,0.5,1.0,0.2,0.3,36.6,,,,,,
CAMPASPE,2018,280,3801.0,0.0,23,0.5,1.0,0.2,0.3,36.6,,,,,,
CAMPASPE,2018,270,3801.0,0.0,23,0.5,1.0,0.2,0.3,36.6,,,,,,
CAMPASPE,2019,290,3964.0,0.0,23,0.5,1.0,0.2,0.3,36.6,,,,,,
CAMPASPE,2019,280,3964.0,0.0,23,0.5,1.0,0.2,0.3,36.6,,,,,,
CAMPASPE,2019,290,3964.0,0.0,23,0.5,1.0,0.2,0.3,36.6,,,,,,
CAMPASPE,2019,280,3964.0,0.0,23,0.5,1.0,0.2,0.3,36.6,,,,,,
CAMPASPE,2020,290,3781.0,0.0,23,0.5,1.0,0.2,0.3,36.6,,,,,,
CAMPASPE,2020,300,3781.0,0.0,23,0.5,1.0,0.2,0.3,36.6,,,,,,
CAMPASPE,2020,300,3781.0,0.0,23,0.5,1.0,0.2,0.3,36.6,,,,,,
CAMPASPE,2020,300,3781.0,0.0,23,0.5,1.0,0.2,0.3,36.6,,,,,,
CAMPASPE,2021,325,3285.0,0.0,23,0.5,1.0,0.2,0.3,36.6,,,,,,
CAMPASPE,2021,300,3285.0,0.0,23,0.5,1.0,0.2,0.3,36.6,,,,,,
CAMPASPE,2021,330,3285.0,0.0,23,0.5,1.0,0.2,0.3,36.6,,,,,,
CAMPASPE,2021,340,3285.0,0.0,23,0.5,1.0,0.2,0.3,36.6,,,,,,
CAMPASPE,2022,355,3337.0,0.0,23,0.5,1.0,0.2,0.3,36.6,,,,,,
CAMPASPE,2022,370,3337.0,0.0,23,0.5,1.0,0.2,0.3,36.6,,,,,,
CAMPASPE,2022,365,3337.0,0.0,23,0.5,1.0,0.2,0.3,36.6,,,,,,
CAMPASPE,2022,370,3337.0,0.0,23,0.5,1.0,0.2,0.3,36.6,,,,,,
CAMPASPE,2023,360,3923.0,0.0,23,0.5,1.0,0.2,0.3,36.6,,,,,,
CAMPASPE,2023,395,3923.0,0.0,23,0.5,1.0,0.2,0.3,36.6,,,,,,
CAMPASPE,2023,395,3923.0,0.0,23,0.5,1.0,0.2,0.3,36.6,,,,,,
CAMPASPE,2023,410,3923.0,0.0,23,0.5,1.0,0.2,0.3,36.6,,,,,,
CAMPASPE,2024,420,4345.0,0.0,23,0.5,1.0,0.2,0.3,36.6,,,,,,
CAMPASPE,2024,400,4345.0,0.0,23,0.5,1.0,0.2,0.3,36.6,,,,,,
CAMPASPE,2024,420,4345.0,0.0,23,0.5,1.0,0.2,0.3,36.6,,,,,,
CAMPASPE,2024,420,4345.0,0.0,23,0.5,1.0,0.2,0.3,36.6,,,,,,
CAMPASPE,2025,440,3914.0,0.0,23,0.5,1.0,0.2,0.3,36.6,,,,,,
CAMPASPE,2025,450,3914.0,0.0,23,0.5,1.0,0.2,0.3,36.6,,,,,,
CAMPASPE,2025,460,3914.0,0.0,23,0.5,1.0,0.2,0.3,36.6,,,,,,
CARDINIA,1999,155,,4.0,41,0.2,0.5,0.1,0.2,29.4,20 Siding Avenue, Officer VIC 3809,-38.0593,145.4105,48.28,54.3
CARDINIA,1999,155,,4.0,41,0.2,0.5,0.1,0.2,29.4,20 Siding Avenue, Officer VIC 3809,-38.0593,145.4105,48.28,54.3
CARDINIA,1999,155,,4.0,41,0.2,0.5,0.1,0.2,29.4,20 Siding Avenue, Officer VIC 3809,-38.0593,145.4105,48.28,54.3
CARDINIA,2000,160,,4.0,41,0.2,0.5,0.1,0.2,29.4,20 Siding Avenue, Officer VIC 3809,-38.0593,145.4105,48.28,54.3
CARDINIA,2000,160,,4.0,41,0.2,0.5,0.1,0.2,29.4,20 Siding Avenue, Officer VIC 3809,-38.0593,145.4105,48.28,54.3
CARDINIA,2000,160,,4.0,41,0.2,0.5,0.1,0.2,29.4,20 Siding Avenue, Officer VIC 3809,-38.0593,145.4105,48.28,54.3
CARDINIA,2000,165,,4.0,41,0.2,0.5,0.1,0.2,29.4,20 Siding Avenue, Officer VIC 3809,-38.0593,145.4105,48.28,54.3
CARDINIA,2001,165,,4.0,41,0.2,0.5,0.1,0.2,29.4,20 Siding Avenue, Officer VIC 3809,-38.0593,145.4105,48.28,54.3
CARDINIA,2001,165,,4.0,41,0.2,0.5,0.1,0.2,29.4,20 Siding Avenue, Officer VIC 3809,-38.0593,145.4105,48.28,54.3
CARDINIA,2001,165,,4.0,41,0.2,0.5,0.1,0.2,29.4,20 Siding Avenue, Officer VIC 3809,-38.0593,145.4105,48.28,54.3
CARDINIA,2001,165,,4.0,41,0.2,0.5,0.1,0.2,29.4,20 Siding Avenue, Officer VIC 3809,-38.0593,145.4105,48.28,54.3
CARDINIA,2002,170,,4.0,41,0.2,0.5,0.1,0.2,29.4,20 Siding Avenue, Officer VIC 3809,-38.0593,145.4105,48.28,54.3
CARDINIA,2002,170,,4.0,41,0.2,0.5,0.1,0.2,29.4,20 Siding Avenue, Officer VIC 3809,-38.0593,145.4105,48.28,54.3
CARDINIA,2002,170,,4.0,41,0.2,0.5,0.1,0.2,29.4,20 Siding Avenue, Officer VIC 3809,-38.0593,145.4105,48.28,54.3
CARDINIA,2002,180,,4.0,41,0.2,0.5,0.1,0.2,29.4,20 Siding Avenue, Officer VIC 3809,-38.0593,145.4105,48.28,54.3
CARDINIA,2003,175,,4.0,41,0.2,0.5,0.1,0.2,29.4,20 Siding Avenue, Officer VIC 3809,-38.0593,145.4105,48.28,54.3
CARDINIA,2003,180,,4.0,41,0.2,0.5,0.1,0.2,29.4,20 Siding Avenue, Officer VIC 3809,-38.0593,145.4105,48.28,54.3
CARDINIA,2003,180,,4.0,41,0.2,0.5,0.1,0.2,29.4,20 Siding Avenue, Officer VIC 3809,-38.0593,145.4105,48.28,54.3
CARDINIA,2003,185,,4.0,41,0.2,0.5,0.1,0.2,29.4,20 Siding Avenue, Officer VIC 3809,-38.0593,145.4105,48.28,54.3
CARDINIA,2004,185,,4.0,41,0.2,0.5,0.1,0.2,29.4,20 Siding Avenue, Officer VIC 3809,-38.0593,145.4105,48.28,54.3
CARDINIA,2004,190,,4.0,41,0.2,0.5,0.1,0.2,29.4,20 Siding Avenue, Officer VIC 3809,-38.0593,145.4105,48.28,54.3
CARDINIA,2004,190,,4.0,41,0.2,0.5,0.1,0.2,29.4,20 Siding Avenue, Officer VIC 3809,-38.0593,145.4105,48.28,54.3
CARDINIA,2004,190,,4.0,41,0.2,0.5,0.1,0.2,29.4,20 Siding Avenue, Officer VIC 3809,-38.0593,145.4105,48.28,54.3
CARDINIA,2005,190,,4.0,41,0.2,0.5,0.1,0.2,29.4,20 Siding Avenue, Officer VIC 3809,-38.0593,145.4105,48.28,54.3
CARDINIA,2005,200,,4.0,41,0.2,0.5,0.1,0.2,29.4,20 Siding Avenue, Officer VIC 3809,-38.0593,145.4105,48.28,54.3
CARDINIA,2005,200,,4.0,41,0.2,0.5,0.1,0.2,29.4,20 Siding Avenue, Officer VIC 3809,-38.0593,145.4105,48.28,54.3
CARDINIA,2005,195,,4.0,41,0.2,0.5,0.1,0.2,29.4,20 Siding Avenue, Officer VIC 3809,-38.0593,145.4105,48.28,54.3
CARDINIA,2006,205,,4.0,41,0.2,0.5,0.1,0.2,29.4,20 Siding Avenue, Officer VIC 3809,-38.0593,145.4105,48.28,54.3
CARDINIA,2006,200,,4.0,41,0.2,0.5,0.1,0.2,29.4,20 Siding Avenue, Officer VIC 3809,-38.0593,145.4105,48.28,54.3
CARDINIA,2006,220,,4.0,41,0.2,0.5,0.1,0.2,29.4,20 Siding Avenue, Officer VIC 3809,-38.0593,145.4105,48.28,54.3
CARDINIA,2006,210,,4.0,41,0.2,0.5,0.1,0.2,29.4,20 Siding Avenue, Officer VIC 3809,-38.0593,145.4105,48.28,54.3
CARDINIA,2007,220,,4.0,41,0.2,0.5,0.1,0.2,29.4,20 Siding Avenue, Officer VIC 3809,-38.0593,145.4105,48.28,54.3
CARDINIA,2007,220,,4.0,41,0.2,0.5,0.1,0.2,29.4,20 Siding Avenue, Officer VIC 3809,-38.0593,145.4105,48.28,54.3
CARDINIA,2007,230,,4.0,41,0.2,0.5,0.1,0.2,29.4,20 Siding Avenue, Officer VIC 3809,-38.0593,145.4105,48.28,54.3
CARDINIA,2007,235,,4.0,41,0.2,0.5,0.1,0.2,29.4,20 Siding Avenue, Officer VIC 3809,-38.0593,145.4105,48.28,54.3
CARDINIA,2008,250,,4.0,41,0.2,0.5,0.1,0.2,29.4,20 Siding Avenue, Officer VIC 3809,-38.0593,145.4105,48.28,54.3
CARDINIA,2008,260,,4.0,41,0.2,0.5,0.1,0.2,29.4,20 Siding Avenue, Officer VIC 3809,-38.0593,145.4105,48.28,54.3
CARDINIA,2008,260,,4.0,41,0.2,0.5,0.1,0.2,29.4,20 Siding Avenue, Officer VIC 3809,-38.0593,145.4105,48.28,54.3
CARDINIA,2008,280,,4.0,41,0.2,0.5,0.1,0.2,29.4,20 Siding Avenue, Officer VIC 3809,-38.0593,145.4105,48.28,54.3
CARDINIA,2009,270,,4.0,41,0.2,0.5,0.1,0.2,29.4,20 Siding Avenue, Officer VIC 3809,-38.0593,145.4105,48.28,54.3
CARDINIA,2009,270,,4.0,41,0.2,0.5,0.1,0.2,29.4,20 Siding Avenue, Officer VIC 3809,-38.0593,145.4105,48.28,54.3
CARDINIA,2009,280,,4.0,41,0.2,0.5,0.1,0.2,29.4,20 Siding Avenue, Officer VIC 3809,-38.0593,145.4105,48.28,54.3
CARDINIA,2009,280,,4.0,41,0.2,0.5,0.1,0.2,29.4,20 Siding Avenue, Officer VIC 3809,-38.0593,145.4105,48.28,54.3
CARDINIA,2010,290,,4.0,41,0.2,0.5,0.1,0.2,29.4,20 Siding Avenue, Officer VIC 3809,-38.0593,145.4105,48.28,54.3
CARDINIA,2010,300,,4.0,41,0.2,0.5,0.1,0.2,29.4,20 Siding Avenue, Officer VIC 3809,-38.0593,145.4105,48.28,54.3
CARDINIA,2010,300,,4.0,41,0.2,0.5,0.1,0.2,29.4,20 Siding Avenue, Officer VIC 3809,-38.0593,145.4105,48.28,54.3
CARDINIA,2010,300,,4.0,41,0.2,0.5,0.1,0.2,29.4,20 Siding Avenue, Officer VIC 3809,-38.0593,145.4105,48.28,54.3
CARDINIA,2011,310,,4.0,41,0.2,0.5,0.1,0.2,29.4,20 Siding Avenue, Officer VIC 3809,-38.0593,145.4105,48.28,54.3
CARDINIA,2011,310,,4.0,41,0.2,0.5,0.1,0.2,29.4,20 Siding Avenue, Officer VIC 3809,-38.0593,145.4105,48.28,54.3
CARDINIA,2011,310,,4.0,41,0.2,0.5,0.1,0.2,29.4,20 Siding Avenue, Officer VIC 3809,-38.0593,145.4105,48.28,54.3
CARDINIA,2011,310,,4.0,41,0.2,0.5,0.1,0.2,29.4,20 Siding Avenue, Officer VIC 3809,-38.0593,145.4105,48.28,54.3
CARDINIA,2012,310,,4.0,41,0.2,0.5,0.1,0.2,29.4,20 Siding Avenue, Officer VIC 3809,-38.0593,145.4105,48.28,54.3
CARDINIA,2012,310,,4.0,41,0.2,0.5,0.1,0.2,29.4,20 Siding Avenue, Officer VIC 3809,-38.0593,145.4105,48.28,54.3
CARDINIA,2012,310,,4.0,41,0.2,0.5,0.1,0.2,29.4,20 Siding Avenue, Officer VIC 3809,-38.0593,145.4105,48.28,54.3
CARDINIA,2012,310,,4.0,41,0.2,0.5,0.1,0.2,29.4,20 Siding Avenue, Officer VIC 3809,-38.0593,145.4105,48.28,54.3
CARDINIA,2013,303,,4.0,41,0.2,0.5,0.1,0.2,29.4,20 Siding Avenue, Officer VIC 3809,-38.0593,145.4105,48.28,54.3
CARDINIA,2013,310,,4.0,41,0.2,0.5,0.1,0.2,29.4,20 Siding Avenue, Officer VIC 3809,-38.0593,145.4105,48.28,54.3
CARDINIA,2013,310,,4.0,41,0.2,0.5,0.1,0.2,29.4,20 Siding Avenue, Officer VIC 3809,-38.0593,145.4105,48.28,54.3
CARDINIA,2013,320,,4.0,41,0.2,0.5,0.1,0.2,29.4,20 Siding Avenue, Officer VIC 3809,-38.0593,145.4105,48.28,54.3
CARDINIA,2014,320,,4.0,41,0.2,0.5,0.1,0.2,29.4,20 Siding Avenue, Officer VIC 3809,-38.0593,145.4105,48.28,54.3
CARDINIA,2014,310,,4.0,41,0.2,0.5,0.1,0.2,29.4,20 Siding Avenue, Officer VIC 3809,-38.0593,145.4105,48.28,54.3
CARDINIA,2014,320,,4.0,41,0.2,0.5,0.1,0.2,29.4,20 Siding Avenue, Officer VIC 3809,-38.0593,145.4105,48.28,54.3
CARDINIA,2014,320,,4.0,41,0.2,0.5,0.1,0.2,29.4,20 Siding Avenue, Officer VIC 3809,-38.0593,145.4105,48.28,54.3
CARDINIA,2015,320,,4.0,41,0.2,0.5,0.1,0.2,29.4,20 Siding Avenue, Officer VIC 3809,-38.0593,145.4105,48.28,54.3
CARDINIA,2015,320,,4.0,41,0.2,0.5,0.1,0.2,29.4,20 Siding Avenue, Officer VIC 3809,-38.0593,145.4105,48.28,54.3
CARDINIA,2015,340,,4.0,41,0.2,0.5,0.1,0.2,29.4,20 Siding Avenue, Officer VIC 3809,-38.0593,145.4105,48.28,54.3
CARDINIA,2015,340,,4.0,41,0.2,0.5,0.1,0.2,29.4,20 Siding Avenue, Officer VIC 3809,-38.0593,145.4105,48.28,54.3
CARDINIA,2016,340,7227.0,4.0,41,0.2,0.5,0.1,0.2,29.4,20 Siding Avenue, Officer VIC 3809,-38.0593,145.4105,48.28,54.3
CARDINIA,2016,340,7227.0,4.0,41,0.2,0.5,0.1,0.2,29.4,20 Siding Avenue, Officer VIC 3809,-38.0593,145.4105,48.28,54.3
CARDINIA,2016,350,7227.0,4.0,41,0.2,0.5,0.1,0.2,29.4,20 Siding Avenue, Officer VIC 3809,-38.0593,145.4105,48.28,54.3
CARDINIA,2016,350,7227.0,4.0,41,0.2,0.5,0.1,0.2,29.4,20 Siding Avenue, Officer VIC 3809,-38.0593,145.4105,48.28,54.3
CARDINIA,2017,350,5813.0,4.0,41,0.2,0.5,0.1,0.2,29.4,20 Siding Avenue, Officer VIC 3809,-38.0593,145.4105,48.28,54.3
CARDINIA,2017,350,5813.0,4.0,41,0.2,0.5,0.1,0.2,29.4,20 Siding Avenue, Officer VIC 3809,-38.0593,145.4105,48.28,54.3
CARDINIA,2017,350,5813.0,4.0,41,0.2,0.5,0.1,0.2,29.4,20 Siding Avenue, Officer VIC 3809,-38.0593,145.4105,48.28,54.3
CARDINIA,2017,360,5813.0,4.0,41,0.2,0.5,0.1,0.2,29.4,20 Siding Avenue, Officer VIC 3809,-38.0593,145.4105,48.28,54.3
CARDINIA,2018,365,6052.0,4.0,41,0.2,0.5,0.1,0.2,29.4,20 Siding Avenue, Officer VIC 3809,-38.0593,145.4105,48.28,54.3
CARDINIA,2018,360,6052.0,4.0,41,0.2,0.5,0.1,0.2,29.4,20 Siding Avenue, Officer VIC 3809,-38.0593,145.4105,48.28,54.3
CARDINIA,2018,360,6052.0,4.0,41,0.2,0.5,0.1,0.2,29.4,20 Siding Avenue, Officer VIC 3809,-38.0593,145.4105,48.28,54.3
CARDINIA,2018,365,6052.0,4.0,41,0.2,0.5,0.1,0.2,29.4,20 Siding Avenue, Officer VIC 3809,-38.0593,145.4105,48.28,54.3
CARDINIA,2019,360,6634.0,4.0,41,0.2,0.5,0.1,0.2,29.4,20 Siding Avenue, Officer VIC 3809,-38.0593,145.4105,48.28,54.3
CARDINIA,2019,370,6634.0,4.0,41,0.2,0.5,0.1,0.2,29.4,20 Siding Avenue, Officer VIC 3809,-38.0593,145.4105,48.28,54.3
CARDINIA,2019,365,6634.0,4.0,41,0.2,0.5,0.1,0.2,29.4,20 Siding Avenue, Officer VIC 3809,-38.0593,145.4105,48.28,54.3
CARDINIA,2019,360,6634.0,4.0,41,0.2,0.5,0.1,0.2,29.4,20 Siding Avenue, Officer VIC 3809,-38.0593,145.4105,48.28,54.3
CARDINIA,2020,360,7590.0,4.0,41,0.2,0.5,0.1,0.2,29.4,20 Siding Avenue, Officer VIC 3809,-38.0593,145.4105,48.28,54.3
CARDINIA,2020,365,7590.0,4.0,41,0.2,0.5,0.1,0.2,29.4,20 Siding Avenue, Officer VIC 3809,-38.0593,145.4105,48.28,54.3
CARDINIA,2020,370,7590.0,4.0,41,0.2,0.5,0.1,0.2,29.4,20 Siding Avenue, Officer VIC 3809,-38.0593,145.4105,48.28,54.3
CARDINIA,2020,370,7590.0,4.0,41,0.2,0.5,0.1,0.2,29.4,20 Siding Avenue, Officer VIC 3809,-38.0593,145.4105,48.28,54.3
CARDINIA,2021,380,6419.0,4.0,41,0.2,0.5,0.1,0.2,29.4,20 Siding Avenue, Officer VIC 3809,-38.0593,145.4105,48.28,54.3
CARDINIA,2021,390,6419.0,4.0,41,0.2,0.5,0.1,0.2,29.4,20 Siding Avenue, Officer VIC 3809,-38.0593,145.4105,48.28,54.3
CARDINIA,2021,390,6419.0,4.0,41,0.2,0.5,0.1,0.2,29.4,20 Siding Avenue, Officer VIC 3809,-38.0593,145.4105,48.28,54.3
CARDINIA,2021,400,6419.0,4.0,41,0.2,0.5,0.1,0.2,29.4,20 Siding Avenue, Officer VIC 3809,-38.0593,145.4105,48.28,54.3
CARDINIA,2022,420,6155.0,4.0,41,0.2,0.5,0.1,0.2,29.4,20 Siding Avenue, Officer VIC 3809,-38.0593,145.4105,48.28,54.3
CARDINIA,2022,420,6155.0,4.0,41,0.2,0.5,0.1,0.2,29.4,20 Siding Avenue, Officer VIC 3809,-38.0593,145.4105,48.28,54.3
CARDINIA,2022,440,6155.0,4.0,41,0.2,0.5,0.1,0.2,29.4,20 Siding Avenue, Officer VIC 3809,-38.0593,145.4105,48.28,54.3
CARDINIA,2022,440,6155.0,4.0,41,0.2,0.5,0.1,0.2,29.4,20 Siding Avenue, Officer VIC 3809,-38.0593,145.4105,48.28,54.3
CARDINIA,2023,460,7118.0,4.0,41,0.2,0.5,0.1,0.2,29.4,20 Siding Avenue, Officer VIC 3809,-38.0593,145.4105,48.28,54.3
CARDINIA,2023,470,7118.0,4.0,41,0.2,0.5,0.1,0.2,29.4,20 Siding Avenue, Officer VIC 3809,-38.0593,145.4105,48.28,54.3
CARDINIA,2023,495,7118.0,4.0,41,0.2,0.5,0.1,0.2,29.4,20 Siding Avenue, Officer VIC 3809,-38.0593,145.4105,48.28,54.3
CARDINIA,2023,510,7118.0,4.0,41,0.2,0.5,0.1,0.2,29.4,20 Siding Avenue, Officer VIC 3809,-38.0593,145.4105,48.28,54.3
CARDINIA,2024,530,8988.0,4.0,41,0.2,0.5,0.1,0.2,29.4,20 Siding Avenue, Officer VIC 3809,-38.0593,145.4105,48.28,54.3
CARDINIA,2024,550,8988.0,4.0,41,0.2,0.5,0.1,0.2,29.4,20 Siding Avenue, Officer VIC 3809,-38.0593,145.4105,48.28,54.3
CARDINIA,2024,565,8988.0,4.0,41,0.2,0.5,0.1,0.2,29.4,20 Siding Avenue, Officer VIC 3809,-38.0593,145.4105,48.28,54.3
CARDINIA,2024,550,8988.0,4.0,41,0.2,0.5,0.1,0.2,29.4,20 Siding Avenue, Officer VIC 3809,-38.0593,145.4105,48.28,54.3
CARDINIA,2025,560,9665.0,4.0,41,0.2,0.5,0.1,0.2,29.4,20 Siding Avenue, Officer VIC 3809,-38.0593,145.4105,48.28,54.3
CARDINIA,2025,560,9665.0,4.0,41,0.2,0.5,0.1,0.2,29.4,20 Siding Avenue, Officer VIC 3809,-38.0593,145.4105,48.28,54.3
CARDINIA,2025,560,9665.0,4.0,41,0.2,0.5,0.1,0.2,29.4,20 Siding Avenue, Officer VIC 3809,-38.0593,145.4105,48.28,54.3
CASEY,1999,160,,12.0,96,0.2,0.4,0.2,0.2,28.0,2 Patrick Northeast Drive, Narre Warren VIC 3805,-38.0256,145.3031,37.33,41.9
CASEY,1999,165,,12.0,96,0.2,0.4,0.2,0.2,28.0,2 Patrick Northeast Drive, Narre Warren VIC 3805,-38.0256,145.3031,37.33,41.9
CASEY,1999,165,,12.0,96,0.2,0.4,0.2,0.2,28.0,2 Patrick Northeast Drive, Narre Warren VIC 3805,-38.0256,145.3031,37.33,41.9
CASEY,2000,170,,12.0,96,0.2,0.4,0.2,0.2,28.0,2 Patrick Northeast Drive, Narre Warren VIC 3805,-38.0256,145.3031,37.33,41.9
CASEY,2000,170,,12.0,96,0.2,0.4,0.2,0.2,28.0,2 Patrick Northeast Drive, Narre Warren VIC 3805,-38.0256,145.3031,37.33,41.9
CASEY,2000,170,,12.0,96,0.2,0.4,0.2,0.2,28.0,2 Patrick Northeast Drive, Narre Warren VIC 3805,-38.0256,145.3031,37.33,41.9
CASEY,2000,174,,12.0,96,0.2,0.4,0.2,0.2,28.0,2 Patrick Northeast Drive, Narre Warren VIC 3805,-38.0256,145.3031,37.33,41.9
CASEY,2001,175,,12.0,96,0.2,0.4,0.2,0.2,28.0,2 Patrick Northeast Drive, Narre Warren VIC 3805,-38.0256,145.3031,37.33,41.9
CASEY,2001,175,,12.0,96,0.2,0.4,0.2,0.2,28.0,2 Patrick Northeast Drive, Narre Warren VIC 3805,-38.0256,145.3031,37.33,41.9
CASEY,2001,180,,12.0,96,0.2,0.4,0.2,0.2,28.0,2 Patrick Northeast Drive, Narre Warren VIC 3805,-38.0256,145.3031,37.33,41.9
CASEY,2001,180,,12.0,96,0.2,0.4,0.2,0.2,28.0,2 Patrick Northeast Drive, Narre Warren VIC 3805,-38.0256,145.3031,37.33,41.9
CASEY,2002,180,,12.0,96,0.2,0.4,0.2,0.2,28.0,2 Patrick Northeast Drive, Narre Warren VIC 3805,-38.0256,145.3031,37.33,41.9
CASEY,2002,180,,12.0,96,0.2,0.4,0.2,0.2,28.0,2 Patrick Northeast Drive, Narre Warren VIC 3805,-38.0256,145.3031,37.33,41.9
CASEY,2002,185,,12.0,96,0.2,0.4,0.2,0.2,28.0,2 Patrick Northeast Drive, Narre Warren VIC 3805,-38.0256,145.3031,37.33,41.9
CASEY,2002,185,,12.0,96,0.2,0.4,0.2,0.2,28.0,2 Patrick Northeast Drive, Narre Warren VIC 3805,-38.0256,145.3031,37.33,41.9
CASEY,2003,185,,12.0,96,0.2,0.4,0.2,0.2,28.0,2 Patrick Northeast Drive, Narre Warren VIC 3805,-38.0256,145.3031,37.33,41.9
CASEY,2003,185,,12.0,96,0.2,0.4,0.2,0.2,28.0,2 Patrick Northeast Drive, Narre Warren VIC 3805,-38.0256,145.3031,37.33,41.9
CASEY,2003,190,,12.0,96,0.2,0.4,0.2,0.2,28.0,2 Patrick Northeast Drive, Narre Warren VIC 3805,-38.0256,145.3031,37.33,41.9
CASEY,2003,195,,12.0,96,0.2,0.4,0.2,0.2,28.0,2 Patrick Northeast Drive, Narre Warren VIC 3805,-38.0256,145.3031,37.33,41.9
CASEY,2004,195,,12.0,96,0.2,0.4,0.2,0.2,28.0,2 Patrick Northeast Drive, Narre Warren VIC 3805,-38.0256,145.3031,37.33,41.9
CASEY,2004,200,,12.0,96,0.2,0.4,0.2,0.2,28.0,2 Patrick Northeast Drive, Narre Warren VIC 3805,-38.0256,145.3031,37.33,41.9
CASEY,2004,195,,12.0,96,0.2,0.4,0.2,0.2,28.0,2 Patrick Northeast Drive, Narre Warren VIC 3805,-38.0256,145.3031,37.33,41.9
CASEY,2004,200,,12.0,96,0.2,0.4,0.2,0.2,28.0,2 Patrick Northeast Drive, Narre Warren VIC 3805,-38.0256,145.3031,37.33,41.9
CASEY,2005,200,,12.0,96,0.2,0.4,0.2,0.2,28.0,2 Patrick Northeast Drive, Narre Warren VIC 3805,-38.0256,145.3031,37.33,41.9
CASEY,2005,205,,12.0,96,0.2,0.4,0.2,0.2,28.0,2 Patrick Northeast Drive, Narre Warren VIC 3805,-38.0256,145.3031,37.33,41.9
CASEY,2005,210,,12.0,96,0.2,0.4,0.2,0.2,28.0,2 Patrick Northeast Drive, Narre Warren VIC 3805,-38.0256,145.3031,37.33,41.9
CASEY,2005,210,,12.0,96,0.2,0.4,0.2,0.2,28.0,2 Patrick Northeast Drive, Narre Warren VIC 3805,-38.0256,145.3031,37.33,41.9
CASEY,2006,215,,12.0,96,0.2,0.4,0.2,0.2,28.0,2 Patrick Northeast Drive, Narre Warren VIC 3805,-38.0256,145.3031,37.33,41.9
CASEY,2006,215,,12.0,96,0.2,0.4,0.2,0.2,28.0,2 Patrick Northeast Drive, Narre Warren VIC 3805,-38.0256,145.3031,37.33,41.9
CASEY,2006,220,,12.0,96,0.2,0.4,0.2,0.2,28.0,2 Patrick Northeast Drive, Narre Warren VIC 3805,-38.0256,145.3031,37.33,41.9
CASEY,2006,230,,12.0,96,0.2,0.4,0.2,0.2,28.0,2 Patrick Northeast Drive, Narre Warren VIC 3805,-38.0256,145.3031,37.33,41.9
CASEY,2007,230,,12.0,96,0.2,0.4,0.2,0.2,28.0,2 Patrick Northeast Drive, Narre Warren VIC 3805,-38.0256,145.3031,37.33,41.9
CASEY,2007,240,,12.0,96,0.2,0.4,0.2,0.2,28.0,2 Patrick Northeast Drive, Narre Warren VIC 3805,-38.0256,145.3031,37.33,41.9
CASEY,2007,245,,12.0,96,0.2,0.4,0.2,0.2,28.0,2 Patrick Northeast Drive, Narre Warren VIC 3805,-38.0256,145.3031,37.33,41.9
CASEY,2007,250,,12.0,96,0.2,0.4,0.2,0.2,28.0,2 Patrick Northeast Drive, Narre Warren VIC 3805,-38.0256,145.3031,37.33,41.9
CASEY,2008,260,,12.0,96,0.2,0.4,0.2,0.2,28.0,2 Patrick Northeast Drive, Narre Warren VIC 3805,-38.0256,145.3031,37.33,41.9
CASEY,2008,266,,12.0,96,0.2,0.4,0.2,0.2,28.0,2 Patrick Northeast Drive, Narre Warren VIC 3805,-38.0256,145.3031,37.33,41.9
CASEY,2008,280,,12.0,96,0.2,0.4,0.2,0.2,28.0,2 Patrick Northeast Drive, Narre Warren VIC 3805,-38.0256,145.3031,37.33,41.9
CASEY,2008,280,,12.0,96,0.2,0.4,0.2,0.2,28.0,2 Patrick Northeast Drive, Narre Warren VIC 3805,-38.0256,145.3031,37.33,41.9
CASEY,2009,280,,12.0,96,0.2,0.4,0.2,0.2,28.0,2 Patrick Northeast Drive, Narre Warren VIC 3805,-38.0256,145.3031,37.33,41.9
CASEY,2009,285,,12.0,96,0.2,0.4,0.2,0.2,28.0,2 Patrick Northeast Drive, Narre Warren VIC 3805,-38.0256,145.3031,37.33,41.9
CASEY,2009,290,,12.0,96,0.2,0.4,0.2,0.2,28.0,2 Patrick Northeast Drive, Narre Warren VIC 3805,-38.0256,145.3031,37.33,41.9
CASEY,2009,300,,12.0,96,0.2,0.4,0.2,0.2,28.0,2 Patrick Northeast Drive, Narre Warren VIC 3805,-38.0256,145.3031,37.33,41.9
CASEY,2010,300,,12.0,96,0.2,0.4,0.2,0.2,28.0,2 Patrick Northeast Drive, Narre Warren VIC 3805,-38.0256,145.3031,37.33,41.9
CASEY,2010,310,,12.0,96,0.2,0.4,0.2,0.2,28.0,2 Patrick Northeast Drive, Narre Warren VIC 3805,-38.0256,145.3031,37.33,41.9
CASEY,2010,320,,12.0,96,0.2,0.4,0.2,0.2,28.0,2 Patrick Northeast Drive, Narre Warren VIC 3805,-38.0256,145.3031,37.33,41.9
CASEY,2010,320,,12.0,96,0.2,0.4,0.2,0.2,28.0,2 Patrick Northeast Drive, Narre Warren VIC 3805,-38.0256,145.3031,37.33,41.9
CASEY,2011,320,,12.0,96,0.2,0.4,0.2,0.2,28.0,2 Patrick Northeast Drive, Narre Warren VIC 3805,-38.0256,145.3031,37.33,41.9
CASEY,2011,320,,12.0,96,0.2,0.4,0.2,0.2,28.0,2 Patrick Northeast Drive, Narre Warren VIC 3805,-38.0256,145.3031,37.33,41.9
CASEY,2011,325,,12.0,96,0.2,0.4,0.2,0.2,28.0,2 Patrick Northeast Drive, Narre Warren VIC 3805,-38.0256,145.3031,37.33,41.9
CASEY,2011,325,,12.0,96,0.2,0.4,0.2,0.2,28.0,2 Patrick Northeast Drive, Narre Warren VIC 3805,-38.0256,145.3031,37.33,41.9
CASEY,2012,325,,12.0,96,0.2,0.4,0.2,0.2,28.0,2 Patrick Northeast Drive, Narre Warren VIC 3805,-38.0256,145.3031,37.33,41.9
CASEY,2012,330,,12.0,96,0.2,0.4,0.2,0.2,28.0,2 Patrick Northeast Drive, Narre Warren VIC 3805,-38.0256,145.3031,37.33,41.9
CASEY,2012,330,,12.0,96,0.2,0.4,0.2,0.2,28.0,2 Patrick Northeast Drive, Narre Warren VIC 3805,-38.0256,145.3031,37.33,41.9
CASEY,2012,320,,12.0,96,0.2,0.4,0.2,0.2,28.0,2 Patrick Northeast Drive, Narre Warren VIC 3805,-38.0256,145.3031,37.33,41.9
CASEY,2013,330,,12.0,96,0.2,0.4,0.2,0.2,28.0,2 Patrick Northeast Drive, Narre Warren VIC 3805,-38.0256,145.3031,37.33,41.9
CASEY,2013,330,,12.0,96,0.2,0.4,0.2,0.2,28.0,2 Patrick Northeast Drive, Narre Warren VIC 3805,-38.0256,145.3031,37.33,41.9
CASEY,2013,330,,12.0,96,0.2,0.4,0.2,0.2,28.0,2 Patrick Northeast Drive, Narre Warren VIC 3805,-38.0256,145.3031,37.33,41.9
CASEY,2013,340,,12.0,96,0.2,0.4,0.2,0.2,28.0,2 Patrick Northeast Drive, Narre Warren VIC 3805,-38.0256,145.3031,37.33,41.9
CASEY,2014,330,,12.0,96,0.2,0.4,0.2,0.2,28.0,2 Patrick Northeast Drive, Narre Warren VIC 3805,-38.0256,145.3031,37.33,41.9
CASEY,2014,340,,12.0,96,0.2,0.4,0.2,0.2,28.0,2 Patrick Northeast Drive, Narre Warren VIC 3805,-38.0256,145.3031,37.33,41.9
CASEY,2014,340,,12.0,96,0.2,0.4,0.2,0.2,28.0,2 Patrick Northeast Drive, Narre Warren VIC 3805,-38.0256,145.3031,37.33,41.9
CASEY,2014,350,,12.0,96,0.2,0.4,0.2,0.2,28.0,2 Patrick Northeast Drive, Narre Warren VIC 3805,-38.0256,145.3031,37.33,41.9
CASEY,2015,348,,12.0,96,0.2,0.4,0.2,0.2,28.0,2 Patrick Northeast Drive, Narre Warren VIC 3805,-38.0256,145.3031,37.33,41.9
CASEY,2015,350,,12.0,96,0.2,0.4,0.2,0.2,28.0,2 Patrick Northeast Drive, Narre Warren VIC 3805,-38.0256,145.3031,37.33,41.9
CASEY,2015,350,,12.0,96,0.2,0.4,0.2,0.2,28.0,2 Patrick Northeast Drive, Narre Warren VIC 3805,-38.0256,145.3031,37.33,41.9
CASEY,2015,350,,12.0,96,0.2,0.4,0.2,0.2,28.0,2 Patrick Northeast Drive, Narre Warren VIC 3805,-38.0256,145.3031,37.33,41.9
CASEY,2016,360,24083.0,12.0,96,0.2,0.4,0.2,0.2,28.0,2 Patrick Northeast Drive, Narre Warren VIC 3805,-38.0256,145.3031,37.33,41.9
CASEY,2016,360,24083.0,12.0,96,0.2,0.4,0.2,0.2,28.0,2 Patrick Northeast Drive, Narre Warren VIC 3805,-38.0256,145.3031,37.33,41.9
CASEY,2016,360,24083.0,12.0,96,0.2,0.4,0.2,0.2,28.0,2 Patrick Northeast Drive, Narre Warren VIC 3805,-38.0256,145.3031,37.33,41.9
CASEY,2016,360,24083.0,12.0,96,0.2,0.4,0.2,0.2,28.0,2 Patrick Northeast Drive, Narre Warren VIC 3805,-38.0256,145.3031,37.33,41.9
CASEY,2017,370,21243.0,12.0,96,0.2,0.4,0.2,0.2,28.0,2 Patrick Northeast Drive, Narre Warren VIC 3805,-38.0256,145.3031,37.33,41.9
CASEY,2017,370,21243.0,12.0,96,0.2,0.4,0.2,0.2,28.0,2 Patrick Northeast Drive, Narre Warren VIC 3805,-38.0256,145.3031,37.33,41.9
CASEY,2017,380,21243.0,12.0,96,0.2,0.4,0.2,0.2,28.0,2 Patrick Northeast Drive, Narre Warren VIC 3805,-38.0256,145.3031,37.33,41.9
CASEY,2017,375,21243.0,12.0,96,0.2,0.4,0.2,0.2,28.0,2 Patrick Northeast Drive, Narre Warren VIC 3805,-38.0256,145.3031,37.33,41.9
CASEY,2018,380,21013.0,12.0,96,0.2,0.4,0.2,0.2,28.0,2 Patrick Northeast Drive, Narre Warren VIC 3805,-38.0256,145.3031,37.33,41.9
CASEY,2018,380,21013.0,12.0,96,0.2,0.4,0.2,0.2,28.0,2 Patrick Northeast Drive, Narre Warren VIC 3805,-38.0256,145.3031,37.33,41.9
CASEY,2018,380,21013.0,12.0,96,0.2,0.4,0.2,0.2,28.0,2 Patrick Northeast Drive, Narre Warren VIC 3805,-38.0256,145.3031,37.33,41.9
CASEY,2018,380,21013.0,12.0,96,0.2,0.4,0.2,0.2,28.0,2 Patrick Northeast Drive, Narre Warren VIC 3805,-38.0256,145.3031,37.33,41.9
CASEY,2019,380,22547.0,12.0,96,0.2,0.4,0.2,0.2,28.0,2 Patrick Northeast Drive, Narre Warren VIC 3805,-38.0256,145.3031,37.33,41.9
CASEY,2019,385,22547.0,12.0,96,0.2,0.4,0.2,0.2,28.0,2 Patrick Northeast Drive, Narre Warren VIC 3805,-38.0256,145.3031,37.33,41.9
CASEY,2019,380,22547.0,12.0,96,0.2,0.4,0.2,0.2,28.0,2 Patrick Northeast Drive, Narre Warren VIC 3805,-38.0256,145.3031,37.33,41.9
CASEY,2019,380,22547.0,12.0,96,0.2,0.4,0.2,0.2,28.0,2 Patrick Northeast Drive, Narre Warren VIC 3805,-38.0256,145.3031,37.33,41.9
CASEY,2020,390,23214.0,12.0,96,0.2,0.4,0.2,0.2,28.0,2 Patrick Northeast Drive, Narre Warren VIC 3805,-38.0256,145.3031,37.33,41.9
CASEY,2020,385,23214.0,12.0,96,0.2,0.4,0.2,0.2,28.0,2 Patrick Northeast Drive, Narre Warren VIC 3805,-38.0256,145.3031,37.33,41.9
CASEY,2020,390,23214.0,12.0,96,0.2,0.4,0.2,0.2,28.0,2 Patrick Northeast Drive, Narre Warren VIC 3805,-38.0256,145.3031,37.33,41.9
CASEY,2020,390,23214.0,12.0,96,0.2,0.4,0.2,0.2,28.0,2 Patrick Northeast Drive, Narre Warren VIC 3805,-38.0256,145.3031,37.33,41.9
CASEY,2021,395,19791.0,12.0,96,0.2,0.4,0.2,0.2,28.0,2 Patrick Northeast Drive, Narre Warren VIC 3805,-38.0256,145.3031,37.33,41.9
CASEY,2021,400,19791.0,12.0,96,0.2,0.4,0.2,0.2,28.0,2 Patrick Northeast Drive, Narre Warren VIC 3805,-38.0256,145.3031,37.33,41.9
CASEY,2021,410,19791.0,12.0,96,0.2,0.4,0.2,0.2,28.0,2 Patrick Northeast Drive, Narre Warren VIC 3805,-38.0256,145.3031,37.33,41.9
CASEY,2021,420,19791.0,12.0,96,0.2,0.4,0.2,0.2,28.0,2 Patrick Northeast Drive, Narre Warren VIC 3805,-38.0256,145.3031,37.33,41.9
CASEY,2022,420,20890.0,12.0,96,0.2,0.4,0.2,0.2,28.0,2 Patrick Northeast Drive, Narre Warren VIC 3805,-38.0256,145.3031,37.33,41.9
CASEY,2022,430,20890.0,12.0,96,0.2,0.4,0.2,0.2,28.0,2 Patrick Northeast Drive, Narre Warren VIC 3805,-38.0256,145.3031,37.33,41.9
CASEY,2022,450,20890.0,12.0,96,0.2,0.4,0.2,0.2,28.0,2 Patrick Northeast Drive, Narre Warren VIC 3805,-38.0256,145.3031,37.33,41.9
CASEY,2022,450,20890.0,12.0,96,0.2,0.4,0.2,0.2,28.0,2 Patrick Northeast Drive, Narre Warren VIC 3805,-38.0256,145.3031,37.33,41.9
CASEY,2023,470,23394.0,12.0,96,0.2,0.4,0.2,0.2,28.0,2 Patrick Northeast Drive, Narre Warren VIC 3805,-38.0256,145.3031,37.33,41.9
CASEY,2023,485,23394.0,12.0,96,0.2,0.4,0.2,0.2,28.0,2 Patrick Northeast Drive, Narre Warren VIC 3805,-38.0256,145.3031,37.33,41.9
CASEY,2023,510,23394.0,12.0,96,0.2,0.4,0.2,0.2,28.0,2 Patrick Northeast Drive, Narre Warren VIC 3805,-38.0256,145.3031,37.33,41.9
CASEY,2023,525,23394.0,12.0,96,0.2,0.4,0.2,0.2,28.0,2 Patrick Northeast Drive, Narre Warren VIC 3805,-38.0256,145.3031,37.33,41.9
CASEY,2024,550,27251.0,12.0,96,0.2,0.4,0.2,0.2,28.0,2 Patrick Northeast Drive, Narre Warren VIC 3805,-38.0256,145.3031,37.33,41.9
CASEY,2024,560,27251.0,12.0,96,0.2,0.4,0.2,0.2,28.0,2 Patrick Northeast Drive, Narre Warren VIC 3805,-38.0256,145.3031,37.33,41.9
CASEY,2024,576,27251.0,12.0,96,0.2,0.4,0.2,0.2,28.0,2 Patrick Northeast Drive, Narre Warren VIC 3805,-38.0256,145.3031,37.33,41.9
CASEY,2024,575,27251.0,12.0,96,0.2,0.4,0.2,0.2,28.0,2 Patrick Northeast Drive, Narre Warren VIC 3805,-38.0256,145.3031,37.33,41.9
CASEY,2025,575,31012.0,12.0,96,0.2,0.4,0.2,0.2,28.0,2 Patrick Northeast Drive, Narre Warren VIC 3805,-38.0256,145.3031,37.33,41.9
CASEY,2025,575,31012.0,12.0,96,0.2,0.4,0.2,0.2,28.0,2 Patrick Northeast Drive, Narre Warren VIC 3805,-38.0256,145.3031,37.33,41.9
CASEY,2025,580,31012.0,12.0,96,0.2,0.4,0.2,0.2,28.0,2 Patrick Northeast Drive, Narre Warren VIC 3805,-38.0256,145.3031,37.33,41.9
CENTRAL GOLDFIELDS,1999,110,,1.0,8,0.3,0.8,0.6,0.2,41.0,,,,,,
CENTRAL GOLDFIELDS,1999,110,,1.0,8,0.3,0.8,0.6,0.2,41.0,,,,,,
CENTRAL GOLDFIELDS,1999,110,,1.0,8,0.3,0.8,0.6,0.2,41.0,,,,,,
CENTRAL GOLDFIELDS,2000,115,,1.0,8,0.3,0.8,0.6,0.2,41.0,,,,,,
CENTRAL GOLDFIELDS,2000,110,,1.0,8,0.3,0.8,0.6,0.2,41.0,,,,,,
CENTRAL GOLDFIELDS,2000,110,,1.0,8,0.3,0.8,0.6,0.2,41.0,,,,,,
CENTRAL GOLDFIELDS,2000,115,,1.0,8,0.3,0.8,0.6,0.2,41.0,,,,,,
CENTRAL GOLDFIELDS,2001,115,,1.0,8,0.3,0.8,0.6,0.2,41.0,,,,,,
CENTRAL GOLDFIELDS,2001,110,,1.0,8,0.3,0.8,0.6,0.2,41.0,,,,,,
CENTRAL GOLDFIELDS,2001,115,,1.0,8,0.3,0.8,0.6,0.2,41.0,,,,,,
CENTRAL GOLDFIELDS,2001,120,,1.0,8,0.3,0.8,0.6,0.2,41.0,,,,,,
CENTRAL GOLDFIELDS,2002,120,,1.0,8,0.3,0.8,0.6,0.2,41.0,,,,,,
CENTRAL GOLDFIELDS,2002,120,,1.0,8,0.3,0.8,0.6,0.2,41.0,,,,,,
CENTRAL GOLDFIELDS,2002,125,,1.0,8,0.3,0.8,0.6,0.2,41.0,,,,,,
CENTRAL GOLDFIELDS,2002,125,,1.0,8,0.3,0.8,0.6,0.2,41.0,,,,,,
CENTRAL GOLDFIELDS,2003,125,,1.0,8,0.3,0.8,0.6,0.2,41.0,,,,,,
CENTRAL GOLDFIELDS,2003,130,,1.0,8,0.3,0.8,0.6,0.2,41.0,,,,,,
CENTRAL GOLDFIELDS,2003,130,,1.0,8,0.3,0.8,0.6,0.2,41.0,,,,,,
CENTRAL GOLDFIELDS,2003,130,,1.0,8,0.3,0.8,0.6,0.2,41.0,,,,,,
CENTRAL GOLDFIELDS,2004,130,,1.0,8,0.3,0.8,0.6,0.2,41.0,,,,,,
CENTRAL GOLDFIELDS,2004,140,,1.0,8,0.3,0.8,0.6,0.2,41.0,,,,,,
CENTRAL GOLDFIELDS,2004,140,,1.0,8,0.3,0.8,0.6,0.2,41.0,,,,,,
CENTRAL GOLDFIELDS,2004,140,,1.0,8,0.3,0.8,0.6,0.2,41.0,,,,,,
CENTRAL GOLDFIELDS,2005,145,,1.0,8,0.3,0.8,0.6,0.2,41.0,,,,,,
CENTRAL GOLDFIELDS,2005,140,,1.0,8,0.3,0.8,0.6,0.2,41.0,,,,,,
CENTRAL GOLDFIELDS,2005,140,,1.0,8,0.3,0.8,0.6,0.2,41.0,,,,,,
CENTRAL GOLDFIELDS,2005,138,,1.0,8,0.3,0.8,0.6,0.2,41.0,,,,,,
CENTRAL GOLDFIELDS,2006,145,,1.0,8,0.3,0.8,0.6,0.2,41.0,,,,,,
CENTRAL GOLDFIELDS,2006,145,,1.0,8,0.3,0.8,0.6,0.2,41.0,,,,,,
CENTRAL GOLDFIELDS,2006,145,,1.0,8,0.3,0.8,0.6,0.2,41.0,,,,,,
CENTRAL GOLDFIELDS,2006,143,,1.0,8,0.3,0.8,0.6,0.2,41.0,,,,,,
CENTRAL GOLDFIELDS,2007,150,,1.0,8,0.3,0.8,0.6,0.2,41.0,,,,,,
CENTRAL GOLDFIELDS,2007,150,,1.0,8,0.3,0.8,0.6,0.2,41.0,,,,,,
CENTRAL GOLDFIELDS,2007,150,,1.0,8,0.3,0.8,0.6,0.2,41.0,,,,,,
CENTRAL GOLDFIELDS,2007,155,,1.0,8,0.3,0.8,0.6,0.2,41.0,,,,,,
CENTRAL GOLDFIELDS,2008,155,,1.0,8,0.3,0.8,0.6,0.2,41.0,,,,,,
CENTRAL GOLDFIELDS,2008,165,,1.0,8,0.3,0.8,0.6,0.2,41.0,,,,,,
CENTRAL GOLDFIELDS,2008,165,,1.0,8,0.3,0.8,0.6,0.2,41.0,,,,,,
CENTRAL GOLDFIELDS,2008,166,,1.0,8,0.3,0.8,0.6,0.2,41.0,,,,,,
CENTRAL GOLDFIELDS,2009,175,,1.0,8,0.3,0.8,0.6,0.2,41.0,,,,,,
CENTRAL GOLDFIELDS,2009,170,,1.0,8,0.3,0.8,0.6,0.2,41.0,,,,,,
CENTRAL GOLDFIELDS,2009,168,,1.0,8,0.3,0.8,0.6,0.2,41.0,,,,,,
CENTRAL GOLDFIELDS,2009,170,,1.0,8,0.3,0.8,0.6,0.2,41.0,,,,,,
CENTRAL GOLDFIELDS,2010,185,,1.0,8,0.3,0.8,0.6,0.2,41.0,,,,,,
CENTRAL GOLDFIELDS,2010,175,,1.0,8,0.3,0.8,0.6,0.2,41.0,,,,,,
CENTRAL GOLDFIELDS,2010,188,,1.0,8,0.3,0.8,0.6,0.2,41.0,,,,,,
CENTRAL GOLDFIELDS,2010,185,,1.0,8,0.3,0.8,0.6,0.2,41.0,,,,,,
CENTRAL GOLDFIELDS,2011,195,,1.0,8,0.3,0.8,0.6,0.2,41.0,,,,,,
CENTRAL GOLDFIELDS,2011,200,,1.0,8,0.3,0.8,0.6,0.2,41.0,,,,,,
CENTRAL GOLDFIELDS,2011,205,,1.0,8,0.3,0.8,0.6,0.2,41.0,,,,,,
CENTRAL GOLDFIELDS,2011,220,,1.0,8,0.3,0.8,0.6,0.2,41.0,,,,,,
CENTRAL GOLDFIELDS,2012,208,,1.0,8,0.3,0.8,0.6,0.2,41.0,,,,,,
CENTRAL GOLDFIELDS,2012,200,,1.0,8,0.3,0.8,0.6,0.2,41.0,,,,,,
CENTRAL GOLDFIELDS,2012,200,,1.0,8,0.3,0.8,0.6,0.2,41.0,,,,,,
CENTRAL GOLDFIELDS,2012,225,,1.0,8,0.3,0.8,0.6,0.2,41.0,,,,,,
CENTRAL GOLDFIELDS,2013,220,,1.0,8,0.3,0.8,0.6,0.2,41.0,,,,,,
CENTRAL GOLDFIELDS,2013,225,,1.0,8,0.3,0.8,0.6,0.2,41.0,,,,,,
CENTRAL GOLDFIELDS,2013,220,,1.0,8,0.3,0.8,0.6,0.2,41.0,,,,,,
CENTRAL GOLDFIELDS,2013,230,,1.0,8,0.3,0.8,0.6,0.2,41.0,,,,,,
CENTRAL GOLDFIELDS,2014,220,,1.0,8,0.3,0.8,0.6,0.2,41.0,,,,,,
CENTRAL GOLDFIELDS,2014,220,,1.0,8,0.3,0.8,0.6,0.2,41.0,,,,,,
CENTRAL GOLDFIELDS,2014,225,,1.0,8,0.3,0.8,0.6,0.2,41.0,,,,,,
CENTRAL GOLDFIELDS,2014,228,,1.0,8,0.3,0.8,0.6,0.2,41.0,,,,,,
CENTRAL GOLDFIELDS,2015,233,,1.0,8,0.3,0.8,0.6,0.2,41.0,,,,,,
CENTRAL GOLDFIELDS,2015,240,,1.0,8,0.3,0.8,0.6,0.2,41.0,,,,,,
CENTRAL GOLDFIELDS,2015,230,,1.0,8,0.3,0.8,0.6,0.2,41.0,,,,,,
CENTRAL GOLDFIELDS,2015,230,,1.0,8,0.3,0.8,0.6,0.2,41.0,,,,,,
CENTRAL GOLDFIELDS,2016,240,1508.0,1.0,8,0.3,0.8,0.6,0.2,41.0,,,,,,
CENTRAL GOLDFIELDS,2016,225,1508.0,1.0,8,0.3,0.8,0.6,0.2,41.0,,,,,,
CENTRAL GOLDFIELDS,2016,230,1508.0,1.0,8,0.3,0.8,0.6,0.2,41.0,,,,,,
CENTRAL GOLDFIELDS,2016,230,1508.0,1.0,8,0.3,0.8,0.6,0.2,41.0,,,,,,
CENTRAL GOLDFIELDS,2017,235,1452.0,1.0,8,0.3,0.8,0.6,0.2,41.0,,,,,,
CENTRAL GOLDFIELDS,2017,240,1452.0,1.0,8,0.3,0.8,0.6,0.2,41.0,,,,,,
CENTRAL GOLDFIELDS,2017,230,1452.0,1.0,8,0.3,0.8,0.6,0.2,41.0,,,,,,
CENTRAL GOLDFIELDS,2017,225,1452.0,1.0,8,0.3,0.8,0.6,0.2,41.0,,,,,,
CENTRAL GOLDFIELDS,2018,250,1295.0,1.0,8,0.3,0.8,0.6,0.2,41.0,,,,,,
CENTRAL GOLDFIELDS,2018,250,1295.0,1.0,8,0.3,0.8,0.6,0.2,41.0,,,,,,
CENTRAL GOLDFIELDS,2018,250,1295.0,1.0,8,0.3,0.8,0.6,0.2,41.0,,,,,,
CENTRAL GOLDFIELDS,2018,258,1295.0,1.0,8,0.3,0.8,0.6,0.2,41.0,,,,,,
CENTRAL GOLDFIELDS,2019,250,1411.0,1.0,8,0.3,0.8,0.6,0.2,41.0,,,,,,
CENTRAL GOLDFIELDS,2019,250,1411.0,1.0,8,0.3,0.8,0.6,0.2,41.0,,,,,,
CENTRAL GOLDFIELDS,2019,255,1411.0,1.0,8,0.3,0.8,0.6,0.2,41.0,,,,,,
CENTRAL GOLDFIELDS,2019,265,1411.0,1.0,8,0.3,0.8,0.6,0.2,41.0,,,,,,
CENTRAL GOLDFIELDS,2020,265,1162.0,1.0,8,0.3,0.8,0.6,0.2,41.0,,,,,,
CENTRAL GOLDFIELDS,2020,250,1162.0,1.0,8,0.3,0.8,0.6,0.2,41.0,,,,,,
CENTRAL GOLDFIELDS,2020,283,1162.0,1.0,8,0.3,0.8,0.6,0.2,41.0,,,,,,
CENTRAL GOLDFIELDS,2020,280,1162.0,1.0,8,0.3,0.8,0.6,0.2,41.0,,,,,,
CENTRAL GOLDFIELDS,2021,280,1082.0,1.0,8,0.3,0.8,0.6,0.2,41.0,,,,,,
CENTRAL GOLDFIELDS,2021,290,1082.0,1.0,8,0.3,0.8,0.6,0.2,41.0,,,,,,
CENTRAL GOLDFIELDS,2021,300,1082.0,1.0,8,0.3,0.8,0.6,0.2,41.0,,,,,,
CENTRAL GOLDFIELDS,2021,295,1082.0,1.0,8,0.3,0.8,0.6,0.2,41.0,,,,,,
CENTRAL GOLDFIELDS,2022,300,1174.0,1.0,8,0.3,0.8,0.6,0.2,41.0,,,,,,
CENTRAL GOLDFIELDS,2022,310,1174.0,1.0,8,0.3,0.8,0.6,0.2,41.0,,,,,,
CENTRAL GOLDFIELDS,2022,315,1174.0,1.0,8,0.3,0.8,0.6,0.2,41.0,,,,,,
CENTRAL GOLDFIELDS,2022,320,1174.0,1.0,8,0.3,0.8,0.6,0.2,41.0,,,,,,
CENTRAL GOLDFIELDS,2023,330,1201.0,1.0,8,0.3,0.8,0.6,0.2,41.0,,,,,,
CENTRAL GOLDFIELDS,2023,330,1201.0,1.0,8,0.3,0.8,0.6,0.2,41.0,,,,,,
CENTRAL GOLDFIELDS,2023,350,1201.0,1.0,8,0.3,0.8,0.6,0.2,41.0,,,,,,
CENTRAL GOLDFIELDS,2023,350,1201.0,1.0,8,0.3,0.8,0.6,0.2,41.0,,,,,,
CENTRAL GOLDFIELDS,2024,350,1750.0,1.0,8,0.3,0.8,0.6,0.2,41.0,,,,,,
CENTRAL GOLDFIELDS,2024,360,1750.0,1.0,8,0.3,0.8,0.6,0.2,41.0,,,,,,
CENTRAL GOLDFIELDS,2024,350,1750.0,1.0,8,0.3,0.8,0.6,0.2,41.0,,,,,,
CENTRAL GOLDFIELDS,2024,380,1750.0,1.0,8,0.3,0.8,0.6,0.2,41.0,,,,,,
CENTRAL GOLDFIELDS,2025,360,1441.0,1.0,8,0.3,0.8,0.6,0.2,41.0,,,,,,
CENTRAL GOLDFIELDS,2025,370,1441.0,1.0,8,0.3,0.8,0.6,0.2,41.0,,,,,,
CENTRAL GOLDFIELDS,2025,380,1441.0,1.0,8,0.3,0.8,0.6,0.2,41.0,,,,,,
COLAC-OTWAY,1999,115,,,17,0.3,1.0,0.2,0.2,28.9,,,,,,
COLAC-OTWAY,1999,113,,,17,0.3,1.0,0.2,0.2,28.9,,,,,,
COLAC-OTWAY,1999,115,,,17,0.3,1.0,0.2,0.2,28.9,,,,,,
COLAC-OTWAY,2000,115,,,17,0.3,1.0,0.2,0.2,28.9,,,,,,
COLAC-OTWAY,2000,120,,,17,0.3,1.0,0.2,0.2,28.9,,,,,,
COLAC-OTWAY,2000,120,,,17,0.3,1.0,0.2,0.2,28.9,,,,,,
COLAC-OTWAY,2000,120,,,17,0.3,1.0,0.2,0.2,28.9,,,,,,
COLAC-OTWAY,2001,120,,,17,0.3,1.0,0.2,0.2,28.9,,,,,,
COLAC-OTWAY,2001,130,,,17,0.3,1.0,0.2,0.2,28.9,,,,,,
COLAC-OTWAY,2001,130,,,17,0.3,1.0,0.2,0.2,28.9,,,,,,
COLAC-OTWAY,2001,130,,,17,0.3,1.0,0.2,0.2,28.9,,,,,,
COLAC-OTWAY,2002,140,,,17,0.3,1.0,0.2,0.2,28.9,,,,,,
COLAC-OTWAY,2002,145,,,17,0.3,1.0,0.2,0.2,28.9,,,,,,
COLAC-OTWAY,2002,150,,,17,0.3,1.0,0.2,0.2,28.9,,,,,,
COLAC-OTWAY,2002,150,,,17,0.3,1.0,0.2,0.2,28.9,,,,,,
COLAC-OTWAY,2003,160,,,17,0.3,1.0,0.2,0.2,28.9,,,,,,
COLAC-OTWAY,2003,158,,,17,0.3,1.0,0.2,0.2,28.9,,,,,,
COLAC-OTWAY,2003,160,,,17,0.3,1.0,0.2,0.2,28.9,,,,,,
COLAC-OTWAY,2003,160,,,17,0.3,1.0,0.2,0.2,28.9,,,,,,
COLAC-OTWAY,2004,163,,,17,0.3,1.0,0.2,0.2,28.9,,,,,,
COLAC-OTWAY,2004,163,,,17,0.3,1.0,0.2,0.2,28.9,,,,,,
COLAC-OTWAY,2004,170,,,17,0.3,1.0,0.2,0.2,28.9,,,,,,
COLAC-OTWAY,2004,165,,,17,0.3,1.0,0.2,0.2,28.9,,,,,,
COLAC-OTWAY,2005,170,,,17,0.3,1.0,0.2,0.2,28.9,,,,,,
COLAC-OTWAY,2005,170,,,17,0.3,1.0,0.2,0.2,28.9,,,,,,
COLAC-OTWAY,2005,170,,,17,0.3,1.0,0.2,0.2,28.9,,,,,,
COLAC-OTWAY,2005,180,,,17,0.3,1.0,0.2,0.2,28.9,,,,,,
COLAC-OTWAY,2006,175,,,17,0.3,1.0,0.2,0.2,28.9,,,,,,
COLAC-OTWAY,2006,180,,,17,0.3,1.0,0.2,0.2,28.9,,,,,,
COLAC-OTWAY,2006,170,,,17,0.3,1.0,0.2,0.2,28.9,,,,,,
COLAC-OTWAY,2006,175,,,17,0.3,1.0,0.2,0.2,28.9,,,,,,
COLAC-OTWAY,2007,180,,,17,0.3,1.0,0.2,0.2,28.9,,,,,,
COLAC-OTWAY,2007,175,,,17,0.3,1.0,0.2,0.2,28.9,,,,,,
COLAC-OTWAY,2007,185,,,17,0.3,1.0,0.2,0.2,28.9,,,,,,
COLAC-OTWAY,2007,185,,,17,0.3,1.0,0.2,0.2,28.9,,,,,,
COLAC-OTWAY,2008,195,,,17,0.3,1.0,0.2,0.2,28.9,,,,,,
COLAC-OTWAY,2008,200,,,17,0.3,1.0,0.2,0.2,28.9,,,,,,
COLAC-OTWAY,2008,195,,,17,0.3,1.0,0.2,0.2,28.9,,,,,,
COLAC-OTWAY,2008,200,,,17,0.3,1.0,0.2,0.2,28.9,,,,,,
COLAC-OTWAY,2009,200,,,17,0.3,1.0,0.2,0.2,28.9,,,,,,
COLAC-OTWAY,2009,210,,,17,0.3,1.0,0.2,0.2,28.9,,,,,,
COLAC-OTWAY,2009,200,,,17,0.3,1.0,0.2,0.2,28.9,,,,,,
COLAC-OTWAY,2009,210,,,17,0.3,1.0,0.2,0.2,28.9,,,,,,
COLAC-OTWAY,2010,220,,,17,0.3,1.0,0.2,0.2,28.9,,,,,,
COLAC-OTWAY,2010,210,,,17,0.3,1.0,0.2,0.2,28.9,,,,,,
COLAC-OTWAY,2010,220,,,17,0.3,1.0,0.2,0.2,28.9,,,,,,
COLAC-OTWAY,2010,210,,,17,0.3,1.0,0.2,0.2,28.9,,,,,,
COLAC-OTWAY,2011,220,,,17,0.3,1.0,0.2,0.2,28.9,,,,,,
COLAC-OTWAY,2011,223,,,17,0.3,1.0,0.2,0.2,28.9,,,,,,
COLAC-OTWAY,2011,230,,,17,0.3,1.0,0.2,0.2,28.9,,,,,,
COLAC-OTWAY,2011,230,,,17,0.3,1.0,0.2,0.2,28.9,,,,,,
COLAC-OTWAY,2012,225,,,17,0.3,1.0,0.2,0.2,28.9,,,,,,
COLAC-OTWAY,2012,230,,,17,0.3,1.0,0.2,0.2,28.9,,,,,,
COLAC-OTWAY,2012,240,,,17,0.3,1.0,0.2,0.2,28.9,,,,,,
COLAC-OTWAY,2012,248,,,17,0.3,1.0,0.2,0.2,28.9,,,,,,
COLAC-OTWAY,2013,240,,,17,0.3,1.0,0.2,0.2,28.9,,,,,,
COLAC-OTWAY,2013,250,,,17,0.3,1.0,0.2,0.2,28.9,,,,,,
COLAC-OTWAY,2013,240,,,17,0.3,1.0,0.2,0.2,28.9,,,,,,
COLAC-OTWAY,2013,250,,,17,0.3,1.0,0.2,0.2,28.9,,,,,,
COLAC-OTWAY,2014,250,,,17,0.3,1.0,0.2,0.2,28.9,,,,,,
COLAC-OTWAY,2014,248,,,17,0.3,1.0,0.2,0.2,28.9,,,,,,
COLAC-OTWAY,2014,250,,,17,0.3,1.0,0.2,0.2,28.9,,,,,,
COLAC-OTWAY,2014,258,,,17,0.3,1.0,0.2,0.2,28.9,,,,,,
COLAC-OTWAY,2015,250,,,17,0.3,1.0,0.2,0.2,28.9,,,,,,
COLAC-OTWAY,2015,260,,,17,0.3,1.0,0.2,0.2,28.9,,,,,,
COLAC-OTWAY,2015,260,,,17,0.3,1.0,0.2,0.2,28.9,,,,,,
COLAC-OTWAY,2015,260,,,17,0.3,1.0,0.2,0.2,28.9,,,,,,
COLAC-OTWAY,2016,270,1994.0,,17,0.3,1.0,0.2,0.2,28.9,,,,,,
COLAC-OTWAY,2016,280,1994.0,,17,0.3,1.0,0.2,0.2,28.9,,,,,,
COLAC-OTWAY,2016,265,1994.0,,17,0.3,1.0,0.2,0.2,28.9,,,,,,
COLAC-OTWAY,2016,260,1994.0,,17,0.3,1.0,0.2,0.2,28.9,,,,,,
COLAC-OTWAY,2017,280,1741.0,,17,0.3,1.0,0.2,0.2,28.9,,,,,,
COLAC-OTWAY,2017,280,1741.0,,17,0.3,1.0,0.2,0.2,28.9,,,,,,
COLAC-OTWAY,2017,280,1741.0,,17,0.3,1.0,0.2,0.2,28.9,,,,,,
COLAC-OTWAY,2017,285,1741.0,,17,0.3,1.0,0.2,0.2,28.9,,,,,,
COLAC-OTWAY,2018,280,1595.0,,17,0.3,1.0,0.2,0.2,28.9,,,,,,
COLAC-OTWAY,2018,285,1595.0,,17,0.3,1.0,0.2,0.2,28.9,,,,,,
COLAC-OTWAY,2018,300,1595.0,,17,0.3,1.0,0.2,0.2,28.9,,,,,,
COLAC-OTWAY,2018,300,1595.0,,17,0.3,1.0,0.2,0.2,28.9,,,,,,
COLAC-OTWAY,2019,315,1637.0,,17,0.3,1.0,0.2,0.2,28.9,,,,,,
COLAC-OTWAY,2019,320,1637.0,,17,0.3,1.0,0.2,0.2,28.9,,,,,,
COLAC-OTWAY,2019,310,1637.0,,17,0.3,1.0,0.2,0.2,28.9,,,,,,
COLAC-OTWAY,2019,305,1637.0,,17,0.3,1.0,0.2,0.2,28.9,,,,,,
COLAC-OTWAY,2020,320,1810.0,,17,0.3,1.0,0.2,0.2,28.9,,,,,,
COLAC-OTWAY,2020,310,1810.0,,17,0.3,1.0,0.2,0.2,28.9,,,,,,
COLAC-OTWAY,2020,340,1810.0,,17,0.3,1.0,0.2,0.2,28.9,,,,,,
COLAC-OTWAY,2020,325,1810.0,,17,0.3,1.0,0.2,0.2,28.9,,,,,,
COLAC-OTWAY,2021,340,1551.0,,17,0.3,1.0,0.2,0.2,28.9,,,,,,
COLAC-OTWAY,2021,340,1551.0,,17,0.3,1.0,0.2,0.2,28.9,,,,,,
COLAC-OTWAY,2021,350,1551.0,,17,0.3,1.0,0.2,0.2,28.9,,,,,,
COLAC-OTWAY,2021,380,1551.0,,17,0.3,1.0,0.2,0.2,28.9,,,,,,
COLAC-OTWAY,2022,380,1550.0,,17,0.3,1.0,0.2,0.2,28.9,,,,,,
COLAC-OTWAY,2022,380,1550.0,,17,0.3,1.0,0.2,0.2,28.9,,,,,,
COLAC-OTWAY,2022,395,1550.0,,17,0.3,1.0,0.2,0.2,28.9,,,,,,
COLAC-OTWAY,2022,400,1550.0,,17,0.3,1.0,0.2,0.2,28.9,,,,,,
COLAC-OTWAY,2023,423,1472.0,,17,0.3,1.0,0.2,0.2,28.9,,,,,,
COLAC-OTWAY,2023,410,1472.0,,17,0.3,1.0,0.2,0.2,28.9,,,,,,
COLAC-OTWAY,2023,435,1472.0,,17,0.3,1.0,0.2,0.2,28.9,,,,,,
COLAC-OTWAY,2023,405,1472.0,,17,0.3,1.0,0.2,0.2,28.9,,,,,,
COLAC-OTWAY,2024,428,1956.0,,17,0.3,1.0,0.2,0.2,28.9,,,,,,
COLAC-OTWAY,2024,423,1956.0,,17,0.3,1.0,0.2,0.2,28.9,,,,,,
COLAC-OTWAY,2024,435,1956.0,,17,0.3,1.0,0.2,0.2,28.9,,,,,,
COLAC-OTWAY,2024,430,1956.0,,17,0.3,1.0,0.2,0.2,28.9,,,,,,
COLAC-OTWAY,2025,460,1934.0,,17,0.3,1.0,0.2,0.2,28.9,,,,,,
COLAC-OTWAY,2025,450,1934.0,,17,0.3,1.0,0.2,0.2,28.9,,,,,,
COLAC-OTWAY,2025,450,1934.0,,17,0.3,1.0,0.2,0.2,28.9,,,,,,
CORANGAMITE,1999,93,,,14,0.6,1.8,0.3,0.4,38.8,,,,,,
CORANGAMITE,1999,90,,,14,0.6,1.8,0.3,0.4,38.8,,,,,,
CORANGAMITE,1999,100,,,14,0.6,1.8,0.3,0.4,38.8,,,,,,
CORANGAMITE,2000,100,,,14,0.6,1.8,0.3,0.4,38.8,,,,,,
CORANGAMITE,2000,100,,,14,0.6,1.8,0.3,0.4,38.8,,,,,,
CORANGAMITE,2000,100,,,14,0.6,1.8,0.3,0.4,38.8,,,,,,
CORANGAMITE,2000,100,,,14,0.6,1.8,0.3,0.4,38.8,,,,,,
CORANGAMITE,2001,100,,,14,0.6,1.8,0.3,0.4,38.8,,,,,,
CORANGAMITE,2001,110,,,14,0.6,1.8,0.3,0.4,38.8,,,,,,
CORANGAMITE,2001,110,,,14,0.6,1.8,0.3,0.4,38.8,,,,,,
CORANGAMITE,2001,110,,,14,0.6,1.8,0.3,0.4,38.8,,,,,,
CORANGAMITE,2002,110,,,14,0.6,1.8,0.3,0.4,38.8,,,,,,
CORANGAMITE,2002,110,,,14,0.6,1.8,0.3,0.4,38.8,,,,,,
CORANGAMITE,2002,118,,,14,0.6,1.8,0.3,0.4,38.8,,,,,,
CORANGAMITE,2002,120,,,14,0.6,1.8,0.3,0.4,38.8,,,,,,
CORANGAMITE,2003,120,,,14,0.6,1.8,0.3,0.4,38.8,,,,,,
CORANGAMITE,2003,125,,,14,0.6,1.8,0.3,0.4,38.8,,,,,,
CORANGAMITE,2003,120,,,14,0.6,1.8,0.3,0.4,38.8,,,,,,
CORANGAMITE,2003,130,,,14,0.6,1.8,0.3,0.4,38.8,,,,,,
CORANGAMITE,2004,125,,,14,0.6,1.8,0.3,0.4,38.8,,,,,,
CORANGAMITE,2004,140,,,14,0.6,1.8,0.3,0.4,38.8,,,,,,
CORANGAMITE,2004,135,,,14,0.6,1.8,0.3,0.4,38.8,,,,,,
CORANGAMITE,2004,140,,,14,0.6,1.8,0.3,0.4,38.8,,,,,,
CORANGAMITE,2005,150,,,14,0.6,1.8,0.3,0.4,38.8,,,,,,
CORANGAMITE,2005,140,,,14,0.6,1.8,0.3,0.4,38.8,,,,,,
CORANGAMITE,2005,150,,,14,0.6,1.8,0.3,0.4,38.8,,,,,,
CORANGAMITE,2005,150,,,14,0.6,1.8,0.3,0.4,38.8,,,,,,
CORANGAMITE,2006,170,,,14,0.6,1.8,0.3,0.4,38.8,,,,,,
CORANGAMITE,2006,160,,,14,0.6,1.8,0.3,0.4,38.8,,,,,,
CORANGAMITE,2006,160,,,14,0.6,1.8,0.3,0.4,38.8,,,,,,
CORANGAMITE,2006,160,,,14,0.6,1.8,0.3,0.4,38.8,,,,,,
CORANGAMITE,2007,165,,,14,0.6,1.8,0.3,0.4,38.8,,,,,,
CORANGAMITE,2007,175,,,14,0.6,1.8,0.3,0.4,38.8,,,,,,
CORANGAMITE,2007,165,,,14,0.6,1.8,0.3,0.4,38.8,,,,,,
CORANGAMITE,2007,160,,,14,0.6,1.8,0.3,0.4,38.8,,,,,,
CORANGAMITE,2008,165,,,14,0.6,1.8,0.3,0.4,38.8,,,,,,
CORANGAMITE,2008,163,,,14,0.6,1.8,0.3,0.4,38.8,,,,,,
CORANGAMITE,2008,180,,,14,0.6,1.8,0.3,0.4,38.8,,,,,,
CORANGAMITE,2008,170,,,14,0.6,1.8,0.3,0.4,38.8,,,,,,
CORANGAMITE,2009,175,,,14,0.6,1.8,0.3,0.4,38.8,,,,,,
CORANGAMITE,2009,180,,,14,0.6,1.8,0.3,0.4,38.8,,,,,,
CORANGAMITE,2009,200,,,14,0.6,1.8,0.3,0.4,38.8,,,,,,
CORANGAMITE,2009,190,,,14,0.6,1.8,0.3,0.4,38.8,,,,,,
CORANGAMITE,2010,202,,,14,0.6,1.8,0.3,0.4,38.8,,,,,,
CORANGAMITE,2010,200,,,14,0.6,1.8,0.3,0.4,38.8,,,,,,
CORANGAMITE,2010,200,,,14,0.6,1.8,0.3,0.4,38.8,,,,,,
CORANGAMITE,2010,195,,,14,0.6,1.8,0.3,0.4,38.8,,,,,,
CORANGAMITE,2011,190,,,14,0.6,1.8,0.3,0.4,38.8,,,,,,
CORANGAMITE,2011,200,,,14,0.6,1.8,0.3,0.4,38.8,,,,,,
CORANGAMITE,2011,205,,,14,0.6,1.8,0.3,0.4,38.8,,,,,,
CORANGAMITE,2011,200,,,14,0.6,1.8,0.3,0.4,38.8,,,,,,
CORANGAMITE,2012,210,,,14,0.6,1.8,0.3,0.4,38.8,,,,,,
CORANGAMITE,2012,200,,,14,0.6,1.8,0.3,0.4,38.8,,,,,,
CORANGAMITE,2012,200,,,14,0.6,1.8,0.3,0.4,38.8,,,,,,
CORANGAMITE,2012,215,,,14,0.6,1.8,0.3,0.4,38.8,,,,,,
CORANGAMITE,2013,220,,,14,0.6,1.8,0.3,0.4,38.8,,,,,,
CORANGAMITE,2013,200,,,14,0.6,1.8,0.3,0.4,38.8,,,,,,
CORANGAMITE,2013,213,,,14,0.6,1.8,0.3,0.4,38.8,,,,,,
CORANGAMITE,2013,210,,,14,0.6,1.8,0.3,0.4,38.8,,,,,,
CORANGAMITE,2014,225,,,14,0.6,1.8,0.3,0.4,38.8,,,,,,
CORANGAMITE,2014,220,,,14,0.6,1.8,0.3,0.4,38.8,,,,,,
CORANGAMITE,2014,210,,,14,0.6,1.8,0.3,0.4,38.8,,,,,,
CORANGAMITE,2014,230,,,14,0.6,1.8,0.3,0.4,38.8,,,,,,
CORANGAMITE,2015,220,,,14,0.6,1.8,0.3,0.4,38.8,,,,,,
CORANGAMITE,2015,230,,,14,0.6,1.8,0.3,0.4,38.8,,,,,,
CORANGAMITE,2015,220,,,14,0.6,1.8,0.3,0.4,38.8,,,,,,
CORANGAMITE,2015,235,,,14,0.6,1.8,0.3,0.4,38.8,,,,,,
CORANGAMITE,2016,250,958.0,,14,0.6,1.8,0.3,0.4,38.8,,,,,,
CORANGAMITE,2016,230,958.0,,14,0.6,1.8,0.3,0.4,38.8,,,,,,
CORANGAMITE,2016,240,958.0,,14,0.6,1.8,0.3,0.4,38.8,,,,,,
CORANGAMITE,2016,245,958.0,,14,0.6,1.8,0.3,0.4,38.8,,,,,,
CORANGAMITE,2017,240,1013.0,,14,0.6,1.8,0.3,0.4,38.8,,,,,,
CORANGAMITE,2017,238,1013.0,,14,0.6,1.8,0.3,0.4,38.8,,,,,,
CORANGAMITE,2017,235,1013.0,,14,0.6,1.8,0.3,0.4,38.8,,,,,,
CORANGAMITE,2017,240,1013.0,,14,0.6,1.8,0.3,0.4,38.8,,,,,,
CORANGAMITE,2018,250,715.0,,14,0.6,1.8,0.3,0.4,38.8,,,,,,
CORANGAMITE,2018,245,715.0,,14,0.6,1.8,0.3,0.4,38.8,,,,,,
CORANGAMITE,2018,240,715.0,,14,0.6,1.8,0.3,0.4,38.8,,,,,,
CORANGAMITE,2018,250,715.0,,14,0.6,1.8,0.3,0.4,38.8,,,,,,
CORANGAMITE,2019,260,646.0,,14,0.6,1.8,0.3,0.4,38.8,,,,,,
CORANGAMITE,2019,263,646.0,,14,0.6,1.8,0.3,0.4,38.8,,,,,,
CORANGAMITE,2019,260,646.0,,14,0.6,1.8,0.3,0.4,38.8,,,,,,
CORANGAMITE,2019,260,646.0,,14,0.6,1.8,0.3,0.4,38.8,,,,,,
CORANGAMITE,2020,300,865.0,,14,0.6,1.8,0.3,0.4,38.8,,,,,,
CORANGAMITE,2020,273,865.0,,14,0.6,1.8,0.3,0.4,38.8,,,,,,
CORANGAMITE,2020,280,865.0,,14,0.6,1.8,0.3,0.4,38.8,,,,,,
CORANGAMITE,2020,290,865.0,,14,0.6,1.8,0.3,0.4,38.8,,,,,,
CORANGAMITE,2021,310,868.0,,14,0.6,1.8,0.3,0.4,38.8,,,,,,
CORANGAMITE,2021,285,868.0,,14,0.6,1.8,0.3,0.4,38.8,,,,,,
CORANGAMITE,2021,315,868.0,,14,0.6,1.8,0.3,0.4,38.8,,,,,,
CORANGAMITE,2021,343,868.0,,14,0.6,1.8,0.3,0.4,38.8,,,,,,
CORANGAMITE,2022,320,682.0,,14,0.6,1.8,0.3,0.4,38.8,,,,,,
CORANGAMITE,2022,360,682.0,,14,0.6,1.8,0.3,0.4,38.8,,,,,,
CORANGAMITE,2022,340,682.0,,14,0.6,1.8,0.3,0.4,38.8,,,,,,
CORANGAMITE,2022,360,682.0,,14,0.6,1.8,0.3,0.4,38.8,,,,,,
CORANGAMITE,2023,380,727.0,,14,0.6,1.8,0.3,0.4,38.8,,,,,,
CORANGAMITE,2023,350,727.0,,14,0.6,1.8,0.3,0.4,38.8,,,,,,
CORANGAMITE,2023,400,727.0,,14,0.6,1.8,0.3,0.4,38.8,,,,,,
CORANGAMITE,2023,363,727.0,,14,0.6,1.8,0.3,0.4,38.8,,,,,,
CORANGAMITE,2024,360,894.0,,14,0.6,1.8,0.3,0.4,38.8,,,,,,
CORANGAMITE,2024,400,894.0,,14,0.6,1.8,0.3,0.4,38.8,,,,,,
CORANGAMITE,2024,385,894.0,,14,0.6,1.8,0.3,0.4,38.8,,,,,,
CORANGAMITE,2024,380,894.0,,14,0.6,1.8,0.3,0.4,38.8,,,,,,
CORANGAMITE,2025,400,992.0,,14,0.6,1.8,0.3,0.4,38.8,,,,,,
CORANGAMITE,2025,405,992.0,,14,0.6,1.8,0.3,0.4,38.8,,,,,,
CORANGAMITE,2025,400,992.0,,14,0.6,1.8,0.3,0.4,38.8,,,,,,
DAREBIN,1999,150,,5.0,44,0.3,0.7,0.2,0.2,26.6,274 Gower Street, Preston VIC 3072,-37.7407,145.0012,9.14,10.1
DAREBIN,1999,155,,5.0,44,0.3,0.7,0.2,0.2,26.6,274 Gower Street, Preston VIC 3072,-37.7407,145.0012,9.14,10.1
DAREBIN,1999,160,,5.0,44,0.3,0.7,0.2,0.2,26.6,274 Gower Street, Preston VIC 3072,-37.7407,145.0012,9.14,10.1
DAREBIN,2000,165,,5.0,44,0.3,0.7,0.2,0.2,26.6,274 Gower Street, Preston VIC 3072,-37.7407,145.0012,9.14,10.1
DAREBIN,2000,165,,5.0,44,0.3,0.7,0.2,0.2,26.6,274 Gower Street, Preston VIC 3072,-37.7407,145.0012,9.14,10.1
DAREBIN,2000,170,,5.0,44,0.3,0.7,0.2,0.2,26.6,274 Gower Street, Preston VIC 3072,-37.7407,145.0012,9.14,10.1
DAREBIN,2000,170,,5.0,44,0.3,0.7,0.2,0.2,26.6,274 Gower Street, Preston VIC 3072,-37.7407,145.0012,9.14,10.1
DAREBIN,2001,170,,5.0,44,0.3,0.7,0.2,0.2,26.6,274 Gower Street, Preston VIC 3072,-37.7407,145.0012,9.14,10.1
DAREBIN,2001,170,,5.0,44,0.3,0.7,0.2,0.2,26.6,274 Gower Street, Preston VIC 3072,-37.7407,145.0012,9.14,10.1
DAREBIN,2001,180,,5.0,44,0.3,0.7,0.2,0.2,26.6,274 Gower Street, Preston VIC 3072,-37.7407,145.0012,9.14,10.1
DAREBIN,2001,180,,5.0,44,0.3,0.7,0.2,0.2,26.6,274 Gower Street, Preston VIC 3072,-37.7407,145.0012,9.14,10.1
DAREBIN,2002,185,,5.0,44,0.3,0.7,0.2,0.2,26.6,274 Gower Street, Preston VIC 3072,-37.7407,145.0012,9.14,10.1
DAREBIN,2002,180,,5.0,44,0.3,0.7,0.2,0.2,26.6,274 Gower Street, Preston VIC 3072,-37.7407,145.0012,9.14,10.1
DAREBIN,2002,180,,5.0,44,0.3,0.7,0.2,0.2,26.6,274 Gower Street, Preston VIC 3072,-37.7407,145.0012,9.14,10.1
DAREBIN,2002,190,,5.0,44,0.3,0.7,0.2,0.2,26.6,274 Gower Street, Preston VIC 3072,-37.7407,145.0012,9.14,10.1
DAREBIN,2003,190,,5.0,44,0.3,0.7,0.2,0.2,26.6,274 Gower Street, Preston VIC 3072,-37.7407,145.0012,9.14,10.1
DAREBIN,2003,185,,5.0,44,0.3,0.7,0.2,0.2,26.6,274 Gower Street, Preston VIC 3072,-37.7407,145.0012,9.14,10.1
DAREBIN,2003,190,,5.0,44,0.3,0.7,0.2,0.2,26.6,274 Gower Street, Preston VIC 3072,-37.7407,145.0012,9.14,10.1
DAREBIN,2003,190,,5.0,44,0.3,0.7,0.2,0.2,26.6,274 Gower Street, Preston VIC 3072,-37.7407,145.0012,9.14,10.1
DAREBIN,2004,195,,5.0,44,0.3,0.7,0.2,0.2,26.6,274 Gower Street, Preston VIC 3072,-37.7407,145.0012,9.14,10.1
DAREBIN,2004,190,,5.0,44,0.3,0.7,0.2,0.2,26.6,274 Gower Street, Preston VIC 3072,-37.7407,145.0012,9.14,10.1
DAREBIN,2004,190,,5.0,44,0.3,0.7,0.2,0.2,26.6,274 Gower Street, Preston VIC 3072,-37.7407,145.0012,9.14,10.1
DAREBIN,2004,200,,5.0,44,0.3,0.7,0.2,0.2,26.6,274 Gower Street, Preston VIC 3072,-37.7407,145.0012,9.14,10.1
DAREBIN,2005,200,,5.0,44,0.3,0.7,0.2,0.2,26.6,274 Gower Street, Preston VIC 3072,-37.7407,145.0012,9.14,10.1
DAREBIN,2005,200,,5.0,44,0.3,0.7,0.2,0.2,26.6,274 Gower Street, Preston VIC 3072,-37.7407,145.0012,9.14,10.1
DAREBIN,2005,200,,5.0,44,0.3,0.7,0.2,0.2,26.6,274 Gower Street, Preston VIC 3072,-37.7407,145.0012,9.14,10.1
DAREBIN,2005,200,,5.0,44,0.3,0.7,0.2,0.2,26.6,274 Gower Street, Preston VIC 3072,-37.7407,145.0012,9.14,10.1
DAREBIN,2006,210,,5.0,44,0.3,0.7,0.2,0.2,26.6,274 Gower Street, Preston VIC 3072,-37.7407,145.0012,9.14,10.1
DAREBIN,2006,215,,5.0,44,0.3,0.7,0.2,0.2,26.6,274 Gower Street, Preston VIC 3072,-37.7407,145.0012,9.14,10.1
DAREBIN,2006,210,,5.0,44,0.3,0.7,0.2,0.2,26.6,274 Gower Street, Preston VIC 3072,-37.7407,145.0012,9.14,10.1
DAREBIN,2006,220,,5.0,44,0.3,0.7,0.2,0.2,26.6,274 Gower Street, Preston VIC 3072,-37.7407,145.0012,9.14,10.1
DAREBIN,2007,230,,5.0,44,0.3,0.7,0.2,0.2,26.6,274 Gower Street, Preston VIC 3072,-37.7407,145.0012,9.14,10.1
DAREBIN,2007,240,,5.0,44,0.3,0.7,0.2,0.2,26.6,274 Gower Street, Preston VIC 3072,-37.7407,145.0012,9.14,10.1
DAREBIN,2007,250,,5.0,44,0.3,0.7,0.2,0.2,26.6,274 Gower Street, Preston VIC 3072,-37.7407,145.0012,9.14,10.1
DAREBIN,2007,260,,5.0,44,0.3,0.7,0.2,0.2,26.6,274 Gower Street, Preston VIC 3072,-37.7407,145.0012,9.14,10.1
DAREBIN,2008,270,,5.0,44,0.3,0.7,0.2,0.2,26.6,274 Gower Street, Preston VIC 3072,-37.7407,145.0012,9.14,10.1
DAREBIN,2008,280,,5.0,44,0.3,0.7,0.2,0.2,26.6,274 Gower Street, Preston VIC 3072,-37.7407,145.0012,9.14,10.1
DAREBIN,2008,291,,5.0,44,0.3,0.7,0.2,0.2,26.6,274 Gower Street, Preston VIC 3072,-37.7407,145.0012,9.14,10.1
DAREBIN,2008,290,,5.0,44,0.3,0.7,0.2,0.2,26.6,274 Gower Street, Preston VIC 3072,-37.7407,145.0012,9.14,10.1
DAREBIN,2009,300,,5.0,44,0.3,0.7,0.2,0.2,26.6,274 Gower Street, Preston VIC 3072,-37.7407,145.0012,9.14,10.1
DAREBIN,2009,300,,5.0,44,0.3,0.7,0.2,0.2,26.6,274 Gower Street, Preston VIC 3072,-37.7407,145.0012,9.14,10.1
DAREBIN,2009,300,,5.0,44,0.3,0.7,0.2,0.2,26.6,274 Gower Street, Preston VIC 3072,-37.7407,145.0012,9.14,10.1
DAREBIN,2009,300,,5.0,44,0.3,0.7,0.2,0.2,26.6,274 Gower Street, Preston VIC 3072,-37.7407,145.0012,9.14,10.1
DAREBIN,2010,315,,5.0,44,0.3,0.7,0.2,0.2,26.6,274 Gower Street, Preston VIC 3072,-37.7407,145.0012,9.14,10.1
DAREBIN,2010,320,,5.0,44,0.3,0.7,0.2,0.2,26.6,274 Gower Street, Preston VIC 3072,-37.7407,145.0012,9.14,10.1
DAREBIN,2010,320,,5.0,44,0.3,0.7,0.2,0.2,26.6,274 Gower Street, Preston VIC 3072,-37.7407,145.0012,9.14,10.1
DAREBIN,2010,325,,5.0,44,0.3,0.7,0.2,0.2,26.6,274 Gower Street, Preston VIC 3072,-37.7407,145.0012,9.14,10.1
DAREBIN,2011,324,,5.0,44,0.3,0.7,0.2,0.2,26.6,274 Gower Street, Preston VIC 3072,-37.7407,145.0012,9.14,10.1
DAREBIN,2011,325,,5.0,44,0.3,0.7,0.2,0.2,26.6,274 Gower Street, Preston VIC 3072,-37.7407,145.0012,9.14,10.1
DAREBIN,2011,330,,5.0,44,0.3,0.7,0.2,0.2,26.6,274 Gower Street, Preston VIC 3072,-37.7407,145.0012,9.14,10.1
DAREBIN,2011,330,,5.0,44,0.3,0.7,0.2,0.2,26.6,274 Gower Street, Preston VIC 3072,-37.7407,145.0012,9.14,10.1
DAREBIN,2012,350,,5.0,44,0.3,0.7,0.2,0.2,26.6,274 Gower Street, Preston VIC 3072,-37.7407,145.0012,9.14,10.1
DAREBIN,2012,321,,5.0,44,0.3,0.7,0.2,0.2,26.6,274 Gower Street, Preston VIC 3072,-37.7407,145.0012,9.14,10.1
DAREBIN,2012,330,,5.0,44,0.3,0.7,0.2,0.2,26.6,274 Gower Street, Preston VIC 3072,-37.7407,145.0012,9.14,10.1
DAREBIN,2012,330,,5.0,44,0.3,0.7,0.2,0.2,26.6,274 Gower Street, Preston VIC 3072,-37.7407,145.0012,9.14,10.1
DAREBIN,2013,345,,5.0,44,0.3,0.7,0.2,0.2,26.6,274 Gower Street, Preston VIC 3072,-37.7407,145.0012,9.14,10.1
DAREBIN,2013,340,,5.0,44,0.3,0.7,0.2,0.2,26.6,274 Gower Street, Preston VIC 3072,-37.7407,145.0012,9.14,10.1
DAREBIN,2013,330,,5.0,44,0.3,0.7,0.2,0.2,26.6,274 Gower Street, Preston VIC 3072,-37.7407,145.0012,9.14,10.1
DAREBIN,2013,340,,5.0,44,0.3,0.7,0.2,0.2,26.6,274 Gower Street, Preston VIC 3072,-37.7407,145.0012,9.14,10.1
DAREBIN,2014,350,,5.0,44,0.3,0.7,0.2,0.2,26.6,274 Gower Street, Preston VIC 3072,-37.7407,145.0012,9.14,10.1
DAREBIN,2014,350,,5.0,44,0.3,0.7,0.2,0.2,26.6,274 Gower Street, Preston VIC 3072,-37.7407,145.0012,9.14,10.1
DAREBIN,2014,350,,5.0,44,0.3,0.7,0.2,0.2,26.6,274 Gower Street, Preston VIC 3072,-37.7407,145.0012,9.14,10.1
DAREBIN,2014,350,,5.0,44,0.3,0.7,0.2,0.2,26.6,274 Gower Street, Preston VIC 3072,-37.7407,145.0012,9.14,10.1
DAREBIN,2015,350,,5.0,44,0.3,0.7,0.2,0.2,26.6,274 Gower Street, Preston VIC 3072,-37.7407,145.0012,9.14,10.1
DAREBIN,2015,350,,5.0,44,0.3,0.7,0.2,0.2,26.6,274 Gower Street, Preston VIC 3072,-37.7407,145.0012,9.14,10.1
DAREBIN,2015,360,,5.0,44,0.3,0.7,0.2,0.2,26.6,274 Gower Street, Preston VIC 3072,-37.7407,145.0012,9.14,10.1
DAREBIN,2015,360,,5.0,44,0.3,0.7,0.2,0.2,26.6,274 Gower Street, Preston VIC 3072,-37.7407,145.0012,9.14,10.1
DAREBIN,2016,360,16853.0,5.0,44,0.3,0.7,0.2,0.2,26.6,274 Gower Street, Preston VIC 3072,-37.7407,145.0012,9.14,10.1
DAREBIN,2016,360,16853.0,5.0,44,0.3,0.7,0.2,0.2,26.6,274 Gower Street, Preston VIC 3072,-37.7407,145.0012,9.14,10.1
DAREBIN,2016,360,16853.0,5.0,44,0.3,0.7,0.2,0.2,26.6,274 Gower Street, Preston VIC 3072,-37.7407,145.0012,9.14,10.1
DAREBIN,2016,370,16853.0,5.0,44,0.3,0.7,0.2,0.2,26.6,274 Gower Street, Preston VIC 3072,-37.7407,145.0012,9.14,10.1
DAREBIN,2017,380,14799.0,5.0,44,0.3,0.7,0.2,0.2,26.6,274 Gower Street, Preston VIC 3072,-37.7407,145.0012,9.14,10.1
DAREBIN,2017,380,14799.0,5.0,44,0.3,0.7,0.2,0.2,26.6,274 Gower Street, Preston VIC 3072,-37.7407,145.0012,9.14,10.1
DAREBIN,2017,385,14799.0,5.0,44,0.3,0.7,0.2,0.2,26.6,274 Gower Street, Preston VIC 3072,-37.7407,145.0012,9.14,10.1
DAREBIN,2017,400,14799.0,5.0,44,0.3,0.7,0.2,0.2,26.6,274 Gower Street, Preston VIC 3072,-37.7407,145.0012,9.14,10.1
DAREBIN,2018,400,15244.0,5.0,44,0.3,0.7,0.2,0.2,26.6,274 Gower Street, Preston VIC 3072,-37.7407,145.0012,9.14,10.1
DAREBIN,2018,400,15244.0,5.0,44,0.3,0.7,0.2,0.2,26.6,274 Gower Street, Preston VIC 3072,-37.7407,145.0012,9.14,10.1
DAREBIN,2018,400,15244.0,5.0,44,0.3,0.7,0.2,0.2,26.6,274 Gower Street, Preston VIC 3072,-37.7407,145.0012,9.14,10.1
DAREBIN,2018,400,15244.0,5.0,44,0.3,0.7,0.2,0.2,26.6,274 Gower Street, Preston VIC 3072,-37.7407,145.0012,9.14,10.1
DAREBIN,2019,400,14530.0,5.0,44,0.3,0.7,0.2,0.2,26.6,274 Gower Street, Preston VIC 3072,-37.7407,145.0012,9.14,10.1
DAREBIN,2019,410,14530.0,5.0,44,0.3,0.7,0.2,0.2,26.6,274 Gower Street, Preston VIC 3072,-37.7407,145.0012,9.14,10.1
DAREBIN,2019,400,14530.0,5.0,44,0.3,0.7,0.2,0.2,26.6,274 Gower Street, Preston VIC 3072,-37.7407,145.0012,9.14,10.1
DAREBIN,2019,400,14530.0,5.0,44,0.3,0.7,0.2,0.2,26.6,274 Gower Street, Preston VIC 3072,-37.7407,145.0012,9.14,10.1
DAREBIN,2020,420,15716.0,5.0,44,0.3,0.7,0.2,0.2,26.6,274 Gower Street, Preston VIC 3072,-37.7407,145.0012,9.14,10.1
DAREBIN,2020,400,15716.0,5.0,44,0.3,0.7,0.2,0.2,26.6,274 Gower Street, Preston VIC 3072,-37.7407,145.0012,9.14,10.1
DAREBIN,2020,400,15716.0,5.0,44,0.3,0.7,0.2,0.2,26.6,274 Gower Street, Preston VIC 3072,-37.7407,145.0012,9.14,10.1
DAREBIN,2020,400,15716.0,5.0,44,0.3,0.7,0.2,0.2,26.6,274 Gower Street, Preston VIC 3072,-37.7407,145.0012,9.14,10.1
DAREBIN,2021,400,12625.0,5.0,44,0.3,0.7,0.2,0.2,26.6,274 Gower Street, Preston VIC 3072,-37.7407,145.0012,9.14,10.1
DAREBIN,2021,390,12625.0,5.0,44,0.3,0.7,0.2,0.2,26.6,274 Gower Street, Preston VIC 3072,-37.7407,145.0012,9.14,10.1
DAREBIN,2021,390,12625.0,5.0,44,0.3,0.7,0.2,0.2,26.6,274 Gower Street, Preston VIC 3072,-37.7407,145.0012,9.14,10.1
DAREBIN,2021,390,12625.0,5.0,44,0.3,0.7,0.2,0.2,26.6,274 Gower Street, Preston VIC 3072,-37.7407,145.0012,9.14,10.1
DAREBIN,2022,400,12640.0,5.0,44,0.3,0.7,0.2,0.2,26.6,274 Gower Street, Preston VIC 3072,-37.7407,145.0012,9.14,10.1
DAREBIN,2022,405,12640.0,5.0,44,0.3,0.7,0.2,0.2,26.6,274 Gower Street, Preston VIC 3072,-37.7407,145.0012,9.14,10.1
DAREBIN,2022,415,12640.0,5.0,44,0.3,0.7,0.2,0.2,26.6,274 Gower Street, Preston VIC 3072,-37.7407,145.0012,9.14,10.1
DAREBIN,2022,420,12640.0,5.0,44,0.3,0.7,0.2,0.2,26.6,274 Gower Street, Preston VIC 3072,-37.7407,145.0012,9.14,10.1
DAREBIN,2023,460,13680.0,5.0,44,0.3,0.7,0.2,0.2,26.6,274 Gower Street, Preston VIC 3072,-37.7407,145.0012,9.14,10.1
DAREBIN,2023,470,13680.0,5.0,44,0.3,0.7,0.2,0.2,26.6,274 Gower Street, Preston VIC 3072,-37.7407,145.0012,9.14,10.1
DAREBIN,2023,480,13680.0,5.0,44,0.3,0.7,0.2,0.2,26.6,274 Gower Street, Preston VIC 3072,-37.7407,145.0012,9.14,10.1
DAREBIN,2023,500,13680.0,5.0,44,0.3,0.7,0.2,0.2,26.6,274 Gower Street, Preston VIC 3072,-37.7407,145.0012,9.14,10.1
DAREBIN,2024,500,17669.0,5.0,44,0.3,0.7,0.2,0.2,26.6,274 Gower Street, Preston VIC 3072,-37.7407,145.0012,9.14,10.1
DAREBIN,2024,510,17669.0,5.0,44,0.3,0.7,0.2,0.2,26.6,274 Gower Street, Preston VIC 3072,-37.7407,145.0012,9.14,10.1
DAREBIN,2024,520,17669.0,5.0,44,0.3,0.7,0.2,0.2,26.6,274 Gower Street, Preston VIC 3072,-37.7407,145.0012,9.14,10.1
DAREBIN,2024,550,17669.0,5.0,44,0.3,0.7,0.2,0.2,26.6,274 Gower Street, Preston VIC 3072,-37.7407,145.0012,9.14,10.1
DAREBIN,2025,550,17322.0,5.0,44,0.3,0.7,0.2,0.2,26.6,274 Gower Street, Preston VIC 3072,-37.7407,145.0012,9.14,10.1
DAREBIN,2025,550,17322.0,5.0,44,0.3,0.7,0.2,0.2,26.6,274 Gower Street, Preston VIC 3072,-37.7407,145.0012,9.14,10.1
DAREBIN,2025,550,17322.0,5.0,44,0.3,0.7,0.2,0.2,26.6,274 Gower Street, Preston VIC 3072,-37.7407,145.0012,9.14,10.1
EAST GIPPSLAND,1999,120,,2.0,33,0.5,1.1,0.2,0.3,36.2,,,,,,
EAST GIPPSLAND,1999,118,,2.0,33,0.5,1.1,0.2,0.3,36.2,,,,,,
EAST GIPPSLAND,1999,120,,2.0,33,0.5,1.1,0.2,0.3,36.2,,,,,,
EAST GIPPSLAND,2000,120,,2.0,33,0.5,1.1,0.2,0.3,36.2,,,,,,
EAST GIPPSLAND,2000,120,,2.0,33,0.5,1.1,0.2,0.3,36.2,,,,,,
EAST GIPPSLAND,2000,125,,2.0,33,0.5,1.1,0.2,0.3,36.2,,,,,,
EAST GIPPSLAND,2000,125,,2.0,33,0.5,1.1,0.2,0.3,36.2,,,,,,
EAST GIPPSLAND,2001,125,,2.0,33,0.5,1.1,0.2,0.3,36.2,,,,,,
EAST GIPPSLAND,2001,125,,2.0,33,0.5,1.1,0.2,0.3,36.2,,,,,,
EAST GIPPSLAND,2001,130,,2.0,33,0.5,1.1,0.2,0.3,36.2,,,,,,
EAST GIPPSLAND,2001,130,,2.0,33,0.5,1.1,0.2,0.3,36.2,,,,,,
EAST GIPPSLAND,2002,130,,2.0,33,0.5,1.1,0.2,0.3,36.2,,,,,,
EAST GIPPSLAND,2002,135,,2.0,33,0.5,1.1,0.2,0.3,36.2,,,,,,
EAST GIPPSLAND,2002,135,,2.0,33,0.5,1.1,0.2,0.3,36.2,,,,,,
EAST GIPPSLAND,2002,138,,2.0,33,0.5,1.1,0.2,0.3,36.2,,,,,,
EAST GIPPSLAND,2003,145,,2.0,33,0.5,1.1,0.2,0.3,36.2,,,,,,
EAST GIPPSLAND,2003,149,,2.0,33,0.5,1.1,0.2,0.3,36.2,,,,,,
EAST GIPPSLAND,2003,150,,2.0,33,0.5,1.1,0.2,0.3,36.2,,,,,,
EAST GIPPSLAND,2003,160,,2.0,33,0.5,1.1,0.2,0.3,36.2,,,,,,
EAST GIPPSLAND,2004,150,,2.0,33,0.5,1.1,0.2,0.3,36.2,,,,,,
EAST GIPPSLAND,2004,165,,2.0,33,0.5,1.1,0.2,0.3,36.2,,,,,,
EAST GIPPSLAND,2004,160,,2.0,33,0.5,1.1,0.2,0.3,36.2,,,,,,
EAST GIPPSLAND,2004,165,,2.0,33,0.5,1.1,0.2,0.3,36.2,,,,,,
EAST GIPPSLAND,2005,165,,2.0,33,0.5,1.1,0.2,0.3,36.2,,,,,,
EAST GIPPSLAND,2005,165,,2.0,33,0.5,1.1,0.2,0.3,36.2,,,,,,
EAST GIPPSLAND,2005,170,,2.0,33,0.5,1.1,0.2,0.3,36.2,,,,,,
EAST GIPPSLAND,2005,170,,2.0,33,0.5,1.1,0.2,0.3,36.2,,,,,,
EAST GIPPSLAND,2006,170,,2.0,33,0.5,1.1,0.2,0.3,36.2,,,,,,
EAST GIPPSLAND,2006,165,,2.0,33,0.5,1.1,0.2,0.3,36.2,,,,,,
EAST GIPPSLAND,2006,180,,2.0,33,0.5,1.1,0.2,0.3,36.2,,,,,,
EAST GIPPSLAND,2006,180,,2.0,33,0.5,1.1,0.2,0.3,36.2,,,,,,
EAST GIPPSLAND,2007,180,,2.0,33,0.5,1.1,0.2,0.3,36.2,,,,,,
EAST GIPPSLAND,2007,180,,2.0,33,0.5,1.1,0.2,0.3,36.2,,,,,,
EAST GIPPSLAND,2007,190,,2.0,33,0.5,1.1,0.2,0.3,36.2,,,,,,
EAST GIPPSLAND,2007,180,,2.0,33,0.5,1.1,0.2,0.3,36.2,,,,,,
EAST GIPPSLAND,2008,195,,2.0,33,0.5,1.1,0.2,0.3,36.2,,,,,,
EAST GIPPSLAND,2008,200,,2.0,33,0.5,1.1,0.2,0.3,36.2,,,,,,
EAST GIPPSLAND,2008,195,,2.0,33,0.5,1.1,0.2,0.3,36.2,,,,,,
EAST GIPPSLAND,2008,200,,2.0,33,0.5,1.1,0.2,0.3,36.2,,,,,,
EAST GIPPSLAND,2009,200,,2.0,33,0.5,1.1,0.2,0.3,36.2,,,,,,
EAST GIPPSLAND,2009,200,,2.0,33,0.5,1.1,0.2,0.3,36.2,,,,,,
EAST GIPPSLAND,2009,205,,2.0,33,0.5,1.1,0.2,0.3,36.2,,,,,,
EAST GIPPSLAND,2009,215,,2.0,33,0.5,1.1,0.2,0.3,36.2,,,,,,
EAST GIPPSLAND,2010,218,,2.0,33,0.5,1.1,0.2,0.3,36.2,,,,,,
EAST GIPPSLAND,2010,220,,2.0,33,0.5,1.1,0.2,0.3,36.2,,,,,,
EAST GIPPSLAND,2010,220,,2.0,33,0.5,1.1,0.2,0.3,36.2,,,,,,
EAST GIPPSLAND,2010,220,,2.0,33,0.5,1.1,0.2,0.3,36.2,,,,,,
EAST GIPPSLAND,2011,230,,2.0,33,0.5,1.1,0.2,0.3,36.2,,,,,,
EAST GIPPSLAND,2011,240,,2.0,33,0.5,1.1,0.2,0.3,36.2,,,,,,
EAST GIPPSLAND,2011,240,,2.0,33,0.5,1.1,0.2,0.3,36.2,,,,,,
EAST GIPPSLAND,2011,235,,2.0,33,0.5,1.1,0.2,0.3,36.2,,,,,,
EAST GIPPSLAND,2012,250,,2.0,33,0.5,1.1,0.2,0.3,36.2,,,,,,
EAST GIPPSLAND,2012,243,,2.0,33,0.5,1.1,0.2,0.3,36.2,,,,,,
EAST GIPPSLAND,2012,240,,2.0,33,0.5,1.1,0.2,0.3,36.2,,,,,,
EAST GIPPSLAND,2012,250,,2.0,33,0.5,1.1,0.2,0.3,36.2,,,,,,
EAST GIPPSLAND,2013,250,,2.0,33,0.5,1.1,0.2,0.3,36.2,,,,,,
EAST GIPPSLAND,2013,250,,2.0,33,0.5,1.1,0.2,0.3,36.2,,,,,,
EAST GIPPSLAND,2013,250,,2.0,33,0.5,1.1,0.2,0.3,36.2,,,,,,
EAST GIPPSLAND,2013,250,,2.0,33,0.5,1.1,0.2,0.3,36.2,,,,,,
EAST GIPPSLAND,2014,260,,2.0,33,0.5,1.1,0.2,0.3,36.2,,,,,,
EAST GIPPSLAND,2014,260,,2.0,33,0.5,1.1,0.2,0.3,36.2,,,,,,
EAST GIPPSLAND,2014,260,,2.0,33,0.5,1.1,0.2,0.3,36.2,,,,,,
EAST GIPPSLAND,2014,260,,2.0,33,0.5,1.1,0.2,0.3,36.2,,,,,,
EAST GIPPSLAND,2015,260,,2.0,33,0.5,1.1,0.2,0.3,36.2,,,,,,
EAST GIPPSLAND,2015,270,,2.0,33,0.5,1.1,0.2,0.3,36.2,,,,,,
EAST GIPPSLAND,2015,265,,2.0,33,0.5,1.1,0.2,0.3,36.2,,,,,,
EAST GIPPSLAND,2015,265,,2.0,33,0.5,1.1,0.2,0.3,36.2,,,,,,
EAST GIPPSLAND,2016,260,4152.0,2.0,33,0.5,1.1,0.2,0.3,36.2,,,,,,
EAST GIPPSLAND,2016,280,4152.0,2.0,33,0.5,1.1,0.2,0.3,36.2,,,,,,
EAST GIPPSLAND,2016,270,4152.0,2.0,33,0.5,1.1,0.2,0.3,36.2,,,,,,
EAST GIPPSLAND,2016,270,4152.0,2.0,33,0.5,1.1,0.2,0.3,36.2,,,,,,
EAST GIPPSLAND,2017,275,3944.0,2.0,33,0.5,1.1,0.2,0.3,36.2,,,,,,
EAST GIPPSLAND,2017,270,3944.0,2.0,33,0.5,1.1,0.2,0.3,36.2,,,,,,
EAST GIPPSLAND,2017,280,3944.0,2.0,33,0.5,1.1,0.2,0.3,36.2,,,,,,
EAST GIPPSLAND,2017,270,3944.0,2.0,33,0.5,1.1,0.2,0.3,36.2,,,,,,
EAST GIPPSLAND,2018,280,4507.0,2.0,33,0.5,1.1,0.2,0.3,36.2,,,,,,
EAST GIPPSLAND,2018,295,4507.0,2.0,33,0.5,1.1,0.2,0.3,36.2,,,,,,
EAST GIPPSLAND,2018,290,4507.0,2.0,33,0.5,1.1,0.2,0.3,36.2,,,,,,
EAST GIPPSLAND,2018,290,4507.0,2.0,33,0.5,1.1,0.2,0.3,36.2,,,,,,
EAST GIPPSLAND,2019,290,4895.0,2.0,33,0.5,1.1,0.2,0.3,36.2,,,,,,
EAST GIPPSLAND,2019,300,4895.0,2.0,33,0.5,1.1,0.2,0.3,36.2,,,,,,
EAST GIPPSLAND,2019,300,4895.0,2.0,33,0.5,1.1,0.2,0.3,36.2,,,,,,
EAST GIPPSLAND,2019,295,4895.0,2.0,33,0.5,1.1,0.2,0.3,36.2,,,,,,
EAST GIPPSLAND,2020,300,5145.0,2.0,33,0.5,1.1,0.2,0.3,36.2,,,,,,
EAST GIPPSLAND,2020,300,5145.0,2.0,33,0.5,1.1,0.2,0.3,36.2,,,,,,
EAST GIPPSLAND,2020,310,5145.0,2.0,33,0.5,1.1,0.2,0.3,36.2,,,,,,
EAST GIPPSLAND,2020,323,5145.0,2.0,33,0.5,1.1,0.2,0.3,36.2,,,,,,
EAST GIPPSLAND,2021,330,4920.0,2.0,33,0.5,1.1,0.2,0.3,36.2,,,,,,
EAST GIPPSLAND,2021,330,4920.0,2.0,33,0.5,1.1,0.2,0.3,36.2,,,,,,
EAST GIPPSLAND,2021,340,4920.0,2.0,33,0.5,1.1,0.2,0.3,36.2,,,,,,
EAST GIPPSLAND,2021,350,4920.0,2.0,33,0.5,1.1,0.2,0.3,36.2,,,,,,
EAST GIPPSLAND,2022,370,4881.0,2.0,33,0.5,1.1,0.2,0.3,36.2,,,,,,
EAST GIPPSLAND,2022,380,4881.0,2.0,33,0.5,1.1,0.2,0.3,36.2,,,,,,
EAST GIPPSLAND,2022,390,4881.0,2.0,33,0.5,1.1,0.2,0.3,36.2,,,,,,
EAST GIPPSLAND,2022,390,4881.0,2.0,33,0.5,1.1,0.2,0.3,36.2,,,,,,
EAST GIPPSLAND,2023,400,5271.0,2.0,33,0.5,1.1,0.2,0.3,36.2,,,,,,
EAST GIPPSLAND,2023,400,5271.0,2.0,33,0.5,1.1,0.2,0.3,36.2,,,,,,
EAST GIPPSLAND,2023,400,5271.0,2.0,33,0.5,1.1,0.2,0.3,36.2,,,,,,
EAST GIPPSLAND,2023,400,5271.0,2.0,33,0.5,1.1,0.2,0.3,36.2,,,,,,
EAST GIPPSLAND,2024,420,5743.0,2.0,33,0.5,1.1,0.2,0.3,36.2,,,,,,
EAST GIPPSLAND,2024,420,5743.0,2.0,33,0.5,1.1,0.2,0.3,36.2,,,,,,
EAST GIPPSLAND,2024,430,5743.0,2.0,33,0.5,1.1,0.2,0.3,36.2,,,,,,
EAST GIPPSLAND,2024,450,5743.0,2.0,33,0.5,1.1,0.2,0.3,36.2,,,,,,
EAST GIPPSLAND,2025,450,6497.0,2.0,33,0.5,1.1,0.2,0.3,36.2,,,,,,
EAST GIPPSLAND,2025,450,6497.0,2.0,33,0.5,1.1,0.2,0.3,36.2,,,,,,
EAST GIPPSLAND,2025,460,6497.0,2.0,33,0.5,1.1,0.2,0.3,36.2,,,,,,
FRANKSTON,1999,150,,3.0,42,0.3,0.7,0.2,0.2,30.7,30 Davey Street, Frankston VIC 3199,-38.1447,145.1223,39.47,47.7
FRANKSTON,1999,150,,3.0,42,0.3,0.7,0.2,0.2,30.7,30 Davey Street, Frankston VIC 3199,-38.1447,145.1223,39.47,47.7
FRANKSTON,1999,150,,3.0,42,0.3,0.7,0.2,0.2,30.7,30 Davey Street, Frankston VIC 3199,-38.1447,145.1223,39.47,47.7
FRANKSTON,2000,150,,3.0,42,0.3,0.7,0.2,0.2,30.7,30 Davey Street, Frankston VIC 3199,-38.1447,145.1223,39.47,47.7
FRANKSTON,2000,155,,3.0,42,0.3,0.7,0.2,0.2,30.7,30 Davey Street, Frankston VIC 3199,-38.1447,145.1223,39.47,47.7
FRANKSTON,2000,155,,3.0,42,0.3,0.7,0.2,0.2,30.7,30 Davey Street, Frankston VIC 3199,-38.1447,145.1223,39.47,47.7
FRANKSTON,2000,160,,3.0,42,0.3,0.7,0.2,0.2,30.7,30 Davey Street, Frankston VIC 3199,-38.1447,145.1223,39.47,47.7
FRANKSTON,2001,160,,3.0,42,0.3,0.7,0.2,0.2,30.7,30 Davey Street, Frankston VIC 3199,-38.1447,145.1223,39.47,47.7
FRANKSTON,2001,160,,3.0,42,0.3,0.7,0.2,0.2,30.7,30 Davey Street, Frankston VIC 3199,-38.1447,145.1223,39.47,47.7
FRANKSTON,2001,165,,3.0,42,0.3,0.7,0.2,0.2,30.7,30 Davey Street, Frankston VIC 3199,-38.1447,145.1223,39.47,47.7
FRANKSTON,2001,165,,3.0,42,0.3,0.7,0.2,0.2,30.7,30 Davey Street, Frankston VIC 3199,-38.1447,145.1223,39.47,47.7
FRANKSTON,2002,165,,3.0,42,0.3,0.7,0.2,0.2,30.7,30 Davey Street, Frankston VIC 3199,-38.1447,145.1223,39.47,47.7
FRANKSTON,2002,170,,3.0,42,0.3,0.7,0.2,0.2,30.7,30 Davey Street, Frankston VIC 3199,-38.1447,145.1223,39.47,47.7
FRANKSTON,2002,170,,3.0,42,0.3,0.7,0.2,0.2,30.7,30 Davey Street, Frankston VIC 3199,-38.1447,145.1223,39.47,47.7
FRANKSTON,2002,175,,3.0,42,0.3,0.7,0.2,0.2,30.7,30 Davey Street, Frankston VIC 3199,-38.1447,145.1223,39.47,47.7
FRANKSTON,2003,180,,3.0,42,0.3,0.7,0.2,0.2,30.7,30 Davey Street, Frankston VIC 3199,-38.1447,145.1223,39.47,47.7
FRANKSTON,2003,175,,3.0,42,0.3,0.7,0.2,0.2,30.7,30 Davey Street, Frankston VIC 3199,-38.1447,145.1223,39.47,47.7
FRANKSTON,2003,180,,3.0,42,0.3,0.7,0.2,0.2,30.7,30 Davey Street, Frankston VIC 3199,-38.1447,145.1223,39.47,47.7
FRANKSTON,2003,180,,3.0,42,0.3,0.7,0.2,0.2,30.7,30 Davey Street, Frankston VIC 3199,-38.1447,145.1223,39.47,47.7
FRANKSTON,2004,180,,3.0,42,0.3,0.7,0.2,0.2,30.7,30 Davey Street, Frankston VIC 3199,-38.1447,145.1223,39.47,47.7
FRANKSTON,2004,185,,3.0,42,0.3,0.7,0.2,0.2,30.7,30 Davey Street, Frankston VIC 3199,-38.1447,145.1223,39.47,47.7
FRANKSTON,2004,185,,3.0,42,0.3,0.7,0.2,0.2,30.7,30 Davey Street, Frankston VIC 3199,-38.1447,145.1223,39.47,47.7
FRANKSTON,2004,185,,3.0,42,0.3,0.7,0.2,0.2,30.7,30 Davey Street, Frankston VIC 3199,-38.1447,145.1223,39.47,47.7
FRANKSTON,2005,190,,3.0,42,0.3,0.7,0.2,0.2,30.7,30 Davey Street, Frankston VIC 3199,-38.1447,145.1223,39.47,47.7
FRANKSTON,2005,195,,3.0,42,0.3,0.7,0.2,0.2,30.7,30 Davey Street, Frankston VIC 3199,-38.1447,145.1223,39.47,47.7
FRANKSTON,2005,190,,3.0,42,0.3,0.7,0.2,0.2,30.7,30 Davey Street, Frankston VIC 3199,-38.1447,145.1223,39.47,47.7
FRANKSTON,2005,191,,3.0,42,0.3,0.7,0.2,0.2,30.7,30 Davey Street, Frankston VIC 3199,-38.1447,145.1223,39.47,47.7
FRANKSTON,2006,200,,3.0,42,0.3,0.7,0.2,0.2,30.7,30 Davey Street, Frankston VIC 3199,-38.1447,145.1223,39.47,47.7
FRANKSTON,2006,200,,3.0,42,0.3,0.7,0.2,0.2,30.7,30 Davey Street, Frankston VIC 3199,-38.1447,145.1223,39.47,47.7
FRANKSTON,2006,210,,3.0,42,0.3,0.7,0.2,0.2,30.7,30 Davey Street, Frankston VIC 3199,-38.1447,145.1223,39.47,47.7
FRANKSTON,2006,210,,3.0,42,0.3,0.7,0.2,0.2,30.7,30 Davey Street, Frankston VIC 3199,-38.1447,145.1223,39.47,47.7
FRANKSTON,2007,211,,3.0,42,0.3,0.7,0.2,0.2,30.7,30 Davey Street, Frankston VIC 3199,-38.1447,145.1223,39.47,47.7
FRANKSTON,2007,220,,3.0,42,0.3,0.7,0.2,0.2,30.7,30 Davey Street, Frankston VIC 3199,-38.1447,145.1223,39.47,47.7
FRANKSTON,2007,230,,3.0,42,0.3,0.7,0.2,0.2,30.7,30 Davey Street, Frankston VIC 3199,-38.1447,145.1223,39.47,47.7
FRANKSTON,2007,230,,3.0,42,0.3,0.7,0.2,0.2,30.7,30 Davey Street, Frankston VIC 3199,-38.1447,145.1223,39.47,47.7
FRANKSTON,2008,240,,3.0,42,0.3,0.7,0.2,0.2,30.7,30 Davey Street, Frankston VIC 3199,-38.1447,145.1223,39.47,47.7
FRANKSTON,2008,250,,3.0,42,0.3,0.7,0.2,0.2,30.7,30 Davey Street, Frankston VIC 3199,-38.1447,145.1223,39.47,47.7
FRANKSTON,2008,255,,3.0,42,0.3,0.7,0.2,0.2,30.7,30 Davey Street, Frankston VIC 3199,-38.1447,145.1223,39.47,47.7
FRANKSTON,2008,260,,3.0,42,0.3,0.7,0.2,0.2,30.7,30 Davey Street, Frankston VIC 3199,-38.1447,145.1223,39.47,47.7
FRANKSTON,2009,265,,3.0,42,0.3,0.7,0.2,0.2,30.7,30 Davey Street, Frankston VIC 3199,-38.1447,145.1223,39.47,47.7
FRANKSTON,2009,265,,3.0,42,0.3,0.7,0.2,0.2,30.7,30 Davey Street, Frankston VIC 3199,-38.1447,145.1223,39.47,47.7
FRANKSTON,2009,265,,3.0,42,0.3,0.7,0.2,0.2,30.7,30 Davey Street, Frankston VIC 3199,-38.1447,145.1223,39.47,47.7
FRANKSTON,2009,270,,3.0,42,0.3,0.7,0.2,0.2,30.7,30 Davey Street, Frankston VIC 3199,-38.1447,145.1223,39.47,47.7
FRANKSTON,2010,280,,3.0,42,0.3,0.7,0.2,0.2,30.7,30 Davey Street, Frankston VIC 3199,-38.1447,145.1223,39.47,47.7
FRANKSTON,2010,285,,3.0,42,0.3,0.7,0.2,0.2,30.7,30 Davey Street, Frankston VIC 3199,-38.1447,145.1223,39.47,47.7
FRANKSTON,2010,295,,3.0,42,0.3,0.7,0.2,0.2,30.7,30 Davey Street, Frankston VIC 3199,-38.1447,145.1223,39.47,47.7
FRANKSTON,2010,291,,3.0,42,0.3,0.7,0.2,0.2,30.7,30 Davey Street, Frankston VIC 3199,-38.1447,145.1223,39.47,47.7
FRANKSTON,2011,291,,3.0,42,0.3,0.7,0.2,0.2,30.7,30 Davey Street, Frankston VIC 3199,-38.1447,145.1223,39.47,47.7
FRANKSTON,2011,300,,3.0,42,0.3,0.7,0.2,0.2,30.7,30 Davey Street, Frankston VIC 3199,-38.1447,145.1223,39.47,47.7
FRANKSTON,2011,300,,3.0,42,0.3,0.7,0.2,0.2,30.7,30 Davey Street, Frankston VIC 3199,-38.1447,145.1223,39.47,47.7
FRANKSTON,2011,300,,3.0,42,0.3,0.7,0.2,0.2,30.7,30 Davey Street, Frankston VIC 3199,-38.1447,145.1223,39.47,47.7
FRANKSTON,2012,300,,3.0,42,0.3,0.7,0.2,0.2,30.7,30 Davey Street, Frankston VIC 3199,-38.1447,145.1223,39.47,47.7
FRANKSTON,2012,300,,3.0,42,0.3,0.7,0.2,0.2,30.7,30 Davey Street, Frankston VIC 3199,-38.1447,145.1223,39.47,47.7
FRANKSTON,2012,300,,3.0,42,0.3,0.7,0.2,0.2,30.7,30 Davey Street, Frankston VIC 3199,-38.1447,145.1223,39.47,47.7
FRANKSTON,2012,305,,3.0,42,0.3,0.7,0.2,0.2,30.7,30 Davey Street, Frankston VIC 3199,-38.1447,145.1223,39.47,47.7
FRANKSTON,2013,300,,3.0,42,0.3,0.7,0.2,0.2,30.7,30 Davey Street, Frankston VIC 3199,-38.1447,145.1223,39.47,47.7
FRANKSTON,2013,300,,3.0,42,0.3,0.7,0.2,0.2,30.7,30 Davey Street, Frankston VIC 3199,-38.1447,145.1223,39.47,47.7
FRANKSTON,2013,305,,3.0,42,0.3,0.7,0.2,0.2,30.7,30 Davey Street, Frankston VIC 3199,-38.1447,145.1223,39.47,47.7
FRANKSTON,2013,310,,3.0,42,0.3,0.7,0.2,0.2,30.7,30 Davey Street, Frankston VIC 3199,-38.1447,145.1223,39.47,47.7
FRANKSTON,2014,315,,3.0,42,0.3,0.7,0.2,0.2,30.7,30 Davey Street, Frankston VIC 3199,-38.1447,145.1223,39.47,47.7
FRANKSTON,2014,310,,3.0,42,0.3,0.7,0.2,0.2,30.7,30 Davey Street, Frankston VIC 3199,-38.1447,145.1223,39.47,47.7
FRANKSTON,2014,310,,3.0,42,0.3,0.7,0.2,0.2,30.7,30 Davey Street, Frankston VIC 3199,-38.1447,145.1223,39.47,47.7
FRANKSTON,2014,320,,3.0,42,0.3,0.7,0.2,0.2,30.7,30 Davey Street, Frankston VIC 3199,-38.1447,145.1223,39.47,47.7
FRANKSTON,2015,320,,3.0,42,0.3,0.7,0.2,0.2,30.7,30 Davey Street, Frankston VIC 3199,-38.1447,145.1223,39.47,47.7
FRANKSTON,2015,320,,3.0,42,0.3,0.7,0.2,0.2,30.7,30 Davey Street, Frankston VIC 3199,-38.1447,145.1223,39.47,47.7
FRANKSTON,2015,330,,3.0,42,0.3,0.7,0.2,0.2,30.7,30 Davey Street, Frankston VIC 3199,-38.1447,145.1223,39.47,47.7
FRANKSTON,2015,335,,3.0,42,0.3,0.7,0.2,0.2,30.7,30 Davey Street, Frankston VIC 3199,-38.1447,145.1223,39.47,47.7
FRANKSTON,2016,335,16903.0,3.0,42,0.3,0.7,0.2,0.2,30.7,30 Davey Street, Frankston VIC 3199,-38.1447,145.1223,39.47,47.7
FRANKSTON,2016,330,16903.0,3.0,42,0.3,0.7,0.2,0.2,30.7,30 Davey Street, Frankston VIC 3199,-38.1447,145.1223,39.47,47.7
FRANKSTON,2016,340,16903.0,3.0,42,0.3,0.7,0.2,0.2,30.7,30 Davey Street, Frankston VIC 3199,-38.1447,145.1223,39.47,47.7
FRANKSTON,2016,340,16903.0,3.0,42,0.3,0.7,0.2,0.2,30.7,30 Davey Street, Frankston VIC 3199,-38.1447,145.1223,39.47,47.7
FRANKSTON,2017,350,14263.0,3.0,42,0.3,0.7,0.2,0.2,30.7,30 Davey Street, Frankston VIC 3199,-38.1447,145.1223,39.47,47.7
FRANKSTON,2017,350,14263.0,3.0,42,0.3,0.7,0.2,0.2,30.7,30 Davey Street, Frankston VIC 3199,-38.1447,145.1223,39.47,47.7
FRANKSTON,2017,350,14263.0,3.0,42,0.3,0.7,0.2,0.2,30.7,30 Davey Street, Frankston VIC 3199,-38.1447,145.1223,39.47,47.7
FRANKSTON,2017,360,14263.0,3.0,42,0.3,0.7,0.2,0.2,30.7,30 Davey Street, Frankston VIC 3199,-38.1447,145.1223,39.47,47.7
FRANKSTON,2018,360,14887.0,3.0,42,0.3,0.7,0.2,0.2,30.7,30 Davey Street, Frankston VIC 3199,-38.1447,145.1223,39.47,47.7
FRANKSTON,2018,360,14887.0,3.0,42,0.3,0.7,0.2,0.2,30.7,30 Davey Street, Frankston VIC 3199,-38.1447,145.1223,39.47,47.7
FRANKSTON,2018,360,14887.0,3.0,42,0.3,0.7,0.2,0.2,30.7,30 Davey Street, Frankston VIC 3199,-38.1447,145.1223,39.47,47.7
FRANKSTON,2018,370,14887.0,3.0,42,0.3,0.7,0.2,0.2,30.7,30 Davey Street, Frankston VIC 3199,-38.1447,145.1223,39.47,47.7
FRANKSTON,2019,365,14921.0,3.0,42,0.3,0.7,0.2,0.2,30.7,30 Davey Street, Frankston VIC 3199,-38.1447,145.1223,39.47,47.7
FRANKSTON,2019,360,14921.0,3.0,42,0.3,0.7,0.2,0.2,30.7,30 Davey Street, Frankston VIC 3199,-38.1447,145.1223,39.47,47.7
FRANKSTON,2019,360,14921.0,3.0,42,0.3,0.7,0.2,0.2,30.7,30 Davey Street, Frankston VIC 3199,-38.1447,145.1223,39.47,47.7
FRANKSTON,2019,370,14921.0,3.0,42,0.3,0.7,0.2,0.2,30.7,30 Davey Street, Frankston VIC 3199,-38.1447,145.1223,39.47,47.7
FRANKSTON,2020,375,14781.0,3.0,42,0.3,0.7,0.2,0.2,30.7,30 Davey Street, Frankston VIC 3199,-38.1447,145.1223,39.47,47.7
FRANKSTON,2020,370,14781.0,3.0,42,0.3,0.7,0.2,0.2,30.7,30 Davey Street, Frankston VIC 3199,-38.1447,145.1223,39.47,47.7
FRANKSTON,2020,375,14781.0,3.0,42,0.3,0.7,0.2,0.2,30.7,30 Davey Street, Frankston VIC 3199,-38.1447,145.1223,39.47,47.7
FRANKSTON,2020,380,14781.0,3.0,42,0.3,0.7,0.2,0.2,30.7,30 Davey Street, Frankston VIC 3199,-38.1447,145.1223,39.47,47.7
FRANKSTON,2021,380,11741.0,3.0,42,0.3,0.7,0.2,0.2,30.7,30 Davey Street, Frankston VIC 3199,-38.1447,145.1223,39.47,47.7
FRANKSTON,2021,395,11741.0,3.0,42,0.3,0.7,0.2,0.2,30.7,30 Davey Street, Frankston VIC 3199,-38.1447,145.1223,39.47,47.7
FRANKSTON,2021,400,11741.0,3.0,42,0.3,0.7,0.2,0.2,30.7,30 Davey Street, Frankston VIC 3199,-38.1447,145.1223,39.47,47.7
FRANKSTON,2021,420,11741.0,3.0,42,0.3,0.7,0.2,0.2,30.7,30 Davey Street, Frankston VIC 3199,-38.1447,145.1223,39.47,47.7
FRANKSTON,2022,420,12734.0,3.0,42,0.3,0.7,0.2,0.2,30.7,30 Davey Street, Frankston VIC 3199,-38.1447,145.1223,39.47,47.7
FRANKSTON,2022,435,12734.0,3.0,42,0.3,0.7,0.2,0.2,30.7,30 Davey Street, Frankston VIC 3199,-38.1447,145.1223,39.47,47.7
FRANKSTON,2022,440,12734.0,3.0,42,0.3,0.7,0.2,0.2,30.7,30 Davey Street, Frankston VIC 3199,-38.1447,145.1223,39.47,47.7
FRANKSTON,2022,440,12734.0,3.0,42,0.3,0.7,0.2,0.2,30.7,30 Davey Street, Frankston VIC 3199,-38.1447,145.1223,39.47,47.7
FRANKSTON,2023,450,14961.0,3.0,42,0.3,0.7,0.2,0.2,30.7,30 Davey Street, Frankston VIC 3199,-38.1447,145.1223,39.47,47.7
FRANKSTON,2023,470,14961.0,3.0,42,0.3,0.7,0.2,0.2,30.7,30 Davey Street, Frankston VIC 3199,-38.1447,145.1223,39.47,47.7
FRANKSTON,2023,480,14961.0,3.0,42,0.3,0.7,0.2,0.2,30.7,30 Davey Street, Frankston VIC 3199,-38.1447,145.1223,39.47,47.7
FRANKSTON,2023,500,14961.0,3.0,42,0.3,0.7,0.2,0.2,30.7,30 Davey Street, Frankston VIC 3199,-38.1447,145.1223,39.47,47.7
FRANKSTON,2024,500,17386.0,3.0,42,0.3,0.7,0.2,0.2,30.7,30 Davey Street, Frankston VIC 3199,-38.1447,145.1223,39.47,47.7
FRANKSTON,2024,520,17386.0,3.0,42,0.3,0.7,0.2,0.2,30.7,30 Davey Street, Frankston VIC 3199,-38.1447,145.1223,39.47,47.7
FRANKSTON,2024,530,17386.0,3.0,42,0.3,0.7,0.2,0.2,30.7,30 Davey Street, Frankston VIC 3199,-38.1447,145.1223,39.47,47.7
FRANKSTON,2024,550,17386.0,3.0,42,0.3,0.7,0.2,0.2,30.7,30 Davey Street, Frankston VIC 3199,-38.1447,145.1223,39.47,47.7
FRANKSTON,2025,535,17293.0,3.0,42,0.3,0.7,0.2,0.2,30.7,30 Davey Street, Frankston VIC 3199,-38.1447,145.1223,39.47,47.7
FRANKSTON,2025,550,17293.0,3.0,42,0.3,0.7,0.2,0.2,30.7,30 Davey Street, Frankston VIC 3199,-38.1447,145.1223,39.47,47.7
FRANKSTON,2025,560,17293.0,3.0,42,0.3,0.7,0.2,0.2,30.7,30 Davey Street, Frankston VIC 3199,-38.1447,145.1223,39.47,47.7
GANNAWARRA,1999,100,,1.0,11,0.5,1.4,0.4,0.2,47.3,,,,,,
GANNAWARRA,1999,100,,1.0,11,0.5,1.4,0.4,0.2,47.3,,,,,,
GANNAWARRA,1999,110,,1.0,11,0.5,1.4,0.4,0.2,47.3,,,,,,
GANNAWARRA,2000,110,,1.0,11,0.5,1.4,0.4,0.2,47.3,,,,,,
GANNAWARRA,2000,100,,1.0,11,0.5,1.4,0.4,0.2,47.3,,,,,,
GANNAWARRA,2000,110,,1.0,11,0.5,1.4,0.4,0.2,47.3,,,,,,
GANNAWARRA,2000,110,,1.0,11,0.5,1.4,0.4,0.2,47.3,,,,,,
GANNAWARRA,2001,100,,1.0,11,0.5,1.4,0.4,0.2,47.3,,,,,,
GANNAWARRA,2001,110,,1.0,11,0.5,1.4,0.4,0.2,47.3,,,,,,
GANNAWARRA,2001,120,,1.0,11,0.5,1.4,0.4,0.2,47.3,,,,,,
GANNAWARRA,2001,110,,1.0,11,0.5,1.4,0.4,0.2,47.3,,,,,,
GANNAWARRA,2002,110,,1.0,11,0.5,1.4,0.4,0.2,47.3,,,,,,
GANNAWARRA,2002,120,,1.0,11,0.5,1.4,0.4,0.2,47.3,,,,,,
GANNAWARRA,2002,110,,1.0,11,0.5,1.4,0.4,0.2,47.3,,,,,,
GANNAWARRA,2002,110,,1.0,11,0.5,1.4,0.4,0.2,47.3,,,,,,
GANNAWARRA,2003,110,,1.0,11,0.5,1.4,0.4,0.2,47.3,,,,,,
GANNAWARRA,2003,110,,1.0,11,0.5,1.4,0.4,0.2,47.3,,,,,,
GANNAWARRA,2003,120,,1.0,11,0.5,1.4,0.4,0.2,47.3,,,,,,
GANNAWARRA,2003,120,,1.0,11,0.5,1.4,0.4,0.2,47.3,,,,,,
GANNAWARRA,2004,120,,1.0,11,0.5,1.4,0.4,0.2,47.3,,,,,,
GANNAWARRA,2004,118,,1.0,11,0.5,1.4,0.4,0.2,47.3,,,,,,
GANNAWARRA,2004,120,,1.0,11,0.5,1.4,0.4,0.2,47.3,,,,,,
GANNAWARRA,2004,120,,1.0,11,0.5,1.4,0.4,0.2,47.3,,,,,,
GANNAWARRA,2005,125,,1.0,11,0.5,1.4,0.4,0.2,47.3,,,,,,
GANNAWARRA,2005,130,,1.0,11,0.5,1.4,0.4,0.2,47.3,,,,,,
GANNAWARRA,2005,130,,1.0,11,0.5,1.4,0.4,0.2,47.3,,,,,,
GANNAWARRA,2005,127,,1.0,11,0.5,1.4,0.4,0.2,47.3,,,,,,
GANNAWARRA,2006,130,,1.0,11,0.5,1.4,0.4,0.2,47.3,,,,,,
GANNAWARRA,2006,133,,1.0,11,0.5,1.4,0.4,0.2,47.3,,,,,,
GANNAWARRA,2006,140,,1.0,11,0.5,1.4,0.4,0.2,47.3,,,,,,
GANNAWARRA,2006,140,,1.0,11,0.5,1.4,0.4,0.2,47.3,,,,,,
GANNAWARRA,2007,140,,1.0,11,0.5,1.4,0.4,0.2,47.3,,,,,,
GANNAWARRA,2007,140,,1.0,11,0.5,1.4,0.4,0.2,47.3,,,,,,
GANNAWARRA,2007,143,,1.0,11,0.5,1.4,0.4,0.2,47.3,,,,,,
GANNAWARRA,2007,140,,1.0,11,0.5,1.4,0.4,0.2,47.3,,,,,,
GANNAWARRA,2008,148,,1.0,11,0.5,1.4,0.4,0.2,47.3,,,,,,
GANNAWARRA,2008,140,,1.0,11,0.5,1.4,0.4,0.2,47.3,,,,,,
GANNAWARRA,2008,150,,1.0,11,0.5,1.4,0.4,0.2,47.3,,,,,,
GANNAWARRA,2008,144,,1.0,11,0.5,1.4,0.4,0.2,47.3,,,,,,
GANNAWARRA,2009,150,,1.0,11,0.5,1.4,0.4,0.2,47.3,,,,,,
GANNAWARRA,2009,145,,1.0,11,0.5,1.4,0.4,0.2,47.3,,,,,,
GANNAWARRA,2009,150,,1.0,11,0.5,1.4,0.4,0.2,47.3,,,,,,
GANNAWARRA,2009,150,,1.0,11,0.5,1.4,0.4,0.2,47.3,,,,,,
GANNAWARRA,2010,160,,1.0,11,0.5,1.4,0.4,0.2,47.3,,,,,,
GANNAWARRA,2010,150,,1.0,11,0.5,1.4,0.4,0.2,47.3,,,,,,
GANNAWARRA,2010,150,,1.0,11,0.5,1.4,0.4,0.2,47.3,,,,,,
GANNAWARRA,2010,150,,1.0,11,0.5,1.4,0.4,0.2,47.3,,,,,,
GANNAWARRA,2011,158,,1.0,11,0.5,1.4,0.4,0.2,47.3,,,,,,
GANNAWARRA,2011,165,,1.0,11,0.5,1.4,0.4,0.2,47.3,,,,,,
GANNAWARRA,2011,155,,1.0,11,0.5,1.4,0.4,0.2,47.3,,,,,,
GANNAWARRA,2011,150,,1.0,11,0.5,1.4,0.4,0.2,47.3,,,,,,
GANNAWARRA,2012,160,,1.0,11,0.5,1.4,0.4,0.2,47.3,,,,,,
GANNAWARRA,2012,175,,1.0,11,0.5,1.4,0.4,0.2,47.3,,,,,,
GANNAWARRA,2012,170,,1.0,11,0.5,1.4,0.4,0.2,47.3,,,,,,
GANNAWARRA,2012,160,,1.0,11,0.5,1.4,0.4,0.2,47.3,,,,,,
GANNAWARRA,2013,163,,1.0,11,0.5,1.4,0.4,0.2,47.3,,,,,,
GANNAWARRA,2013,160,,1.0,11,0.5,1.4,0.4,0.2,47.3,,,,,,
GANNAWARRA,2013,175,,1.0,11,0.5,1.4,0.4,0.2,47.3,,,,,,
GANNAWARRA,2013,173,,1.0,11,0.5,1.4,0.4,0.2,47.3,,,,,,
GANNAWARRA,2014,170,,1.0,11,0.5,1.4,0.4,0.2,47.3,,,,,,
GANNAWARRA,2014,180,,1.0,11,0.5,1.4,0.4,0.2,47.3,,,,,,
GANNAWARRA,2014,180,,1.0,11,0.5,1.4,0.4,0.2,47.3,,,,,,
GANNAWARRA,2014,180,,1.0,11,0.5,1.4,0.4,0.2,47.3,,,,,,
GANNAWARRA,2015,200,,1.0,11,0.5,1.4,0.4,0.2,47.3,,,,,,
GANNAWARRA,2015,190,,1.0,11,0.5,1.4,0.4,0.2,47.3,,,,,,
GANNAWARRA,2015,190,,1.0,11,0.5,1.4,0.4,0.2,47.3,,,,,,
GANNAWARRA,2015,190,,1.0,11,0.5,1.4,0.4,0.2,47.3,,,,,,
GANNAWARRA,2016,180,612.0,1.0,11,0.5,1.4,0.4,0.2,47.3,,,,,,
GANNAWARRA,2016,190,612.0,1.0,11,0.5,1.4,0.4,0.2,47.3,,,,,,
GANNAWARRA,2016,195,612.0,1.0,11,0.5,1.4,0.4,0.2,47.3,,,,,,
GANNAWARRA,2016,190,612.0,1.0,11,0.5,1.4,0.4,0.2,47.3,,,,,,
GANNAWARRA,2017,200,569.0,1.0,11,0.5,1.4,0.4,0.2,47.3,,,,,,
GANNAWARRA,2017,200,569.0,1.0,11,0.5,1.4,0.4,0.2,47.3,,,,,,
GANNAWARRA,2017,208,569.0,1.0,11,0.5,1.4,0.4,0.2,47.3,,,,,,
GANNAWARRA,2017,200,569.0,1.0,11,0.5,1.4,0.4,0.2,47.3,,,,,,
GANNAWARRA,2018,202,750.0,1.0,11,0.5,1.4,0.4,0.2,47.3,,,,,,
GANNAWARRA,2018,200,750.0,1.0,11,0.5,1.4,0.4,0.2,47.3,,,,,,
GANNAWARRA,2018,207,750.0,1.0,11,0.5,1.4,0.4,0.2,47.3,,,,,,
GANNAWARRA,2018,220,750.0,1.0,11,0.5,1.4,0.4,0.2,47.3,,,,,,
GANNAWARRA,2019,220,829.0,1.0,11,0.5,1.4,0.4,0.2,47.3,,,,,,
GANNAWARRA,2019,220,829.0,1.0,11,0.5,1.4,0.4,0.2,47.3,,,,,,
GANNAWARRA,2019,220,829.0,1.0,11,0.5,1.4,0.4,0.2,47.3,,,,,,
GANNAWARRA,2019,225,829.0,1.0,11,0.5,1.4,0.4,0.2,47.3,,,,,,
GANNAWARRA,2020,220,961.0,1.0,11,0.5,1.4,0.4,0.2,47.3,,,,,,
GANNAWARRA,2020,233,961.0,1.0,11,0.5,1.4,0.4,0.2,47.3,,,,,,
GANNAWARRA,2020,228,961.0,1.0,11,0.5,1.4,0.4,0.2,47.3,,,,,,
GANNAWARRA,2020,238,961.0,1.0,11,0.5,1.4,0.4,0.2,47.3,,,,,,
GANNAWARRA,2021,245,792.0,1.0,11,0.5,1.4,0.4,0.2,47.3,,,,,,
GANNAWARRA,2021,240,792.0,1.0,11,0.5,1.4,0.4,0.2,47.3,,,,,,
GANNAWARRA,2021,255,792.0,1.0,11,0.5,1.4,0.4,0.2,47.3,,,,,,
GANNAWARRA,2021,240,792.0,1.0,11,0.5,1.4,0.4,0.2,47.3,,,,,,
GANNAWARRA,2022,263,803.0,1.0,11,0.5,1.4,0.4,0.2,47.3,,,,,,
GANNAWARRA,2022,250,803.0,1.0,11,0.5,1.4,0.4,0.2,47.3,,,,,,
GANNAWARRA,2022,260,803.0,1.0,11,0.5,1.4,0.4,0.2,47.3,,,,,,
GANNAWARRA,2022,280,803.0,1.0,11,0.5,1.4,0.4,0.2,47.3,,,,,,
GANNAWARRA,2023,280,993.0,1.0,11,0.5,1.4,0.4,0.2,47.3,,,,,,
GANNAWARRA,2023,300,993.0,1.0,11,0.5,1.4,0.4,0.2,47.3,,,,,,
GANNAWARRA,2023,280,993.0,1.0,11,0.5,1.4,0.4,0.2,47.3,,,,,,
GANNAWARRA,2023,305,993.0,1.0,11,0.5,1.4,0.4,0.2,47.3,,,,,,
GANNAWARRA,2024,300,893.0,1.0,11,0.5,1.4,0.4,0.2,47.3,,,,,,
GANNAWARRA,2024,325,893.0,1.0,11,0.5,1.4,0.4,0.2,47.3,,,,,,
GANNAWARRA,2024,300,893.0,1.0,11,0.5,1.4,0.4,0.2,47.3,,,,,,
GANNAWARRA,2024,320,893.0,1.0,11,0.5,1.4,0.4,0.2,47.3,,,,,,
GANNAWARRA,2025,340,862.0,1.0,11,0.5,1.4,0.4,0.2,47.3,,,,,,
GANNAWARRA,2025,305,862.0,1.0,11,0.5,1.4,0.4,0.2,47.3,,,,,,
GANNAWARRA,2025,323,862.0,1.0,11,0.5,1.4,0.4,0.2,47.3,,,,,,
GLEN EIRA,1999,180,,10.0,35,0.4,1.1,0.4,0.2,24.1,Corner Glen Eira & Hawthorn Roads, Caulfield South VIC 3162,-37.8915,145.0252,8.9,12.0
GLEN EIRA,1999,179,,10.0,35,0.4,1.1,0.4,0.2,24.1,Corner Glen Eira & Hawthorn Roads, Caulfield South VIC 3162,-37.8915,145.0252,8.9,12.0
GLEN EIRA,1999,180,,10.0,35,0.4,1.1,0.4,0.2,24.1,Corner Glen Eira & Hawthorn Roads, Caulfield South VIC 3162,-37.8915,145.0252,8.9,12.0
GLEN EIRA,2000,185,,10.0,35,0.4,1.1,0.4,0.2,24.1,Corner Glen Eira & Hawthorn Roads, Caulfield South VIC 3162,-37.8915,145.0252,8.9,12.0
GLEN EIRA,2000,188,,10.0,35,0.4,1.1,0.4,0.2,24.1,Corner Glen Eira & Hawthorn Roads, Caulfield South VIC 3162,-37.8915,145.0252,8.9,12.0
GLEN EIRA,2000,190,,10.0,35,0.4,1.1,0.4,0.2,24.1,Corner Glen Eira & Hawthorn Roads, Caulfield South VIC 3162,-37.8915,145.0252,8.9,12.0
GLEN EIRA,2000,190,,10.0,35,0.4,1.1,0.4,0.2,24.1,Corner Glen Eira & Hawthorn Roads, Caulfield South VIC 3162,-37.8915,145.0252,8.9,12.0
GLEN EIRA,2001,200,,10.0,35,0.4,1.1,0.4,0.2,24.1,Corner Glen Eira & Hawthorn Roads, Caulfield South VIC 3162,-37.8915,145.0252,8.9,12.0
GLEN EIRA,2001,200,,10.0,35,0.4,1.1,0.4,0.2,24.1,Corner Glen Eira & Hawthorn Roads, Caulfield South VIC 3162,-37.8915,145.0252,8.9,12.0
GLEN EIRA,2001,200,,10.0,35,0.4,1.1,0.4,0.2,24.1,Corner Glen Eira & Hawthorn Roads, Caulfield South VIC 3162,-37.8915,145.0252,8.9,12.0
GLEN EIRA,2001,205,,10.0,35,0.4,1.1,0.4,0.2,24.1,Corner Glen Eira & Hawthorn Roads, Caulfield South VIC 3162,-37.8915,145.0252,8.9,12.0
GLEN EIRA,2002,200,,10.0,35,0.4,1.1,0.4,0.2,24.1,Corner Glen Eira & Hawthorn Roads, Caulfield South VIC 3162,-37.8915,145.0252,8.9,12.0
GLEN EIRA,2002,208,,10.0,35,0.4,1.1,0.4,0.2,24.1,Corner Glen Eira & Hawthorn Roads, Caulfield South VIC 3162,-37.8915,145.0252,8.9,12.0
GLEN EIRA,2002,210,,10.0,35,0.4,1.1,0.4,0.2,24.1,Corner Glen Eira & Hawthorn Roads, Caulfield South VIC 3162,-37.8915,145.0252,8.9,12.0
GLEN EIRA,2002,210,,10.0,35,0.4,1.1,0.4,0.2,24.1,Corner Glen Eira & Hawthorn Roads, Caulfield South VIC 3162,-37.8915,145.0252,8.9,12.0
GLEN EIRA,2003,210,,10.0,35,0.4,1.1,0.4,0.2,24.1,Corner Glen Eira & Hawthorn Roads, Caulfield South VIC 3162,-37.8915,145.0252,8.9,12.0
GLEN EIRA,2003,220,,10.0,35,0.4,1.1,0.4,0.2,24.1,Corner Glen Eira & Hawthorn Roads, Caulfield South VIC 3162,-37.8915,145.0252,8.9,12.0
GLEN EIRA,2003,220,,10.0,35,0.4,1.1,0.4,0.2,24.1,Corner Glen Eira & Hawthorn Roads, Caulfield South VIC 3162,-37.8915,145.0252,8.9,12.0
GLEN EIRA,2003,220,,10.0,35,0.4,1.1,0.4,0.2,24.1,Corner Glen Eira & Hawthorn Roads, Caulfield South VIC 3162,-37.8915,145.0252,8.9,12.0
GLEN EIRA,2004,225,,10.0,35,0.4,1.1,0.4,0.2,24.1,Corner Glen Eira & Hawthorn Roads, Caulfield South VIC 3162,-37.8915,145.0252,8.9,12.0
GLEN EIRA,2004,225,,10.0,35,0.4,1.1,0.4,0.2,24.1,Corner Glen Eira & Hawthorn Roads, Caulfield South VIC 3162,-37.8915,145.0252,8.9,12.0
GLEN EIRA,2004,230,,10.0,35,0.4,1.1,0.4,0.2,24.1,Corner Glen Eira & Hawthorn Roads, Caulfield South VIC 3162,-37.8915,145.0252,8.9,12.0
GLEN EIRA,2004,225,,10.0,35,0.4,1.1,0.4,0.2,24.1,Corner Glen Eira & Hawthorn Roads, Caulfield South VIC 3162,-37.8915,145.0252,8.9,12.0
GLEN EIRA,2005,230,,10.0,35,0.4,1.1,0.4,0.2,24.1,Corner Glen Eira & Hawthorn Roads, Caulfield South VIC 3162,-37.8915,145.0252,8.9,12.0
GLEN EIRA,2005,240,,10.0,35,0.4,1.1,0.4,0.2,24.1,Corner Glen Eira & Hawthorn Roads, Caulfield South VIC 3162,-37.8915,145.0252,8.9,12.0
GLEN EIRA,2005,230,,10.0,35,0.4,1.1,0.4,0.2,24.1,Corner Glen Eira & Hawthorn Roads, Caulfield South VIC 3162,-37.8915,145.0252,8.9,12.0
GLEN EIRA,2005,240,,10.0,35,0.4,1.1,0.4,0.2,24.1,Corner Glen Eira & Hawthorn Roads, Caulfield South VIC 3162,-37.8915,145.0252,8.9,12.0
GLEN EIRA,2006,235,,10.0,35,0.4,1.1,0.4,0.2,24.1,Corner Glen Eira & Hawthorn Roads, Caulfield South VIC 3162,-37.8915,145.0252,8.9,12.0
GLEN EIRA,2006,240,,10.0,35,0.4,1.1,0.4,0.2,24.1,Corner Glen Eira & Hawthorn Roads, Caulfield South VIC 3162,-37.8915,145.0252,8.9,12.0
GLEN EIRA,2006,249,,10.0,35,0.4,1.1,0.4,0.2,24.1,Corner Glen Eira & Hawthorn Roads, Caulfield South VIC 3162,-37.8915,145.0252,8.9,12.0
GLEN EIRA,2006,250,,10.0,35,0.4,1.1,0.4,0.2,24.1,Corner Glen Eira & Hawthorn Roads, Caulfield South VIC 3162,-37.8915,145.0252,8.9,12.0
GLEN EIRA,2007,265,,10.0,35,0.4,1.1,0.4,0.2,24.1,Corner Glen Eira & Hawthorn Roads, Caulfield South VIC 3162,-37.8915,145.0252,8.9,12.0
GLEN EIRA,2007,280,,10.0,35,0.4,1.1,0.4,0.2,24.1,Corner Glen Eira & Hawthorn Roads, Caulfield South VIC 3162,-37.8915,145.0252,8.9,12.0
GLEN EIRA,2007,295,,10.0,35,0.4,1.1,0.4,0.2,24.1,Corner Glen Eira & Hawthorn Roads, Caulfield South VIC 3162,-37.8915,145.0252,8.9,12.0
GLEN EIRA,2007,295,,10.0,35,0.4,1.1,0.4,0.2,24.1,Corner Glen Eira & Hawthorn Roads, Caulfield South VIC 3162,-37.8915,145.0252,8.9,12.0
GLEN EIRA,2008,300,,10.0,35,0.4,1.1,0.4,0.2,24.1,Corner Glen Eira & Hawthorn Roads, Caulfield South VIC 3162,-37.8915,145.0252,8.9,12.0
GLEN EIRA,2008,320,,10.0,35,0.4,1.1,0.4,0.2,24.1,Corner Glen Eira & Hawthorn Roads, Caulfield South VIC 3162,-37.8915,145.0252,8.9,12.0
GLEN EIRA,2008,330,,10.0,35,0.4,1.1,0.4,0.2,24.1,Corner Glen Eira & Hawthorn Roads, Caulfield South VIC 3162,-37.8915,145.0252,8.9,12.0
GLEN EIRA,2008,330,,10.0,35,0.4,1.1,0.4,0.2,24.1,Corner Glen Eira & Hawthorn Roads, Caulfield South VIC 3162,-37.8915,145.0252,8.9,12.0
GLEN EIRA,2009,330,,10.0,35,0.4,1.1,0.4,0.2,24.1,Corner Glen Eira & Hawthorn Roads, Caulfield South VIC 3162,-37.8915,145.0252,8.9,12.0
GLEN EIRA,2009,333,,10.0,35,0.4,1.1,0.4,0.2,24.1,Corner Glen Eira & Hawthorn Roads, Caulfield South VIC 3162,-37.8915,145.0252,8.9,12.0
GLEN EIRA,2009,330,,10.0,35,0.4,1.1,0.4,0.2,24.1,Corner Glen Eira & Hawthorn Roads, Caulfield South VIC 3162,-37.8915,145.0252,8.9,12.0
GLEN EIRA,2009,345,,10.0,35,0.4,1.1,0.4,0.2,24.1,Corner Glen Eira & Hawthorn Roads, Caulfield South VIC 3162,-37.8915,145.0252,8.9,12.0
GLEN EIRA,2010,350,,10.0,35,0.4,1.1,0.4,0.2,24.1,Corner Glen Eira & Hawthorn Roads, Caulfield South VIC 3162,-37.8915,145.0252,8.9,12.0
GLEN EIRA,2010,350,,10.0,35,0.4,1.1,0.4,0.2,24.1,Corner Glen Eira & Hawthorn Roads, Caulfield South VIC 3162,-37.8915,145.0252,8.9,12.0
GLEN EIRA,2010,355,,10.0,35,0.4,1.1,0.4,0.2,24.1,Corner Glen Eira & Hawthorn Roads, Caulfield South VIC 3162,-37.8915,145.0252,8.9,12.0
GLEN EIRA,2010,360,,10.0,35,0.4,1.1,0.4,0.2,24.1,Corner Glen Eira & Hawthorn Roads, Caulfield South VIC 3162,-37.8915,145.0252,8.9,12.0
GLEN EIRA,2011,365,,10.0,35,0.4,1.1,0.4,0.2,24.1,Corner Glen Eira & Hawthorn Roads, Caulfield South VIC 3162,-37.8915,145.0252,8.9,12.0
GLEN EIRA,2011,360,,10.0,35,0.4,1.1,0.4,0.2,24.1,Corner Glen Eira & Hawthorn Roads, Caulfield South VIC 3162,-37.8915,145.0252,8.9,12.0
GLEN EIRA,2011,370,,10.0,35,0.4,1.1,0.4,0.2,24.1,Corner Glen Eira & Hawthorn Roads, Caulfield South VIC 3162,-37.8915,145.0252,8.9,12.0
GLEN EIRA,2011,370,,10.0,35,0.4,1.1,0.4,0.2,24.1,Corner Glen Eira & Hawthorn Roads, Caulfield South VIC 3162,-37.8915,145.0252,8.9,12.0
GLEN EIRA,2012,377,,10.0,35,0.4,1.1,0.4,0.2,24.1,Corner Glen Eira & Hawthorn Roads, Caulfield South VIC 3162,-37.8915,145.0252,8.9,12.0
GLEN EIRA,2012,375,,10.0,35,0.4,1.1,0.4,0.2,24.1,Corner Glen Eira & Hawthorn Roads, Caulfield South VIC 3162,-37.8915,145.0252,8.9,12.0
GLEN EIRA,2012,360,,10.0,35,0.4,1.1,0.4,0.2,24.1,Corner Glen Eira & Hawthorn Roads, Caulfield South VIC 3162,-37.8915,145.0252,8.9,12.0
GLEN EIRA,2012,370,,10.0,35,0.4,1.1,0.4,0.2,24.1,Corner Glen Eira & Hawthorn Roads, Caulfield South VIC 3162,-37.8915,145.0252,8.9,12.0
GLEN EIRA,2013,380,,10.0,35,0.4,1.1,0.4,0.2,24.1,Corner Glen Eira & Hawthorn Roads, Caulfield South VIC 3162,-37.8915,145.0252,8.9,12.0
GLEN EIRA,2013,375,,10.0,35,0.4,1.1,0.4,0.2,24.1,Corner Glen Eira & Hawthorn Roads, Caulfield South VIC 3162,-37.8915,145.0252,8.9,12.0
GLEN EIRA,2013,380,,10.0,35,0.4,1.1,0.4,0.2,24.1,Corner Glen Eira & Hawthorn Roads, Caulfield South VIC 3162,-37.8915,145.0252,8.9,12.0
GLEN EIRA,2013,375,,10.0,35,0.4,1.1,0.4,0.2,24.1,Corner Glen Eira & Hawthorn Roads, Caulfield South VIC 3162,-37.8915,145.0252,8.9,12.0
GLEN EIRA,2014,380,,10.0,35,0.4,1.1,0.4,0.2,24.1,Corner Glen Eira & Hawthorn Roads, Caulfield South VIC 3162,-37.8915,145.0252,8.9,12.0
GLEN EIRA,2014,380,,10.0,35,0.4,1.1,0.4,0.2,24.1,Corner Glen Eira & Hawthorn Roads, Caulfield South VIC 3162,-37.8915,145.0252,8.9,12.0
GLEN EIRA,2014,390,,10.0,35,0.4,1.1,0.4,0.2,24.1,Corner Glen Eira & Hawthorn Roads, Caulfield South VIC 3162,-37.8915,145.0252,8.9,12.0
GLEN EIRA,2014,385,,10.0,35,0.4,1.1,0.4,0.2,24.1,Corner Glen Eira & Hawthorn Roads, Caulfield South VIC 3162,-37.8915,145.0252,8.9,12.0
GLEN EIRA,2015,390,,10.0,35,0.4,1.1,0.4,0.2,24.1,Corner Glen Eira & Hawthorn Roads, Caulfield South VIC 3162,-37.8915,145.0252,8.9,12.0
GLEN EIRA,2015,395,,10.0,35,0.4,1.1,0.4,0.2,24.1,Corner Glen Eira & Hawthorn Roads, Caulfield South VIC 3162,-37.8915,145.0252,8.9,12.0
GLEN EIRA,2015,390,,10.0,35,0.4,1.1,0.4,0.2,24.1,Corner Glen Eira & Hawthorn Roads, Caulfield South VIC 3162,-37.8915,145.0252,8.9,12.0
GLEN EIRA,2015,400,,10.0,35,0.4,1.1,0.4,0.2,24.1,Corner Glen Eira & Hawthorn Roads, Caulfield South VIC 3162,-37.8915,145.0252,8.9,12.0
GLEN EIRA,2016,400,7480.0,10.0,35,0.4,1.1,0.4,0.2,24.1,Corner Glen Eira & Hawthorn Roads, Caulfield South VIC 3162,-37.8915,145.0252,8.9,12.0
GLEN EIRA,2016,400,7480.0,10.0,35,0.4,1.1,0.4,0.2,24.1,Corner Glen Eira & Hawthorn Roads, Caulfield South VIC 3162,-37.8915,145.0252,8.9,12.0
GLEN EIRA,2016,415,7480.0,10.0,35,0.4,1.1,0.4,0.2,24.1,Corner Glen Eira & Hawthorn Roads, Caulfield South VIC 3162,-37.8915,145.0252,8.9,12.0
GLEN EIRA,2016,420,7480.0,10.0,35,0.4,1.1,0.4,0.2,24.1,Corner Glen Eira & Hawthorn Roads, Caulfield South VIC 3162,-37.8915,145.0252,8.9,12.0
GLEN EIRA,2017,435,6825.0,10.0,35,0.4,1.1,0.4,0.2,24.1,Corner Glen Eira & Hawthorn Roads, Caulfield South VIC 3162,-37.8915,145.0252,8.9,12.0
GLEN EIRA,2017,420,6825.0,10.0,35,0.4,1.1,0.4,0.2,24.1,Corner Glen Eira & Hawthorn Roads, Caulfield South VIC 3162,-37.8915,145.0252,8.9,12.0
GLEN EIRA,2017,420,6825.0,10.0,35,0.4,1.1,0.4,0.2,24.1,Corner Glen Eira & Hawthorn Roads, Caulfield South VIC 3162,-37.8915,145.0252,8.9,12.0
GLEN EIRA,2017,435,6825.0,10.0,35,0.4,1.1,0.4,0.2,24.1,Corner Glen Eira & Hawthorn Roads, Caulfield South VIC 3162,-37.8915,145.0252,8.9,12.0
GLEN EIRA,2018,450,6507.0,10.0,35,0.4,1.1,0.4,0.2,24.1,Corner Glen Eira & Hawthorn Roads, Caulfield South VIC 3162,-37.8915,145.0252,8.9,12.0
GLEN EIRA,2018,450,6507.0,10.0,35,0.4,1.1,0.4,0.2,24.1,Corner Glen Eira & Hawthorn Roads, Caulfield South VIC 3162,-37.8915,145.0252,8.9,12.0
GLEN EIRA,2018,450,6507.0,10.0,35,0.4,1.1,0.4,0.2,24.1,Corner Glen Eira & Hawthorn Roads, Caulfield South VIC 3162,-37.8915,145.0252,8.9,12.0
GLEN EIRA,2018,450,6507.0,10.0,35,0.4,1.1,0.4,0.2,24.1,Corner Glen Eira & Hawthorn Roads, Caulfield South VIC 3162,-37.8915,145.0252,8.9,12.0
GLEN EIRA,2019,460,7384.0,10.0,35,0.4,1.1,0.4,0.2,24.1,Corner Glen Eira & Hawthorn Roads, Caulfield South VIC 3162,-37.8915,145.0252,8.9,12.0
GLEN EIRA,2019,450,7384.0,10.0,35,0.4,1.1,0.4,0.2,24.1,Corner Glen Eira & Hawthorn Roads, Caulfield South VIC 3162,-37.8915,145.0252,8.9,12.0
GLEN EIRA,2019,450,7384.0,10.0,35,0.4,1.1,0.4,0.2,24.1,Corner Glen Eira & Hawthorn Roads, Caulfield South VIC 3162,-37.8915,145.0252,8.9,12.0
GLEN EIRA,2019,450,7384.0,10.0,35,0.4,1.1,0.4,0.2,24.1,Corner Glen Eira & Hawthorn Roads, Caulfield South VIC 3162,-37.8915,145.0252,8.9,12.0
GLEN EIRA,2020,460,7851.0,10.0,35,0.4,1.1,0.4,0.2,24.1,Corner Glen Eira & Hawthorn Roads, Caulfield South VIC 3162,-37.8915,145.0252,8.9,12.0
GLEN EIRA,2020,450,7851.0,10.0,35,0.4,1.1,0.4,0.2,24.1,Corner Glen Eira & Hawthorn Roads, Caulfield South VIC 3162,-37.8915,145.0252,8.9,12.0
GLEN EIRA,2020,430,7851.0,10.0,35,0.4,1.1,0.4,0.2,24.1,Corner Glen Eira & Hawthorn Roads, Caulfield South VIC 3162,-37.8915,145.0252,8.9,12.0
GLEN EIRA,2020,420,7851.0,10.0,35,0.4,1.1,0.4,0.2,24.1,Corner Glen Eira & Hawthorn Roads, Caulfield South VIC 3162,-37.8915,145.0252,8.9,12.0
GLEN EIRA,2021,415,6837.0,10.0,35,0.4,1.1,0.4,0.2,24.1,Corner Glen Eira & Hawthorn Roads, Caulfield South VIC 3162,-37.8915,145.0252,8.9,12.0
GLEN EIRA,2021,400,6837.0,10.0,35,0.4,1.1,0.4,0.2,24.1,Corner Glen Eira & Hawthorn Roads, Caulfield South VIC 3162,-37.8915,145.0252,8.9,12.0
GLEN EIRA,2021,395,6837.0,10.0,35,0.4,1.1,0.4,0.2,24.1,Corner Glen Eira & Hawthorn Roads, Caulfield South VIC 3162,-37.8915,145.0252,8.9,12.0
GLEN EIRA,2021,420,6837.0,10.0,35,0.4,1.1,0.4,0.2,24.1,Corner Glen Eira & Hawthorn Roads, Caulfield South VIC 3162,-37.8915,145.0252,8.9,12.0
GLEN EIRA,2022,420,6918.0,10.0,35,0.4,1.1,0.4,0.2,24.1,Corner Glen Eira & Hawthorn Roads, Caulfield South VIC 3162,-37.8915,145.0252,8.9,12.0
GLEN EIRA,2022,435,6918.0,10.0,35,0.4,1.1,0.4,0.2,24.1,Corner Glen Eira & Hawthorn Roads, Caulfield South VIC 3162,-37.8915,145.0252,8.9,12.0
GLEN EIRA,2022,450,6918.0,10.0,35,0.4,1.1,0.4,0.2,24.1,Corner Glen Eira & Hawthorn Roads, Caulfield South VIC 3162,-37.8915,145.0252,8.9,12.0
GLEN EIRA,2022,480,6918.0,10.0,35,0.4,1.1,0.4,0.2,24.1,Corner Glen Eira & Hawthorn Roads, Caulfield South VIC 3162,-37.8915,145.0252,8.9,12.0
GLEN EIRA,2023,540,7670.0,10.0,35,0.4,1.1,0.4,0.2,24.1,Corner Glen Eira & Hawthorn Roads, Caulfield South VIC 3162,-37.8915,145.0252,8.9,12.0
GLEN EIRA,2023,530,7670.0,10.0,35,0.4,1.1,0.4,0.2,24.1,Corner Glen Eira & Hawthorn Roads, Caulfield South VIC 3162,-37.8915,145.0252,8.9,12.0
GLEN EIRA,2023,550,7670.0,10.0,35,0.4,1.1,0.4,0.2,24.1,Corner Glen Eira & Hawthorn Roads, Caulfield South VIC 3162,-37.8915,145.0252,8.9,12.0
GLEN EIRA,2023,560,7670.0,10.0,35,0.4,1.1,0.4,0.2,24.1,Corner Glen Eira & Hawthorn Roads, Caulfield South VIC 3162,-37.8915,145.0252,8.9,12.0
GLEN EIRA,2024,595,8236.0,10.0,35,0.4,1.1,0.4,0.2,24.1,Corner Glen Eira & Hawthorn Roads, Caulfield South VIC 3162,-37.8915,145.0252,8.9,12.0
GLEN EIRA,2024,585,8236.0,10.0,35,0.4,1.1,0.4,0.2,24.1,Corner Glen Eira & Hawthorn Roads, Caulfield South VIC 3162,-37.8915,145.0252,8.9,12.0
GLEN EIRA,2024,600,8236.0,10.0,35,0.4,1.1,0.4,0.2,24.1,Corner Glen Eira & Hawthorn Roads, Caulfield South VIC 3162,-37.8915,145.0252,8.9,12.0
GLEN EIRA,2024,597,8236.0,10.0,35,0.4,1.1,0.4,0.2,24.1,Corner Glen Eira & Hawthorn Roads, Caulfield South VIC 3162,-37.8915,145.0252,8.9,12.0
GLEN EIRA,2025,630,7715.0,10.0,35,0.4,1.1,0.4,0.2,24.1,Corner Glen Eira & Hawthorn Roads, Caulfield South VIC 3162,-37.8915,145.0252,8.9,12.0
GLEN EIRA,2025,600,7715.0,10.0,35,0.4,1.1,0.4,0.2,24.1,Corner Glen Eira & Hawthorn Roads, Caulfield South VIC 3162,-37.8915,145.0252,8.9,12.0
GLEN EIRA,2025,625,7715.0,10.0,35,0.4,1.1,0.4,0.2,24.1,Corner Glen Eira & Hawthorn Roads, Caulfield South VIC 3162,-37.8915,145.0252,8.9,12.0
GLENELG,1999,110,,2.0,18,0.6,1.1,0.3,0.3,27.6,,,,,,
GLENELG,1999,100,,2.0,18,0.6,1.1,0.3,0.3,27.6,,,,,,
GLENELG,1999,100,,2.0,18,0.6,1.1,0.3,0.3,27.6,,,,,,
GLENELG,2000,100,,2.0,18,0.6,1.1,0.3,0.3,27.6,,,,,,
GLENELG,2000,110,,2.0,18,0.6,1.1,0.3,0.3,27.6,,,,,,
GLENELG,2000,108,,2.0,18,0.6,1.1,0.3,0.3,27.6,,,,,,
GLENELG,2000,105,,2.0,18,0.6,1.1,0.3,0.3,27.6,,,,,,
GLENELG,2001,105,,2.0,18,0.6,1.1,0.3,0.3,27.6,,,,,,
GLENELG,2001,110,,2.0,18,0.6,1.1,0.3,0.3,27.6,,,,,,
GLENELG,2001,120,,2.0,18,0.6,1.1,0.3,0.3,27.6,,,,,,
GLENELG,2001,120,,2.0,18,0.6,1.1,0.3,0.3,27.6,,,,,,
GLENELG,2002,120,,2.0,18,0.6,1.1,0.3,0.3,27.6,,,,,,
GLENELG,2002,120,,2.0,18,0.6,1.1,0.3,0.3,27.6,,,,,,
GLENELG,2002,120,,2.0,18,0.6,1.1,0.3,0.3,27.6,,,,,,
GLENELG,2002,125,,2.0,18,0.6,1.1,0.3,0.3,27.6,,,,,,
GLENELG,2003,130,,2.0,18,0.6,1.1,0.3,0.3,27.6,,,,,,
GLENELG,2003,140,,2.0,18,0.6,1.1,0.3,0.3,27.6,,,,,,
GLENELG,2003,135,,2.0,18,0.6,1.1,0.3,0.3,27.6,,,,,,
GLENELG,2003,135,,2.0,18,0.6,1.1,0.3,0.3,27.6,,,,,,
GLENELG,2004,137,,2.0,18,0.6,1.1,0.3,0.3,27.6,,,,,,
GLENELG,2004,150,,2.0,18,0.6,1.1,0.3,0.3,27.6,,,,,,
GLENELG,2004,145,,2.0,18,0.6,1.1,0.3,0.3,27.6,,,,,,
GLENELG,2004,150,,2.0,18,0.6,1.1,0.3,0.3,27.6,,,,,,
GLENELG,2005,150,,2.0,18,0.6,1.1,0.3,0.3,27.6,,,,,,
GLENELG,2005,160,,2.0,18,0.6,1.1,0.3,0.3,27.6,,,,,,
GLENELG,2005,153,,2.0,18,0.6,1.1,0.3,0.3,27.6,,,,,,
GLENELG,2005,160,,2.0,18,0.6,1.1,0.3,0.3,27.6,,,,,,
GLENELG,2006,160,,2.0,18,0.6,1.1,0.3,0.3,27.6,,,,,,
GLENELG,2006,170,,2.0,18,0.6,1.1,0.3,0.3,27.6,,,,,,
GLENELG,2006,170,,2.0,18,0.6,1.1,0.3,0.3,27.6,,,,,,
GLENELG,2006,180,,2.0,18,0.6,1.1,0.3,0.3,27.6,,,,,,
GLENELG,2007,180,,2.0,18,0.6,1.1,0.3,0.3,27.6,,,,,,
GLENELG,2007,175,,2.0,18,0.6,1.1,0.3,0.3,27.6,,,,,,
GLENELG,2007,178,,2.0,18,0.6,1.1,0.3,0.3,27.6,,,,,,
GLENELG,2007,180,,2.0,18,0.6,1.1,0.3,0.3,27.6,,,,,,
GLENELG,2008,195,,2.0,18,0.6,1.1,0.3,0.3,27.6,,,,,,
GLENELG,2008,195,,2.0,18,0.6,1.1,0.3,0.3,27.6,,,,,,
GLENELG,2008,200,,2.0,18,0.6,1.1,0.3,0.3,27.6,,,,,,
GLENELG,2008,200,,2.0,18,0.6,1.1,0.3,0.3,27.6,,,,,,
GLENELG,2009,180,,2.0,18,0.6,1.1,0.3,0.3,27.6,,,,,,
GLENELG,2009,190,,2.0,18,0.6,1.1,0.3,0.3,27.6,,,,,,
GLENELG,2009,190,,2.0,18,0.6,1.1,0.3,0.3,27.6,,,,,,
GLENELG,2009,190,,2.0,18,0.6,1.1,0.3,0.3,27.6,,,,,,
GLENELG,2010,200,,2.0,18,0.6,1.1,0.3,0.3,27.6,,,,,,
GLENELG,2010,200,,2.0,18,0.6,1.1,0.3,0.3,27.6,,,,,,
GLENELG,2010,200,,2.0,18,0.6,1.1,0.3,0.3,27.6,,,,,,
GLENELG,2010,200,,2.0,18,0.6,1.1,0.3,0.3,27.6,,,,,,
GLENELG,2011,200,,2.0,18,0.6,1.1,0.3,0.3,27.6,,,,,,
GLENELG,2011,200,,2.0,18,0.6,1.1,0.3,0.3,27.6,,,,,,
GLENELG,2011,210,,2.0,18,0.6,1.1,0.3,0.3,27.6,,,,,,
GLENELG,2011,210,,2.0,18,0.6,1.1,0.3,0.3,27.6,,,,,,
GLENELG,2012,230,,2.0,18,0.6,1.1,0.3,0.3,27.6,,,,,,
GLENELG,2012,210,,2.0,18,0.6,1.1,0.3,0.3,27.6,,,,,,
GLENELG,2012,210,,2.0,18,0.6,1.1,0.3,0.3,27.6,,,,,,
GLENELG,2012,220,,2.0,18,0.6,1.1,0.3,0.3,27.6,,,,,,
GLENELG,2013,230,,2.0,18,0.6,1.1,0.3,0.3,27.6,,,,,,
GLENELG,2013,220,,2.0,18,0.6,1.1,0.3,0.3,27.6,,,,,,
GLENELG,2013,220,,2.0,18,0.6,1.1,0.3,0.3,27.6,,,,,,
GLENELG,2013,225,,2.0,18,0.6,1.1,0.3,0.3,27.6,,,,,,
GLENELG,2014,220,,2.0,18,0.6,1.1,0.3,0.3,27.6,,,,,,
GLENELG,2014,220,,2.0,18,0.6,1.1,0.3,0.3,27.6,,,,,,
GLENELG,2014,220,,2.0,18,0.6,1.1,0.3,0.3,27.6,,,,,,
GLENELG,2014,220,,2.0,18,0.6,1.1,0.3,0.3,27.6,,,,,,
GLENELG,2015,230,,2.0,18,0.6,1.1,0.3,0.3,27.6,,,,,,
GLENELG,2015,230,,2.0,18,0.6,1.1,0.3,0.3,27.6,,,,,,
GLENELG,2015,220,,2.0,18,0.6,1.1,0.3,0.3,27.6,,,,,,
GLENELG,2015,210,,2.0,18,0.6,1.1,0.3,0.3,27.6,,,,,,
GLENELG,2016,230,1673.0,2.0,18,0.6,1.1,0.3,0.3,27.6,,,,,,
GLENELG,2016,220,1673.0,2.0,18,0.6,1.1,0.3,0.3,27.6,,,,,,
GLENELG,2016,220,1673.0,2.0,18,0.6,1.1,0.3,0.3,27.6,,,,,,
GLENELG,2016,223,1673.0,2.0,18,0.6,1.1,0.3,0.3,27.6,,,,,,
GLENELG,2017,230,1639.0,2.0,18,0.6,1.1,0.3,0.3,27.6,,,,,,
GLENELG,2017,220,1639.0,2.0,18,0.6,1.1,0.3,0.3,27.6,,,,,,
GLENELG,2017,230,1639.0,2.0,18,0.6,1.1,0.3,0.3,27.6,,,,,,
GLENELG,2017,228,1639.0,2.0,18,0.6,1.1,0.3,0.3,27.6,,,,,,
GLENELG,2018,250,1343.0,2.0,18,0.6,1.1,0.3,0.3,27.6,,,,,,
GLENELG,2018,250,1343.0,2.0,18,0.6,1.1,0.3,0.3,27.6,,,,,,
GLENELG,2018,250,1343.0,2.0,18,0.6,1.1,0.3,0.3,27.6,,,,,,
GLENELG,2018,250,1343.0,2.0,18,0.6,1.1,0.3,0.3,27.6,,,,,,
GLENELG,2019,260,1674.0,2.0,18,0.6,1.1,0.3,0.3,27.6,,,,,,
GLENELG,2019,250,1674.0,2.0,18,0.6,1.1,0.3,0.3,27.6,,,,,,
GLENELG,2019,270,1674.0,2.0,18,0.6,1.1,0.3,0.3,27.6,,,,,,
GLENELG,2019,270,1674.0,2.0,18,0.6,1.1,0.3,0.3,27.6,,,,,,
GLENELG,2020,300,1679.0,2.0,18,0.6,1.1,0.3,0.3,27.6,,,,,,
GLENELG,2020,290,1679.0,2.0,18,0.6,1.1,0.3,0.3,27.6,,,,,,
GLENELG,2020,300,1679.0,2.0,18,0.6,1.1,0.3,0.3,27.6,,,,,,
GLENELG,2020,310,1679.0,2.0,18,0.6,1.1,0.3,0.3,27.6,,,,,,
GLENELG,2021,330,1756.0,2.0,18,0.6,1.1,0.3,0.3,27.6,,,,,,
GLENELG,2021,330,1756.0,2.0,18,0.6,1.1,0.3,0.3,27.6,,,,,,
GLENELG,2021,330,1756.0,2.0,18,0.6,1.1,0.3,0.3,27.6,,,,,,
GLENELG,2021,350,1756.0,2.0,18,0.6,1.1,0.3,0.3,27.6,,,,,,
GLENELG,2022,350,1650.0,2.0,18,0.6,1.1,0.3,0.3,27.6,,,,,,
GLENELG,2022,350,1650.0,2.0,18,0.6,1.1,0.3,0.3,27.6,,,,,,
GLENELG,2022,350,1650.0,2.0,18,0.6,1.1,0.3,0.3,27.6,,,,,,
GLENELG,2022,390,1650.0,2.0,18,0.6,1.1,0.3,0.3,27.6,,,,,,
GLENELG,2023,380,1638.0,2.0,18,0.6,1.1,0.3,0.3,27.6,,,,,,
GLENELG,2023,400,1638.0,2.0,18,0.6,1.1,0.3,0.3,27.6,,,,,,
GLENELG,2023,400,1638.0,2.0,18,0.6,1.1,0.3,0.3,27.6,,,,,,
GLENELG,2023,380,1638.0,2.0,18,0.6,1.1,0.3,0.3,27.6,,,,,,
GLENELG,2024,420,2084.0,2.0,18,0.6,1.1,0.3,0.3,27.6,,,,,,
GLENELG,2024,380,2084.0,2.0,18,0.6,1.1,0.3,0.3,27.6,,,,,,
GLENELG,2024,400,2084.0,2.0,18,0.6,1.1,0.3,0.3,27.6,,,,,,
GLENELG,2024,400,2084.0,2.0,18,0.6,1.1,0.3,0.3,27.6,,,,,,
GLENELG,2025,420,2489.0,2.0,18,0.6,1.1,0.3,0.3,27.6,,,,,,
GLENELG,2025,430,2489.0,2.0,18,0.6,1.1,0.3,0.3,27.6,,,,,,
GLENELG,2025,420,2489.0,2.0,18,0.6,1.1,0.3,0.3,27.6,,,,,,
GOLDEN PLAINS,1999,140,,,13,0.2,0.7,0.0,0.1,19.2,,,,,,
GOLDEN PLAINS,1999,135,,,13,0.2,0.7,0.0,0.1,19.2,,,,,,
GOLDEN PLAINS,1999,128,,,13,0.2,0.7,0.0,0.1,19.2,,,,,,
GOLDEN PLAINS,2000,143,,,13,0.2,0.7,0.0,0.1,19.2,,,,,,
GOLDEN PLAINS,2000,130,,,13,0.2,0.7,0.0,0.1,19.2,,,,,,
GOLDEN PLAINS,2000,135,,,13,0.2,0.7,0.0,0.1,19.2,,,,,,
GOLDEN PLAINS,2000,138,,,13,0.2,0.7,0.0,0.1,19.2,,,,,,
GOLDEN PLAINS,2001,135,,,13,0.2,0.7,0.0,0.1,19.2,,,,,,
GOLDEN PLAINS,2001,140,,,13,0.2,0.7,0.0,0.1,19.2,,,,,,
GOLDEN PLAINS,2001,145,,,13,0.2,0.7,0.0,0.1,19.2,,,,,,
GOLDEN PLAINS,2001,140,,,13,0.2,0.7,0.0,0.1,19.2,,,,,,
GOLDEN PLAINS,2002,155,,,13,0.2,0.7,0.0,0.1,19.2,,,,,,
GOLDEN PLAINS,2002,140,,,13,0.2,0.7,0.0,0.1,19.2,,,,,,
GOLDEN PLAINS,2002,145,,,13,0.2,0.7,0.0,0.1,19.2,,,,,,
GOLDEN PLAINS,2002,160,,,13,0.2,0.7,0.0,0.1,19.2,,,,,,
GOLDEN PLAINS,2003,155,,,13,0.2,0.7,0.0,0.1,19.2,,,,,,
GOLDEN PLAINS,2003,140,,,13,0.2,0.7,0.0,0.1,19.2,,,,,,
GOLDEN PLAINS,2003,170,,,13,0.2,0.7,0.0,0.1,19.2,,,,,,
GOLDEN PLAINS,2003,180,,,13,0.2,0.7,0.0,0.1,19.2,,,,,,
GOLDEN PLAINS,2004,175,,,13,0.2,0.7,0.0,0.1,19.2,,,,,,
GOLDEN PLAINS,2004,200,,,13,0.2,0.7,0.0,0.1,19.2,,,,,,
GOLDEN PLAINS,2004,192,,,13,0.2,0.7,0.0,0.1,19.2,,,,,,
GOLDEN PLAINS,2004,165,,,13,0.2,0.7,0.0,0.1,19.2,,,,,,
GOLDEN PLAINS,2005,210,,,13,0.2,0.7,0.0,0.1,19.2,,,,,,
GOLDEN PLAINS,2005,178,,,13,0.2,0.7,0.0,0.1,19.2,,,,,,
GOLDEN PLAINS,2005,185,,,13,0.2,0.7,0.0,0.1,19.2,,,,,,
GOLDEN PLAINS,2005,180,,,13,0.2,0.7,0.0,0.1,19.2,,,,,,
GOLDEN PLAINS,2006,215,,,13,0.2,0.7,0.0,0.1,19.2,,,,,,
GOLDEN PLAINS,2006,200,,,13,0.2,0.7,0.0,0.1,19.2,,,,,,
GOLDEN PLAINS,2006,185,,,13,0.2,0.7,0.0,0.1,19.2,,,,,,
GOLDEN PLAINS,2006,210,,,13,0.2,0.7,0.0,0.1,19.2,,,,,,
GOLDEN PLAINS,2007,230,,,13,0.2,0.7,0.0,0.1,19.2,,,,,,
GOLDEN PLAINS,2007,200,,,13,0.2,0.7,0.0,0.1,19.2,,,,,,
GOLDEN PLAINS,2007,210,,,13,0.2,0.7,0.0,0.1,19.2,,,,,,
GOLDEN PLAINS,2007,235,,,13,0.2,0.7,0.0,0.1,19.2,,,,,,
GOLDEN PLAINS,2008,193,,,13,0.2,0.7,0.0,0.1,19.2,,,,,,
GOLDEN PLAINS,2008,250,,,13,0.2,0.7,0.0,0.1,19.2,,,,,,
GOLDEN PLAINS,2008,240,,,13,0.2,0.7,0.0,0.1,19.2,,,,,,
GOLDEN PLAINS,2008,250,,,13,0.2,0.7,0.0,0.1,19.2,,,,,,
GOLDEN PLAINS,2009,253,,,13,0.2,0.7,0.0,0.1,19.2,,,,,,
GOLDEN PLAINS,2009,240,,,13,0.2,0.7,0.0,0.1,19.2,,,,,,
GOLDEN PLAINS,2009,260,,,13,0.2,0.7,0.0,0.1,19.2,,,,,,
GOLDEN PLAINS,2009,250,,,13,0.2,0.7,0.0,0.1,19.2,,,,,,
GOLDEN PLAINS,2010,250,,,13,0.2,0.7,0.0,0.1,19.2,,,,,,
GOLDEN PLAINS,2010,280,,,13,0.2,0.7,0.0,0.1,19.2,,,,,,
GOLDEN PLAINS,2010,270,,,13,0.2,0.7,0.0,0.1,19.2,,,,,,
GOLDEN PLAINS,2010,273,,,13,0.2,0.7,0.0,0.1,19.2,,,,,,
GOLDEN PLAINS,2011,280,,,13,0.2,0.7,0.0,0.1,19.2,,,,,,
GOLDEN PLAINS,2011,300,,,13,0.2,0.7,0.0,0.1,19.2,,,,,,
GOLDEN PLAINS,2011,308,,,13,0.2,0.7,0.0,0.1,19.2,,,,,,
GOLDEN PLAINS,2011,320,,,13,0.2,0.7,0.0,0.1,19.2,,,,,,
GOLDEN PLAINS,2012,290,,,13,0.2,0.7,0.0,0.1,19.2,,,,,,
GOLDEN PLAINS,2012,300,,,13,0.2,0.7,0.0,0.1,19.2,,,,,,
GOLDEN PLAINS,2012,330,,,13,0.2,0.7,0.0,0.1,19.2,,,,,,
GOLDEN PLAINS,2012,330,,,13,0.2,0.7,0.0,0.1,19.2,,,,,,
GOLDEN PLAINS,2013,288,,,13,0.2,0.7,0.0,0.1,19.2,,,,,,
GOLDEN PLAINS,2013,280,,,13,0.2,0.7,0.0,0.1,19.2,,,,,,
GOLDEN PLAINS,2013,300,,,13,0.2,0.7,0.0,0.1,19.2,,,,,,
GOLDEN PLAINS,2013,318,,,13,0.2,0.7,0.0,0.1,19.2,,,,,,
GOLDEN PLAINS,2014,320,,,13,0.2,0.7,0.0,0.1,19.2,,,,,,
GOLDEN PLAINS,2014,290,,,13,0.2,0.7,0.0,0.1,19.2,,,,,,
GOLDEN PLAINS,2014,325,,,13,0.2,0.7,0.0,0.1,19.2,,,,,,
GOLDEN PLAINS,2014,330,,,13,0.2,0.7,0.0,0.1,19.2,,,,,,
GOLDEN PLAINS,2015,305,,,13,0.2,0.7,0.0,0.1,19.2,,,,,,
GOLDEN PLAINS,2015,320,,,13,0.2,0.7,0.0,0.1,19.2,,,,,,
GOLDEN PLAINS,2015,330,,,13,0.2,0.7,0.0,0.1,19.2,,,,,,
GOLDEN PLAINS,2015,320,,,13,0.2,0.7,0.0,0.1,19.2,,,,,,
GOLDEN PLAINS,2016,350,866.0,,13,0.2,0.7,0.0,0.1,19.2,,,,,,
GOLDEN PLAINS,2016,345,866.0,,13,0.2,0.7,0.0,0.1,19.2,,,,,,
GOLDEN PLAINS,2016,348,866.0,,13,0.2,0.7,0.0,0.1,19.2,,,,,,
GOLDEN PLAINS,2016,335,866.0,,13,0.2,0.7,0.0,0.1,19.2,,,,,,
GOLDEN PLAINS,2017,350,688.0,,13,0.2,0.7,0.0,0.1,19.2,,,,,,
GOLDEN PLAINS,2017,350,688.0,,13,0.2,0.7,0.0,0.1,19.2,,,,,,
GOLDEN PLAINS,2017,350,688.0,,13,0.2,0.7,0.0,0.1,19.2,,,,,,
GOLDEN PLAINS,2017,360,688.0,,13,0.2,0.7,0.0,0.1,19.2,,,,,,
GOLDEN PLAINS,2018,345,688.0,,13,0.2,0.7,0.0,0.1,19.2,,,,,,
GOLDEN PLAINS,2018,370,688.0,,13,0.2,0.7,0.0,0.1,19.2,,,,,,
GOLDEN PLAINS,2018,380,688.0,,13,0.2,0.7,0.0,0.1,19.2,,,,,,
GOLDEN PLAINS,2018,395,688.0,,13,0.2,0.7,0.0,0.1,19.2,,,,,,
GOLDEN PLAINS,2019,380,648.0,,13,0.2,0.7,0.0,0.1,19.2,,,,,,
GOLDEN PLAINS,2019,400,648.0,,13,0.2,0.7,0.0,0.1,19.2,,,,,,
GOLDEN PLAINS,2019,400,648.0,,13,0.2,0.7,0.0,0.1,19.2,,,,,,
GOLDEN PLAINS,2019,380,648.0,,13,0.2,0.7,0.0,0.1,19.2,,,,,,
GOLDEN PLAINS,2020,403,590.0,,13,0.2,0.7,0.0,0.1,19.2,,,,,,
GOLDEN PLAINS,2020,400,590.0,,13,0.2,0.7,0.0,0.1,19.2,,,,,,
GOLDEN PLAINS,2020,395,590.0,,13,0.2,0.7,0.0,0.1,19.2,,,,,,
GOLDEN PLAINS,2020,395,590.0,,13,0.2,0.7,0.0,0.1,19.2,,,,,,
GOLDEN PLAINS,2021,430,609.0,,13,0.2,0.7,0.0,0.1,19.2,,,,,,
GOLDEN PLAINS,2021,450,609.0,,13,0.2,0.7,0.0,0.1,19.2,,,,,,
GOLDEN PLAINS,2021,405,609.0,,13,0.2,0.7,0.0,0.1,19.2,,,,,,
GOLDEN PLAINS,2021,420,609.0,,13,0.2,0.7,0.0,0.1,19.2,,,,,,
GOLDEN PLAINS,2022,450,599.0,,13,0.2,0.7,0.0,0.1,19.2,,,,,,
GOLDEN PLAINS,2022,450,599.0,,13,0.2,0.7,0.0,0.1,19.2,,,,,,
GOLDEN PLAINS,2022,480,599.0,,13,0.2,0.7,0.0,0.1,19.2,,,,,,
GOLDEN PLAINS,2022,450,599.0,,13,0.2,0.7,0.0,0.1,19.2,,,,,,
GOLDEN PLAINS,2023,450,731.0,,13,0.2,0.7,0.0,0.1,19.2,,,,,,
GOLDEN PLAINS,2023,460,731.0,,13,0.2,0.7,0.0,0.1,19.2,,,,,,
GOLDEN PLAINS,2023,463,731.0,,13,0.2,0.7,0.0,0.1,19.2,,,,,,
GOLDEN PLAINS,2023,460,731.0,,13,0.2,0.7,0.0,0.1,19.2,,,,,,
GOLDEN PLAINS,2024,450,775.0,,13,0.2,0.7,0.0,0.1,19.2,,,,,,
GOLDEN PLAINS,2024,460,775.0,,13,0.2,0.7,0.0,0.1,19.2,,,,,,
GOLDEN PLAINS,2024,460,775.0,,13,0.2,0.7,0.0,0.1,19.2,,,,,,
GOLDEN PLAINS,2024,450,775.0,,13,0.2,0.7,0.0,0.1,19.2,,,,,,
GOLDEN PLAINS,2025,500,803.0,,13,0.2,0.7,0.0,0.1,19.2,,,,,,
GOLDEN PLAINS,2025,450,803.0,,13,0.2,0.7,0.0,0.1,19.2,,,,,,
GOLDEN PLAINS,2025,460,803.0,,13,0.2,0.7,0.0,0.1,19.2,,,,,,
GREATER BENDIGO,1999,135,,4.0,52,0.4,0.9,0.3,0.3,30.0,,,,,,
GREATER BENDIGO,1999,135,,4.0,52,0.4,0.9,0.3,0.3,30.0,,,,,,
GREATER BENDIGO,1999,140,,4.0,52,0.4,0.9,0.3,0.3,30.0,,,,,,
GREATER BENDIGO,2000,135,,4.0,52,0.4,0.9,0.3,0.3,30.0,,,,,,
GREATER BENDIGO,2000,140,,4.0,52,0.4,0.9,0.3,0.3,30.0,,,,,,
GREATER BENDIGO,2000,140,,4.0,52,0.4,0.9,0.3,0.3,30.0,,,,,,
GREATER BENDIGO,2000,140,,4.0,52,0.4,0.9,0.3,0.3,30.0,,,,,,
GREATER BENDIGO,2001,140,,4.0,52,0.4,0.9,0.3,0.3,30.0,,,,,,
GREATER BENDIGO,2001,149,,4.0,52,0.4,0.9,0.3,0.3,30.0,,,,,,
GREATER BENDIGO,2001,150,,4.0,52,0.4,0.9,0.3,0.3,30.0,,,,,,
GREATER BENDIGO,2001,150,,4.0,52,0.4,0.9,0.3,0.3,30.0,,,,,,
GREATER BENDIGO,2002,150,,4.0,52,0.4,0.9,0.3,0.3,30.0,,,,,,
GREATER BENDIGO,2002,155,,4.0,52,0.4,0.9,0.3,0.3,30.0,,,,,,
GREATER BENDIGO,2002,155,,4.0,52,0.4,0.9,0.3,0.3,30.0,,,,,,
GREATER BENDIGO,2002,165,,4.0,52,0.4,0.9,0.3,0.3,30.0,,,,,,
GREATER BENDIGO,2003,165,,4.0,52,0.4,0.9,0.3,0.3,30.0,,,,,,
GREATER BENDIGO,2003,170,,4.0,52,0.4,0.9,0.3,0.3,30.0,,,,,,
GREATER BENDIGO,2003,170,,4.0,52,0.4,0.9,0.3,0.3,30.0,,,,,,
GREATER BENDIGO,2003,175,,4.0,52,0.4,0.9,0.3,0.3,30.0,,,,,,
GREATER BENDIGO,2004,175,,4.0,52,0.4,0.9,0.3,0.3,30.0,,,,,,
GREATER BENDIGO,2004,180,,4.0,52,0.4,0.9,0.3,0.3,30.0,,,,,,
GREATER BENDIGO,2004,180,,4.0,52,0.4,0.9,0.3,0.3,30.0,,,,,,
GREATER BENDIGO,2004,180,,4.0,52,0.4,0.9,0.3,0.3,30.0,,,,,,
GREATER BENDIGO,2005,185,,4.0,52,0.4,0.9,0.3,0.3,30.0,,,,,,
GREATER BENDIGO,2005,180,,4.0,52,0.4,0.9,0.3,0.3,30.0,,,,,,
GREATER BENDIGO,2005,185,,4.0,52,0.4,0.9,0.3,0.3,30.0,,,,,,
GREATER BENDIGO,2005,190,,4.0,52,0.4,0.9,0.3,0.3,30.0,,,,,,
GREATER BENDIGO,2006,190,,4.0,52,0.4,0.9,0.3,0.3,30.0,,,,,,
GREATER BENDIGO,2006,190,,4.0,52,0.4,0.9,0.3,0.3,30.0,,,,,,
GREATER BENDIGO,2006,200,,4.0,52,0.4,0.9,0.3,0.3,30.0,,,,,,
GREATER BENDIGO,2006,200,,4.0,52,0.4,0.9,0.3,0.3,30.0,,,,,,
GREATER BENDIGO,2007,200,,4.0,52,0.4,0.9,0.3,0.3,30.0,,,,,,
GREATER BENDIGO,2007,200,,4.0,52,0.4,0.9,0.3,0.3,30.0,,,,,,
GREATER BENDIGO,2007,210,,4.0,52,0.4,0.9,0.3,0.3,30.0,,,,,,
GREATER BENDIGO,2007,200,,4.0,52,0.4,0.9,0.3,0.3,30.0,,,,,,
GREATER BENDIGO,2008,210,,4.0,52,0.4,0.9,0.3,0.3,30.0,,,,,,
GREATER BENDIGO,2008,215,,4.0,52,0.4,0.9,0.3,0.3,30.0,,,,,,
GREATER BENDIGO,2008,210,,4.0,52,0.4,0.9,0.3,0.3,30.0,,,,,,
GREATER BENDIGO,2008,220,,4.0,52,0.4,0.9,0.3,0.3,30.0,,,,,,
GREATER BENDIGO,2009,220,,4.0,52,0.4,0.9,0.3,0.3,30.0,,,,,,
GREATER BENDIGO,2009,220,,4.0,52,0.4,0.9,0.3,0.3,30.0,,,,,,
GREATER BENDIGO,2009,230,,4.0,52,0.4,0.9,0.3,0.3,30.0,,,,,,
GREATER BENDIGO,2009,230,,4.0,52,0.4,0.9,0.3,0.3,30.0,,,,,,
GREATER BENDIGO,2010,240,,4.0,52,0.4,0.9,0.3,0.3,30.0,,,,,,
GREATER BENDIGO,2010,240,,4.0,52,0.4,0.9,0.3,0.3,30.0,,,,,,
GREATER BENDIGO,2010,250,,4.0,52,0.4,0.9,0.3,0.3,30.0,,,,,,
GREATER BENDIGO,2010,250,,4.0,52,0.4,0.9,0.3,0.3,30.0,,,,,,
GREATER BENDIGO,2011,250,,4.0,52,0.4,0.9,0.3,0.3,30.0,,,,,,
GREATER BENDIGO,2011,260,,4.0,52,0.4,0.9,0.3,0.3,30.0,,,,,,
GREATER BENDIGO,2011,268,,4.0,52,0.4,0.9,0.3,0.3,30.0,,,,,,
GREATER BENDIGO,2011,270,,4.0,52,0.4,0.9,0.3,0.3,30.0,,,,,,
GREATER BENDIGO,2012,270,,4.0,52,0.4,0.9,0.3,0.3,30.0,,,,,,
GREATER BENDIGO,2012,280,,4.0,52,0.4,0.9,0.3,0.3,30.0,,,,,,
GREATER BENDIGO,2012,280,,4.0,52,0.4,0.9,0.3,0.3,30.0,,,,,,
GREATER BENDIGO,2012,280,,4.0,52,0.4,0.9,0.3,0.3,30.0,,,,,,
GREATER BENDIGO,2013,280,,4.0,52,0.4,0.9,0.3,0.3,30.0,,,,,,
GREATER BENDIGO,2013,275,,4.0,52,0.4,0.9,0.3,0.3,30.0,,,,,,
GREATER BENDIGO,2013,280,,4.0,52,0.4,0.9,0.3,0.3,30.0,,,,,,
GREATER BENDIGO,2013,280,,4.0,52,0.4,0.9,0.3,0.3,30.0,,,,,,
GREATER BENDIGO,2014,280,,4.0,52,0.4,0.9,0.3,0.3,30.0,,,,,,
GREATER BENDIGO,2014,280,,4.0,52,0.4,0.9,0.3,0.3,30.0,,,,,,
GREATER BENDIGO,2014,280,,4.0,52,0.4,0.9,0.3,0.3,30.0,,,,,,
GREATER BENDIGO,2014,280,,4.0,52,0.4,0.9,0.3,0.3,30.0,,,,,,
GREATER BENDIGO,2015,287,,4.0,52,0.4,0.9,0.3,0.3,30.0,,,,,,
GREATER BENDIGO,2015,280,,4.0,52,0.4,0.9,0.3,0.3,30.0,,,,,,
GREATER BENDIGO,2015,270,,4.0,52,0.4,0.9,0.3,0.3,30.0,,,,,,
GREATER BENDIGO,2015,280,,4.0,52,0.4,0.9,0.3,0.3,30.0,,,,,,
GREATER BENDIGO,2016,280,10851.0,4.0,52,0.4,0.9,0.3,0.3,30.0,,,,,,
GREATER BENDIGO,2016,280,10851.0,4.0,52,0.4,0.9,0.3,0.3,30.0,,,,,,
GREATER BENDIGO,2016,280,10851.0,4.0,52,0.4,0.9,0.3,0.3,30.0,,,,,,
GREATER BENDIGO,2016,288,10851.0,4.0,52,0.4,0.9,0.3,0.3,30.0,,,,,,
GREATER BENDIGO,2017,285,9703.0,4.0,52,0.4,0.9,0.3,0.3,30.0,,,,,,
GREATER BENDIGO,2017,285,9703.0,4.0,52,0.4,0.9,0.3,0.3,30.0,,,,,,
GREATER BENDIGO,2017,290,9703.0,4.0,52,0.4,0.9,0.3,0.3,30.0,,,,,,
GREATER BENDIGO,2017,290,9703.0,4.0,52,0.4,0.9,0.3,0.3,30.0,,,,,,
GREATER BENDIGO,2018,300,10549.0,4.0,52,0.4,0.9,0.3,0.3,30.0,,,,,,
GREATER BENDIGO,2018,300,10549.0,4.0,52,0.4,0.9,0.3,0.3,30.0,,,,,,
GREATER BENDIGO,2018,300,10549.0,4.0,52,0.4,0.9,0.3,0.3,30.0,,,,,,
GREATER BENDIGO,2018,300,10549.0,4.0,52,0.4,0.9,0.3,0.3,30.0,,,,,,
GREATER BENDIGO,2019,310,11450.0,4.0,52,0.4,0.9,0.3,0.3,30.0,,,,,,
GREATER BENDIGO,2019,300,11450.0,4.0,52,0.4,0.9,0.3,0.3,30.0,,,,,,
GREATER BENDIGO,2019,320,11450.0,4.0,52,0.4,0.9,0.3,0.3,30.0,,,,,,
GREATER BENDIGO,2019,320,11450.0,4.0,52,0.4,0.9,0.3,0.3,30.0,,,,,,
GREATER BENDIGO,2020,330,11063.0,4.0,52,0.4,0.9,0.3,0.3,30.0,,,,,,
GREATER BENDIGO,2020,325,11063.0,4.0,52,0.4,0.9,0.3,0.3,30.0,,,,,,
GREATER BENDIGO,2020,330,11063.0,4.0,52,0.4,0.9,0.3,0.3,30.0,,,,,,
GREATER BENDIGO,2020,350,11063.0,4.0,52,0.4,0.9,0.3,0.3,30.0,,,,,,
GREATER BENDIGO,2021,350,10465.0,4.0,52,0.4,0.9,0.3,0.3,30.0,,,,,,
GREATER BENDIGO,2021,370,10465.0,4.0,52,0.4,0.9,0.3,0.3,30.0,,,,,,
GREATER BENDIGO,2021,375,10465.0,4.0,52,0.4,0.9,0.3,0.3,30.0,,,,,,
GREATER BENDIGO,2021,380,10465.0,4.0,52,0.4,0.9,0.3,0.3,30.0,,,,,,
GREATER BENDIGO,2022,390,10458.0,4.0,52,0.4,0.9,0.3,0.3,30.0,,,,,,
GREATER BENDIGO,2022,390,10458.0,4.0,52,0.4,0.9,0.3,0.3,30.0,,,,,,
GREATER BENDIGO,2022,400,10458.0,4.0,52,0.4,0.9,0.3,0.3,30.0,,,,,,
GREATER BENDIGO,2022,410,10458.0,4.0,52,0.4,0.9,0.3,0.3,30.0,,,,,,
GREATER BENDIGO,2023,420,11280.0,4.0,52,0.4,0.9,0.3,0.3,30.0,,,,,,
GREATER BENDIGO,2023,420,11280.0,4.0,52,0.4,0.9,0.3,0.3,30.0,,,,,,
GREATER BENDIGO,2023,430,11280.0,4.0,52,0.4,0.9,0.3,0.3,30.0,,,,,,
GREATER BENDIGO,2023,440,11280.0,4.0,52,0.4,0.9,0.3,0.3,30.0,,,,,,
GREATER BENDIGO,2024,450,12972.0,4.0,52,0.4,0.9,0.3,0.3,30.0,,,,,,
GREATER BENDIGO,2024,450,12972.0,4.0,52,0.4,0.9,0.3,0.3,30.0,,,,,,
GREATER BENDIGO,2024,460,12972.0,4.0,52,0.4,0.9,0.3,0.3,30.0,,,,,,
GREATER BENDIGO,2024,475,12972.0,4.0,52,0.4,0.9,0.3,0.3,30.0,,,,,,
GREATER BENDIGO,2025,470,12282.0,4.0,52,0.4,0.9,0.3,0.3,30.0,,,,,,
GREATER BENDIGO,2025,480,12282.0,4.0,52,0.4,0.9,0.3,0.3,30.0,,,,,,
GREATER BENDIGO,2025,493,12282.0,4.0,52,0.4,0.9,0.3,0.3,30.0,,,,,,
GREATER DANDENONG,1999,140,,6.0,42,0.5,0.7,0.4,0.3,32.2,225 Lonsdale St, Dandenong VIC 3175,-37.9865,145.215,29.25,35.2
GREATER DANDENONG,1999,135,,6.0,42,0.5,0.7,0.4,0.3,32.2,225 Lonsdale St, Dandenong VIC 3175,-37.9865,145.215,29.25,35.2
GREATER DANDENONG,1999,140,,6.0,42,0.5,0.7,0.4,0.3,32.2,225 Lonsdale St, Dandenong VIC 3175,-37.9865,145.215,29.25,35.2
GREATER DANDENONG,2000,140,,6.0,42,0.5,0.7,0.4,0.3,32.2,225 Lonsdale St, Dandenong VIC 3175,-37.9865,145.215,29.25,35.2
GREATER DANDENONG,2000,140,,6.0,42,0.5,0.7,0.4,0.3,32.2,225 Lonsdale St, Dandenong VIC 3175,-37.9865,145.215,29.25,35.2
GREATER DANDENONG,2000,140,,6.0,42,0.5,0.7,0.4,0.3,32.2,225 Lonsdale St, Dandenong VIC 3175,-37.9865,145.215,29.25,35.2
GREATER DANDENONG,2000,145,,6.0,42,0.5,0.7,0.4,0.3,32.2,225 Lonsdale St, Dandenong VIC 3175,-37.9865,145.215,29.25,35.2
GREATER DANDENONG,2001,145,,6.0,42,0.5,0.7,0.4,0.3,32.2,225 Lonsdale St, Dandenong VIC 3175,-37.9865,145.215,29.25,35.2
GREATER DANDENONG,2001,145,,6.0,42,0.5,0.7,0.4,0.3,32.2,225 Lonsdale St, Dandenong VIC 3175,-37.9865,145.215,29.25,35.2
GREATER DANDENONG,2001,145,,6.0,42,0.5,0.7,0.4,0.3,32.2,225 Lonsdale St, Dandenong VIC 3175,-37.9865,145.215,29.25,35.2
GREATER DANDENONG,2001,150,,6.0,42,0.5,0.7,0.4,0.3,32.2,225 Lonsdale St, Dandenong VIC 3175,-37.9865,145.215,29.25,35.2
GREATER DANDENONG,2002,150,,6.0,42,0.5,0.7,0.4,0.3,32.2,225 Lonsdale St, Dandenong VIC 3175,-37.9865,145.215,29.25,35.2
GREATER DANDENONG,2002,150,,6.0,42,0.5,0.7,0.4,0.3,32.2,225 Lonsdale St, Dandenong VIC 3175,-37.9865,145.215,29.25,35.2
GREATER DANDENONG,2002,150,,6.0,42,0.5,0.7,0.4,0.3,32.2,225 Lonsdale St, Dandenong VIC 3175,-37.9865,145.215,29.25,35.2
GREATER DANDENONG,2002,155,,6.0,42,0.5,0.7,0.4,0.3,32.2,225 Lonsdale St, Dandenong VIC 3175,-37.9865,145.215,29.25,35.2
GREATER DANDENONG,2003,150,,6.0,42,0.5,0.7,0.4,0.3,32.2,225 Lonsdale St, Dandenong VIC 3175,-37.9865,145.215,29.25,35.2
GREATER DANDENONG,2003,160,,6.0,42,0.5,0.7,0.4,0.3,32.2,225 Lonsdale St, Dandenong VIC 3175,-37.9865,145.215,29.25,35.2
GREATER DANDENONG,2003,160,,6.0,42,0.5,0.7,0.4,0.3,32.2,225 Lonsdale St, Dandenong VIC 3175,-37.9865,145.215,29.25,35.2
GREATER DANDENONG,2003,160,,6.0,42,0.5,0.7,0.4,0.3,32.2,225 Lonsdale St, Dandenong VIC 3175,-37.9865,145.215,29.25,35.2
GREATER DANDENONG,2004,160,,6.0,42,0.5,0.7,0.4,0.3,32.2,225 Lonsdale St, Dandenong VIC 3175,-37.9865,145.215,29.25,35.2
GREATER DANDENONG,2004,165,,6.0,42,0.5,0.7,0.4,0.3,32.2,225 Lonsdale St, Dandenong VIC 3175,-37.9865,145.215,29.25,35.2
GREATER DANDENONG,2004,165,,6.0,42,0.5,0.7,0.4,0.3,32.2,225 Lonsdale St, Dandenong VIC 3175,-37.9865,145.215,29.25,35.2
GREATER DANDENONG,2004,165,,6.0,42,0.5,0.7,0.4,0.3,32.2,225 Lonsdale St, Dandenong VIC 3175,-37.9865,145.215,29.25,35.2
GREATER DANDENONG,2005,170,,6.0,42,0.5,0.7,0.4,0.3,32.2,225 Lonsdale St, Dandenong VIC 3175,-37.9865,145.215,29.25,35.2
GREATER DANDENONG,2005,170,,6.0,42,0.5,0.7,0.4,0.3,32.2,225 Lonsdale St, Dandenong VIC 3175,-37.9865,145.215,29.25,35.2
GREATER DANDENONG,2005,170,,6.0,42,0.5,0.7,0.4,0.3,32.2,225 Lonsdale St, Dandenong VIC 3175,-37.9865,145.215,29.25,35.2
GREATER DANDENONG,2005,175,,6.0,42,0.5,0.7,0.4,0.3,32.2,225 Lonsdale St, Dandenong VIC 3175,-37.9865,145.215,29.25,35.2
GREATER DANDENONG,2006,175,,6.0,42,0.5,0.7,0.4,0.3,32.2,225 Lonsdale St, Dandenong VIC 3175,-37.9865,145.215,29.25,35.2
GREATER DANDENONG,2006,181,,6.0,42,0.5,0.7,0.4,0.3,32.2,225 Lonsdale St, Dandenong VIC 3175,-37.9865,145.215,29.25,35.2
GREATER DANDENONG,2006,185,,6.0,42,0.5,0.7,0.4,0.3,32.2,225 Lonsdale St, Dandenong VIC 3175,-37.9865,145.215,29.25,35.2
GREATER DANDENONG,2006,190,,6.0,42,0.5,0.7,0.4,0.3,32.2,225 Lonsdale St, Dandenong VIC 3175,-37.9865,145.215,29.25,35.2
GREATER DANDENONG,2007,190,,6.0,42,0.5,0.7,0.4,0.3,32.2,225 Lonsdale St, Dandenong VIC 3175,-37.9865,145.215,29.25,35.2
GREATER DANDENONG,2007,200,,6.0,42,0.5,0.7,0.4,0.3,32.2,225 Lonsdale St, Dandenong VIC 3175,-37.9865,145.215,29.25,35.2
GREATER DANDENONG,2007,215,,6.0,42,0.5,0.7,0.4,0.3,32.2,225 Lonsdale St, Dandenong VIC 3175,-37.9865,145.215,29.25,35.2
GREATER DANDENONG,2007,225,,6.0,42,0.5,0.7,0.4,0.3,32.2,225 Lonsdale St, Dandenong VIC 3175,-37.9865,145.215,29.25,35.2
GREATER DANDENONG,2008,230,,6.0,42,0.5,0.7,0.4,0.3,32.2,225 Lonsdale St, Dandenong VIC 3175,-37.9865,145.215,29.25,35.2
GREATER DANDENONG,2008,250,,6.0,42,0.5,0.7,0.4,0.3,32.2,225 Lonsdale St, Dandenong VIC 3175,-37.9865,145.215,29.25,35.2
GREATER DANDENONG,2008,250,,6.0,42,0.5,0.7,0.4,0.3,32.2,225 Lonsdale St, Dandenong VIC 3175,-37.9865,145.215,29.25,35.2
GREATER DANDENONG,2008,250,,6.0,42,0.5,0.7,0.4,0.3,32.2,225 Lonsdale St, Dandenong VIC 3175,-37.9865,145.215,29.25,35.2
GREATER DANDENONG,2009,265,,6.0,42,0.5,0.7,0.4,0.3,32.2,225 Lonsdale St, Dandenong VIC 3175,-37.9865,145.215,29.25,35.2
GREATER DANDENONG,2009,270,,6.0,42,0.5,0.7,0.4,0.3,32.2,225 Lonsdale St, Dandenong VIC 3175,-37.9865,145.215,29.25,35.2
GREATER DANDENONG,2009,265,,6.0,42,0.5,0.7,0.4,0.3,32.2,225 Lonsdale St, Dandenong VIC 3175,-37.9865,145.215,29.25,35.2
GREATER DANDENONG,2009,277,,6.0,42,0.5,0.7,0.4,0.3,32.2,225 Lonsdale St, Dandenong VIC 3175,-37.9865,145.215,29.25,35.2
GREATER DANDENONG,2010,280,,6.0,42,0.5,0.7,0.4,0.3,32.2,225 Lonsdale St, Dandenong VIC 3175,-37.9865,145.215,29.25,35.2
GREATER DANDENONG,2010,295,,6.0,42,0.5,0.7,0.4,0.3,32.2,225 Lonsdale St, Dandenong VIC 3175,-37.9865,145.215,29.25,35.2
GREATER DANDENONG,2010,290,,6.0,42,0.5,0.7,0.4,0.3,32.2,225 Lonsdale St, Dandenong VIC 3175,-37.9865,145.215,29.25,35.2
GREATER DANDENONG,2010,290,,6.0,42,0.5,0.7,0.4,0.3,32.2,225 Lonsdale St, Dandenong VIC 3175,-37.9865,145.215,29.25,35.2
GREATER DANDENONG,2011,290,,6.0,42,0.5,0.7,0.4,0.3,32.2,225 Lonsdale St, Dandenong VIC 3175,-37.9865,145.215,29.25,35.2
GREATER DANDENONG,2011,295,,6.0,42,0.5,0.7,0.4,0.3,32.2,225 Lonsdale St, Dandenong VIC 3175,-37.9865,145.215,29.25,35.2
GREATER DANDENONG,2011,300,,6.0,42,0.5,0.7,0.4,0.3,32.2,225 Lonsdale St, Dandenong VIC 3175,-37.9865,145.215,29.25,35.2
GREATER DANDENONG,2011,300,,6.0,42,0.5,0.7,0.4,0.3,32.2,225 Lonsdale St, Dandenong VIC 3175,-37.9865,145.215,29.25,35.2
GREATER DANDENONG,2012,295,,6.0,42,0.5,0.7,0.4,0.3,32.2,225 Lonsdale St, Dandenong VIC 3175,-37.9865,145.215,29.25,35.2
GREATER DANDENONG,2012,300,,6.0,42,0.5,0.7,0.4,0.3,32.2,225 Lonsdale St, Dandenong VIC 3175,-37.9865,145.215,29.25,35.2
GREATER DANDENONG,2012,290,,6.0,42,0.5,0.7,0.4,0.3,32.2,225 Lonsdale St, Dandenong VIC 3175,-37.9865,145.215,29.25,35.2
GREATER DANDENONG,2012,300,,6.0,42,0.5,0.7,0.4,0.3,32.2,225 Lonsdale St, Dandenong VIC 3175,-37.9865,145.215,29.25,35.2
GREATER DANDENONG,2013,300,,6.0,42,0.5,0.7,0.4,0.3,32.2,225 Lonsdale St, Dandenong VIC 3175,-37.9865,145.215,29.25,35.2
GREATER DANDENONG,2013,300,,6.0,42,0.5,0.7,0.4,0.3,32.2,225 Lonsdale St, Dandenong VIC 3175,-37.9865,145.215,29.25,35.2
GREATER DANDENONG,2013,300,,6.0,42,0.5,0.7,0.4,0.3,32.2,225 Lonsdale St, Dandenong VIC 3175,-37.9865,145.215,29.25,35.2
GREATER DANDENONG,2013,305,,6.0,42,0.5,0.7,0.4,0.3,32.2,225 Lonsdale St, Dandenong VIC 3175,-37.9865,145.215,29.25,35.2
GREATER DANDENONG,2014,310,,6.0,42,0.5,0.7,0.4,0.3,32.2,225 Lonsdale St, Dandenong VIC 3175,-37.9865,145.215,29.25,35.2
GREATER DANDENONG,2014,315,,6.0,42,0.5,0.7,0.4,0.3,32.2,225 Lonsdale St, Dandenong VIC 3175,-37.9865,145.215,29.25,35.2
GREATER DANDENONG,2014,310,,6.0,42,0.5,0.7,0.4,0.3,32.2,225 Lonsdale St, Dandenong VIC 3175,-37.9865,145.215,29.25,35.2
GREATER DANDENONG,2014,320,,6.0,42,0.5,0.7,0.4,0.3,32.2,225 Lonsdale St, Dandenong VIC 3175,-37.9865,145.215,29.25,35.2
GREATER DANDENONG,2015,320,,6.0,42,0.5,0.7,0.4,0.3,32.2,225 Lonsdale St, Dandenong VIC 3175,-37.9865,145.215,29.25,35.2
GREATER DANDENONG,2015,310,,6.0,42,0.5,0.7,0.4,0.3,32.2,225 Lonsdale St, Dandenong VIC 3175,-37.9865,145.215,29.25,35.2
GREATER DANDENONG,2015,325,,6.0,42,0.5,0.7,0.4,0.3,32.2,225 Lonsdale St, Dandenong VIC 3175,-37.9865,145.215,29.25,35.2
GREATER DANDENONG,2015,330,,6.0,42,0.5,0.7,0.4,0.3,32.2,225 Lonsdale St, Dandenong VIC 3175,-37.9865,145.215,29.25,35.2
GREATER DANDENONG,2016,325,20609.0,6.0,42,0.5,0.7,0.4,0.3,32.2,225 Lonsdale St, Dandenong VIC 3175,-37.9865,145.215,29.25,35.2
GREATER DANDENONG,2016,325,20609.0,6.0,42,0.5,0.7,0.4,0.3,32.2,225 Lonsdale St, Dandenong VIC 3175,-37.9865,145.215,29.25,35.2
GREATER DANDENONG,2016,335,20609.0,6.0,42,0.5,0.7,0.4,0.3,32.2,225 Lonsdale St, Dandenong VIC 3175,-37.9865,145.215,29.25,35.2
GREATER DANDENONG,2016,335,20609.0,6.0,42,0.5,0.7,0.4,0.3,32.2,225 Lonsdale St, Dandenong VIC 3175,-37.9865,145.215,29.25,35.2
GREATER DANDENONG,2017,340,18064.0,6.0,42,0.5,0.7,0.4,0.3,32.2,225 Lonsdale St, Dandenong VIC 3175,-37.9865,145.215,29.25,35.2
GREATER DANDENONG,2017,340,18064.0,6.0,42,0.5,0.7,0.4,0.3,32.2,225 Lonsdale St, Dandenong VIC 3175,-37.9865,145.215,29.25,35.2
GREATER DANDENONG,2017,350,18064.0,6.0,42,0.5,0.7,0.4,0.3,32.2,225 Lonsdale St, Dandenong VIC 3175,-37.9865,145.215,29.25,35.2
GREATER DANDENONG,2017,350,18064.0,6.0,42,0.5,0.7,0.4,0.3,32.2,225 Lonsdale St, Dandenong VIC 3175,-37.9865,145.215,29.25,35.2
GREATER DANDENONG,2018,350,18267.0,6.0,42,0.5,0.7,0.4,0.3,32.2,225 Lonsdale St, Dandenong VIC 3175,-37.9865,145.215,29.25,35.2
GREATER DANDENONG,2018,350,18267.0,6.0,42,0.5,0.7,0.4,0.3,32.2,225 Lonsdale St, Dandenong VIC 3175,-37.9865,145.215,29.25,35.2
GREATER DANDENONG,2018,360,18267.0,6.0,42,0.5,0.7,0.4,0.3,32.2,225 Lonsdale St, Dandenong VIC 3175,-37.9865,145.215,29.25,35.2
GREATER DANDENONG,2018,360,18267.0,6.0,42,0.5,0.7,0.4,0.3,32.2,225 Lonsdale St, Dandenong VIC 3175,-37.9865,145.215,29.25,35.2
GREATER DANDENONG,2019,360,18891.0,6.0,42,0.5,0.7,0.4,0.3,32.2,225 Lonsdale St, Dandenong VIC 3175,-37.9865,145.215,29.25,35.2
GREATER DANDENONG,2019,360,18891.0,6.0,42,0.5,0.7,0.4,0.3,32.2,225 Lonsdale St, Dandenong VIC 3175,-37.9865,145.215,29.25,35.2
GREATER DANDENONG,2019,360,18891.0,6.0,42,0.5,0.7,0.4,0.3,32.2,225 Lonsdale St, Dandenong VIC 3175,-37.9865,145.215,29.25,35.2
GREATER DANDENONG,2019,355,18891.0,6.0,42,0.5,0.7,0.4,0.3,32.2,225 Lonsdale St, Dandenong VIC 3175,-37.9865,145.215,29.25,35.2
GREATER DANDENONG,2020,363,19340.0,6.0,42,0.5,0.7,0.4,0.3,32.2,225 Lonsdale St, Dandenong VIC 3175,-37.9865,145.215,29.25,35.2
GREATER DANDENONG,2020,360,19340.0,6.0,42,0.5,0.7,0.4,0.3,32.2,225 Lonsdale St, Dandenong VIC 3175,-37.9865,145.215,29.25,35.2
GREATER DANDENONG,2020,360,19340.0,6.0,42,0.5,0.7,0.4,0.3,32.2,225 Lonsdale St, Dandenong VIC 3175,-37.9865,145.215,29.25,35.2
GREATER DANDENONG,2020,356,19340.0,6.0,42,0.5,0.7,0.4,0.3,32.2,225 Lonsdale St, Dandenong VIC 3175,-37.9865,145.215,29.25,35.2
GREATER DANDENONG,2021,365,16542.0,6.0,42,0.5,0.7,0.4,0.3,32.2,225 Lonsdale St, Dandenong VIC 3175,-37.9865,145.215,29.25,35.2
GREATER DANDENONG,2021,350,16542.0,6.0,42,0.5,0.7,0.4,0.3,32.2,225 Lonsdale St, Dandenong VIC 3175,-37.9865,145.215,29.25,35.2
GREATER DANDENONG,2021,365,16542.0,6.0,42,0.5,0.7,0.4,0.3,32.2,225 Lonsdale St, Dandenong VIC 3175,-37.9865,145.215,29.25,35.2
GREATER DANDENONG,2021,360,16542.0,6.0,42,0.5,0.7,0.4,0.3,32.2,225 Lonsdale St, Dandenong VIC 3175,-37.9865,145.215,29.25,35.2
GREATER DANDENONG,2022,375,17039.0,6.0,42,0.5,0.7,0.4,0.3,32.2,225 Lonsdale St, Dandenong VIC 3175,-37.9865,145.215,29.25,35.2
GREATER DANDENONG,2022,380,17039.0,6.0,42,0.5,0.7,0.4,0.3,32.2,225 Lonsdale St, Dandenong VIC 3175,-37.9865,145.215,29.25,35.2
GREATER DANDENONG,2022,380,17039.0,6.0,42,0.5,0.7,0.4,0.3,32.2,225 Lonsdale St, Dandenong VIC 3175,-37.9865,145.215,29.25,35.2
GREATER DANDENONG,2022,395,17039.0,6.0,42,0.5,0.7,0.4,0.3,32.2,225 Lonsdale St, Dandenong VIC 3175,-37.9865,145.215,29.25,35.2
GREATER DANDENONG,2023,400,18788.0,6.0,42,0.5,0.7,0.4,0.3,32.2,225 Lonsdale St, Dandenong VIC 3175,-37.9865,145.215,29.25,35.2
GREATER DANDENONG,2023,425,18788.0,6.0,42,0.5,0.7,0.4,0.3,32.2,225 Lonsdale St, Dandenong VIC 3175,-37.9865,145.215,29.25,35.2
GREATER DANDENONG,2023,450,18788.0,6.0,42,0.5,0.7,0.4,0.3,32.2,225 Lonsdale St, Dandenong VIC 3175,-37.9865,145.215,29.25,35.2
GREATER DANDENONG,2023,470,18788.0,6.0,42,0.5,0.7,0.4,0.3,32.2,225 Lonsdale St, Dandenong VIC 3175,-37.9865,145.215,29.25,35.2
GREATER DANDENONG,2024,500,20930.0,6.0,42,0.5,0.7,0.4,0.3,32.2,225 Lonsdale St, Dandenong VIC 3175,-37.9865,145.215,29.25,35.2
GREATER DANDENONG,2024,520,20930.0,6.0,42,0.5,0.7,0.4,0.3,32.2,225 Lonsdale St, Dandenong VIC 3175,-37.9865,145.215,29.25,35.2
GREATER DANDENONG,2024,520,20930.0,6.0,42,0.5,0.7,0.4,0.3,32.2,225 Lonsdale St, Dandenong VIC 3175,-37.9865,145.215,29.25,35.2
GREATER DANDENONG,2024,500,20930.0,6.0,42,0.5,0.7,0.4,0.3,32.2,225 Lonsdale St, Dandenong VIC 3175,-37.9865,145.215,29.25,35.2
GREATER DANDENONG,2025,520,22184.0,6.0,42,0.5,0.7,0.4,0.3,32.2,225 Lonsdale St, Dandenong VIC 3175,-37.9865,145.215,29.25,35.2
GREATER DANDENONG,2025,520,22184.0,6.0,42,0.5,0.7,0.4,0.3,32.2,225 Lonsdale St, Dandenong VIC 3175,-37.9865,145.215,29.25,35.2
GREATER DANDENONG,2025,530,22184.0,6.0,42,0.5,0.7,0.4,0.3,32.2,225 Lonsdale St, Dandenong VIC 3175,-37.9865,145.215,29.25,35.2
GREATER GEELONG,1999,135,,8.0,85,0.3,1.1,0.3,0.3,27.9,,,,,,
GREATER GEELONG,1999,135,,8.0,85,0.3,1.1,0.3,0.3,27.9,,,,,,
GREATER GEELONG,1999,140,,8.0,85,0.3,1.1,0.3,0.3,27.9,,,,,,
GREATER GEELONG,2000,140,,8.0,85,0.3,1.1,0.3,0.3,27.9,,,,,,
GREATER GEELONG,2000,140,,8.0,85,0.3,1.1,0.3,0.3,27.9,,,,,,
GREATER GEELONG,2000,145,,8.0,85,0.3,1.1,0.3,0.3,27.9,,,,,,
GREATER GEELONG,2000,145,,8.0,85,0.3,1.1,0.3,0.3,27.9,,,,,,
GREATER GEELONG,2001,147,,8.0,85,0.3,1.1,0.3,0.3,27.9,,,,,,
GREATER GEELONG,2001,150,,8.0,85,0.3,1.1,0.3,0.3,27.9,,,,,,
GREATER GEELONG,2001,150,,8.0,85,0.3,1.1,0.3,0.3,27.9,,,,,,
GREATER GEELONG,2001,155,,8.0,85,0.3,1.1,0.3,0.3,27.9,,,,,,
GREATER GEELONG,2002,160,,8.0,85,0.3,1.1,0.3,0.3,27.9,,,,,,
GREATER GEELONG,2002,160,,8.0,85,0.3,1.1,0.3,0.3,27.9,,,,,,
GREATER GEELONG,2002,160,,8.0,85,0.3,1.1,0.3,0.3,27.9,,,,,,
GREATER GEELONG,2002,165,,8.0,85,0.3,1.1,0.3,0.3,27.9,,,,,,
GREATER GEELONG,2003,170,,8.0,85,0.3,1.1,0.3,0.3,27.9,,,,,,
GREATER GEELONG,2003,165,,8.0,85,0.3,1.1,0.3,0.3,27.9,,,,,,
GREATER GEELONG,2003,170,,8.0,85,0.3,1.1,0.3,0.3,27.9,,,,,,
GREATER GEELONG,2003,180,,8.0,85,0.3,1.1,0.3,0.3,27.9,,,,,,
GREATER GEELONG,2004,175,,8.0,85,0.3,1.1,0.3,0.3,27.9,,,,,,
GREATER GEELONG,2004,175,,8.0,85,0.3,1.1,0.3,0.3,27.9,,,,,,
GREATER GEELONG,2004,175,,8.0,85,0.3,1.1,0.3,0.3,27.9,,,,,,
GREATER GEELONG,2004,180,,8.0,85,0.3,1.1,0.3,0.3,27.9,,,,,,
GREATER GEELONG,2005,185,,8.0,85,0.3,1.1,0.3,0.3,27.9,,,,,,
GREATER GEELONG,2005,180,,8.0,85,0.3,1.1,0.3,0.3,27.9,,,,,,
GREATER GEELONG,2005,185,,8.0,85,0.3,1.1,0.3,0.3,27.9,,,,,,
GREATER GEELONG,2005,190,,8.0,85,0.3,1.1,0.3,0.3,27.9,,,,,,
GREATER GEELONG,2006,190,,8.0,85,0.3,1.1,0.3,0.3,27.9,,,,,,
GREATER GEELONG,2006,195,,8.0,85,0.3,1.1,0.3,0.3,27.9,,,,,,
GREATER GEELONG,2006,200,,8.0,85,0.3,1.1,0.3,0.3,27.9,,,,,,
GREATER GEELONG,2006,200,,8.0,85,0.3,1.1,0.3,0.3,27.9,,,,,,
GREATER GEELONG,2007,210,,8.0,85,0.3,1.1,0.3,0.3,27.9,,,,,,
GREATER GEELONG,2007,210,,8.0,85,0.3,1.1,0.3,0.3,27.9,,,,,,
GREATER GEELONG,2007,220,,8.0,85,0.3,1.1,0.3,0.3,27.9,,,,,,
GREATER GEELONG,2007,220,,8.0,85,0.3,1.1,0.3,0.3,27.9,,,,,,
GREATER GEELONG,2008,230,,8.0,85,0.3,1.1,0.3,0.3,27.9,,,,,,
GREATER GEELONG,2008,240,,8.0,85,0.3,1.1,0.3,0.3,27.9,,,,,,
GREATER GEELONG,2008,240,,8.0,85,0.3,1.1,0.3,0.3,27.9,,,,,,
GREATER GEELONG,2008,250,,8.0,85,0.3,1.1,0.3,0.3,27.9,,,,,,
GREATER GEELONG,2009,250,,8.0,85,0.3,1.1,0.3,0.3,27.9,,,,,,
GREATER GEELONG,2009,250,,8.0,85,0.3,1.1,0.3,0.3,27.9,,,,,,
GREATER GEELONG,2009,255,,8.0,85,0.3,1.1,0.3,0.3,27.9,,,,,,
GREATER GEELONG,2009,260,,8.0,85,0.3,1.1,0.3,0.3,27.9,,,,,,
GREATER GEELONG,2010,265,,8.0,85,0.3,1.1,0.3,0.3,27.9,,,,,,
GREATER GEELONG,2010,270,,8.0,85,0.3,1.1,0.3,0.3,27.9,,,,,,
GREATER GEELONG,2010,270,,8.0,85,0.3,1.1,0.3,0.3,27.9,,,,,,
GREATER GEELONG,2010,282,,8.0,85,0.3,1.1,0.3,0.3,27.9,,,,,,
GREATER GEELONG,2011,290,,8.0,85,0.3,1.1,0.3,0.3,27.9,,,,,,
GREATER GEELONG,2011,290,,8.0,85,0.3,1.1,0.3,0.3,27.9,,,,,,
GREATER GEELONG,2011,290,,8.0,85,0.3,1.1,0.3,0.3,27.9,,,,,,
GREATER GEELONG,2011,295,,8.0,85,0.3,1.1,0.3,0.3,27.9,,,,,,
GREATER GEELONG,2012,300,,8.0,85,0.3,1.1,0.3,0.3,27.9,,,,,,
GREATER GEELONG,2012,295,,8.0,85,0.3,1.1,0.3,0.3,27.9,,,,,,
GREATER GEELONG,2012,300,,8.0,85,0.3,1.1,0.3,0.3,27.9,,,,,,
GREATER GEELONG,2012,300,,8.0,85,0.3,1.1,0.3,0.3,27.9,,,,,,
GREATER GEELONG,2013,300,,8.0,85,0.3,1.1,0.3,0.3,27.9,,,,,,
GREATER GEELONG,2013,295,,8.0,85,0.3,1.1,0.3,0.3,27.9,,,,,,
GREATER GEELONG,2013,300,,8.0,85,0.3,1.1,0.3,0.3,27.9,,,,,,
GREATER GEELONG,2013,300,,8.0,85,0.3,1.1,0.3,0.3,27.9,,,,,,
GREATER GEELONG,2014,305,,8.0,85,0.3,1.1,0.3,0.3,27.9,,,,,,
GREATER GEELONG,2014,300,,8.0,85,0.3,1.1,0.3,0.3,27.9,,,,,,
GREATER GEELONG,2014,300,,8.0,85,0.3,1.1,0.3,0.3,27.9,,,,,,
GREATER GEELONG,2014,310,,8.0,85,0.3,1.1,0.3,0.3,27.9,,,,,,
GREATER GEELONG,2015,310,,8.0,85,0.3,1.1,0.3,0.3,27.9,,,,,,
GREATER GEELONG,2015,300,,8.0,85,0.3,1.1,0.3,0.3,27.9,,,,,,
GREATER GEELONG,2015,310,,8.0,85,0.3,1.1,0.3,0.3,27.9,,,,,,
GREATER GEELONG,2015,315,,8.0,85,0.3,1.1,0.3,0.3,27.9,,,,,,
GREATER GEELONG,2016,320,22959.0,8.0,85,0.3,1.1,0.3,0.3,27.9,,,,,,
GREATER GEELONG,2016,320,22959.0,8.0,85,0.3,1.1,0.3,0.3,27.9,,,,,,
GREATER GEELONG,2016,320,22959.0,8.0,85,0.3,1.1,0.3,0.3,27.9,,,,,,
GREATER GEELONG,2016,330,22959.0,8.0,85,0.3,1.1,0.3,0.3,27.9,,,,,,
GREATER GEELONG,2017,330,22941.0,8.0,85,0.3,1.1,0.3,0.3,27.9,,,,,,
GREATER GEELONG,2017,330,22941.0,8.0,85,0.3,1.1,0.3,0.3,27.9,,,,,,
GREATER GEELONG,2017,330,22941.0,8.0,85,0.3,1.1,0.3,0.3,27.9,,,,,,
GREATER GEELONG,2017,345,22941.0,8.0,85,0.3,1.1,0.3,0.3,27.9,,,,,,
GREATER GEELONG,2018,350,20766.0,8.0,85,0.3,1.1,0.3,0.3,27.9,,,,,,
GREATER GEELONG,2018,350,20766.0,8.0,85,0.3,1.1,0.3,0.3,27.9,,,,,,
GREATER GEELONG,2018,350,20766.0,8.0,85,0.3,1.1,0.3,0.3,27.9,,,,,,
GREATER GEELONG,2018,360,20766.0,8.0,85,0.3,1.1,0.3,0.3,27.9,,,,,,
GREATER GEELONG,2019,370,21704.0,8.0,85,0.3,1.1,0.3,0.3,27.9,,,,,,
GREATER GEELONG,2019,370,21704.0,8.0,85,0.3,1.1,0.3,0.3,27.9,,,,,,
GREATER GEELONG,2019,370,21704.0,8.0,85,0.3,1.1,0.3,0.3,27.9,,,,,,
GREATER GEELONG,2019,375,21704.0,8.0,85,0.3,1.1,0.3,0.3,27.9,,,,,,
GREATER GEELONG,2020,380,22963.0,8.0,85,0.3,1.1,0.3,0.3,27.9,,,,,,
GREATER GEELONG,2020,370,22963.0,8.0,85,0.3,1.1,0.3,0.3,27.9,,,,,,
GREATER GEELONG,2020,375,22963.0,8.0,85,0.3,1.1,0.3,0.3,27.9,,,,,,
GREATER GEELONG,2020,380,22963.0,8.0,85,0.3,1.1,0.3,0.3,27.9,,,,,,
GREATER GEELONG,2021,395,20010.0,8.0,85,0.3,1.1,0.3,0.3,27.9,,,,,,
GREATER GEELONG,2021,400,20010.0,8.0,85,0.3,1.1,0.3,0.3,27.9,,,,,,
GREATER GEELONG,2021,410,20010.0,8.0,85,0.3,1.1,0.3,0.3,27.9,,,,,,
GREATER GEELONG,2021,415,20010.0,8.0,85,0.3,1.1,0.3,0.3,27.9,,,,,,
GREATER GEELONG,2022,430,19884.0,8.0,85,0.3,1.1,0.3,0.3,27.9,,,,,,
GREATER GEELONG,2022,425,19884.0,8.0,85,0.3,1.1,0.3,0.3,27.9,,,,,,
GREATER GEELONG,2022,440,19884.0,8.0,85,0.3,1.1,0.3,0.3,27.9,,,,,,
GREATER GEELONG,2022,450,19884.0,8.0,85,0.3,1.1,0.3,0.3,27.9,,,,,,
GREATER GEELONG,2023,450,22653.0,8.0,85,0.3,1.1,0.3,0.3,27.9,,,,,,
GREATER GEELONG,2023,450,22653.0,8.0,85,0.3,1.1,0.3,0.3,27.9,,,,,,
GREATER GEELONG,2023,450,22653.0,8.0,85,0.3,1.1,0.3,0.3,27.9,,,,,,
GREATER GEELONG,2023,460,22653.0,8.0,85,0.3,1.1,0.3,0.3,27.9,,,,,,
GREATER GEELONG,2024,470,25061.0,8.0,85,0.3,1.1,0.3,0.3,27.9,,,,,,
GREATER GEELONG,2024,470,25061.0,8.0,85,0.3,1.1,0.3,0.3,27.9,,,,,,
GREATER GEELONG,2024,480,25061.0,8.0,85,0.3,1.1,0.3,0.3,27.9,,,,,,
GREATER GEELONG,2024,490,25061.0,8.0,85,0.3,1.1,0.3,0.3,27.9,,,,,,
GREATER GEELONG,2025,485,25574.0,8.0,85,0.3,1.1,0.3,0.3,27.9,,,,,,
GREATER GEELONG,2025,500,25574.0,8.0,85,0.3,1.1,0.3,0.3,27.9,,,,,,
GREATER GEELONG,2025,500,25574.0,8.0,85,0.3,1.1,0.3,0.3,27.9,,,,,,
GREATER SHEPPARTON,1999,135,,4.0,39,0.3,0.7,0.2,0.2,30.8,,,,,,
GREATER SHEPPARTON,1999,140,,4.0,39,0.3,0.7,0.2,0.2,30.8,,,,,,
GREATER SHEPPARTON,1999,140,,4.0,39,0.3,0.7,0.2,0.2,30.8,,,,,,
GREATER SHEPPARTON,2000,140,,4.0,39,0.3,0.7,0.2,0.2,30.8,,,,,,
GREATER SHEPPARTON,2000,145,,4.0,39,0.3,0.7,0.2,0.2,30.8,,,,,,
GREATER SHEPPARTON,2000,145,,4.0,39,0.3,0.7,0.2,0.2,30.8,,,,,,
GREATER SHEPPARTON,2000,140,,4.0,39,0.3,0.7,0.2,0.2,30.8,,,,,,
GREATER SHEPPARTON,2001,145,,4.0,39,0.3,0.7,0.2,0.2,30.8,,,,,,
GREATER SHEPPARTON,2001,150,,4.0,39,0.3,0.7,0.2,0.2,30.8,,,,,,
GREATER SHEPPARTON,2001,150,,4.0,39,0.3,0.7,0.2,0.2,30.8,,,,,,
GREATER SHEPPARTON,2001,155,,4.0,39,0.3,0.7,0.2,0.2,30.8,,,,,,
GREATER SHEPPARTON,2002,155,,4.0,39,0.3,0.7,0.2,0.2,30.8,,,,,,
GREATER SHEPPARTON,2002,160,,4.0,39,0.3,0.7,0.2,0.2,30.8,,,,,,
GREATER SHEPPARTON,2002,160,,4.0,39,0.3,0.7,0.2,0.2,30.8,,,,,,
GREATER SHEPPARTON,2002,160,,4.0,39,0.3,0.7,0.2,0.2,30.8,,,,,,
GREATER SHEPPARTON,2003,165,,4.0,39,0.3,0.7,0.2,0.2,30.8,,,,,,
GREATER SHEPPARTON,2003,160,,4.0,39,0.3,0.7,0.2,0.2,30.8,,,,,,
GREATER SHEPPARTON,2003,160,,4.0,39,0.3,0.7,0.2,0.2,30.8,,,,,,
GREATER SHEPPARTON,2003,165,,4.0,39,0.3,0.7,0.2,0.2,30.8,,,,,,
GREATER SHEPPARTON,2004,170,,4.0,39,0.3,0.7,0.2,0.2,30.8,,,,,,
GREATER SHEPPARTON,2004,165,,4.0,39,0.3,0.7,0.2,0.2,30.8,,,,,,
GREATER SHEPPARTON,2004,170,,4.0,39,0.3,0.7,0.2,0.2,30.8,,,,,,
GREATER SHEPPARTON,2004,170,,4.0,39,0.3,0.7,0.2,0.2,30.8,,,,,,
GREATER SHEPPARTON,2005,180,,4.0,39,0.3,0.7,0.2,0.2,30.8,,,,,,
GREATER SHEPPARTON,2005,175,,4.0,39,0.3,0.7,0.2,0.2,30.8,,,,,,
GREATER SHEPPARTON,2005,170,,4.0,39,0.3,0.7,0.2,0.2,30.8,,,,,,
GREATER SHEPPARTON,2005,180,,4.0,39,0.3,0.7,0.2,0.2,30.8,,,,,,
GREATER SHEPPARTON,2006,180,,4.0,39,0.3,0.7,0.2,0.2,30.8,,,,,,
GREATER SHEPPARTON,2006,180,,4.0,39,0.3,0.7,0.2,0.2,30.8,,,,,,
GREATER SHEPPARTON,2006,180,,4.0,39,0.3,0.7,0.2,0.2,30.8,,,,,,
GREATER SHEPPARTON,2006,180,,4.0,39,0.3,0.7,0.2,0.2,30.8,,,,,,
GREATER SHEPPARTON,2007,190,,4.0,39,0.3,0.7,0.2,0.2,30.8,,,,,,
GREATER SHEPPARTON,2007,190,,4.0,39,0.3,0.7,0.2,0.2,30.8,,,,,,
GREATER SHEPPARTON,2007,190,,4.0,39,0.3,0.7,0.2,0.2,30.8,,,,,,
GREATER SHEPPARTON,2007,188,,4.0,39,0.3,0.7,0.2,0.2,30.8,,,,,,
GREATER SHEPPARTON,2008,190,,4.0,39,0.3,0.7,0.2,0.2,30.8,,,,,,
GREATER SHEPPARTON,2008,200,,4.0,39,0.3,0.7,0.2,0.2,30.8,,,,,,
GREATER SHEPPARTON,2008,200,,4.0,39,0.3,0.7,0.2,0.2,30.8,,,,,,
GREATER SHEPPARTON,2008,200,,4.0,39,0.3,0.7,0.2,0.2,30.8,,,,,,
GREATER SHEPPARTON,2009,210,,4.0,39,0.3,0.7,0.2,0.2,30.8,,,,,,
GREATER SHEPPARTON,2009,210,,4.0,39,0.3,0.7,0.2,0.2,30.8,,,,,,
GREATER SHEPPARTON,2009,200,,4.0,39,0.3,0.7,0.2,0.2,30.8,,,,,,
GREATER SHEPPARTON,2009,220,,4.0,39,0.3,0.7,0.2,0.2,30.8,,,,,,
GREATER SHEPPARTON,2010,210,,4.0,39,0.3,0.7,0.2,0.2,30.8,,,,,,
GREATER SHEPPARTON,2010,228,,4.0,39,0.3,0.7,0.2,0.2,30.8,,,,,,
GREATER SHEPPARTON,2010,230,,4.0,39,0.3,0.7,0.2,0.2,30.8,,,,,,
GREATER SHEPPARTON,2010,220,,4.0,39,0.3,0.7,0.2,0.2,30.8,,,,,,
GREATER SHEPPARTON,2011,230,,4.0,39,0.3,0.7,0.2,0.2,30.8,,,,,,
GREATER SHEPPARTON,2011,230,,4.0,39,0.3,0.7,0.2,0.2,30.8,,,,,,
GREATER SHEPPARTON,2011,230,,4.0,39,0.3,0.7,0.2,0.2,30.8,,,,,,
GREATER SHEPPARTON,2011,240,,4.0,39,0.3,0.7,0.2,0.2,30.8,,,,,,
GREATER SHEPPARTON,2012,240,,4.0,39,0.3,0.7,0.2,0.2,30.8,,,,,,
GREATER SHEPPARTON,2012,245,,4.0,39,0.3,0.7,0.2,0.2,30.8,,,,,,
GREATER SHEPPARTON,2012,240,,4.0,39,0.3,0.7,0.2,0.2,30.8,,,,,,
GREATER SHEPPARTON,2012,240,,4.0,39,0.3,0.7,0.2,0.2,30.8,,,,,,
GREATER SHEPPARTON,2013,250,,4.0,39,0.3,0.7,0.2,0.2,30.8,,,,,,
GREATER SHEPPARTON,2013,240,,4.0,39,0.3,0.7,0.2,0.2,30.8,,,,,,
GREATER SHEPPARTON,2013,240,,4.0,39,0.3,0.7,0.2,0.2,30.8,,,,,,
GREATER SHEPPARTON,2013,250,,4.0,39,0.3,0.7,0.2,0.2,30.8,,,,,,
GREATER SHEPPARTON,2014,250,,4.0,39,0.3,0.7,0.2,0.2,30.8,,,,,,
GREATER SHEPPARTON,2014,260,,4.0,39,0.3,0.7,0.2,0.2,30.8,,,,,,
GREATER SHEPPARTON,2014,250,,4.0,39,0.3,0.7,0.2,0.2,30.8,,,,,,
GREATER SHEPPARTON,2014,265,,4.0,39,0.3,0.7,0.2,0.2,30.8,,,,,,
GREATER SHEPPARTON,2015,260,,4.0,39,0.3,0.7,0.2,0.2,30.8,,,,,,
GREATER SHEPPARTON,2015,260,,4.0,39,0.3,0.7,0.2,0.2,30.8,,,,,,
GREATER SHEPPARTON,2015,250,,4.0,39,0.3,0.7,0.2,0.2,30.8,,,,,,
GREATER SHEPPARTON,2015,260,,4.0,39,0.3,0.7,0.2,0.2,30.8,,,,,,
GREATER SHEPPARTON,2016,265,8391.0,4.0,39,0.3,0.7,0.2,0.2,30.8,,,,,,
GREATER SHEPPARTON,2016,270,8391.0,4.0,39,0.3,0.7,0.2,0.2,30.8,,,,,,
GREATER SHEPPARTON,2016,260,8391.0,4.0,39,0.3,0.7,0.2,0.2,30.8,,,,,,
GREATER SHEPPARTON,2016,268,8391.0,4.0,39,0.3,0.7,0.2,0.2,30.8,,,,,,
GREATER SHEPPARTON,2017,270,8044.0,4.0,39,0.3,0.7,0.2,0.2,30.8,,,,,,
GREATER SHEPPARTON,2017,273,8044.0,4.0,39,0.3,0.7,0.2,0.2,30.8,,,,,,
GREATER SHEPPARTON,2017,270,8044.0,4.0,39,0.3,0.7,0.2,0.2,30.8,,,,,,
GREATER SHEPPARTON,2017,275,8044.0,4.0,39,0.3,0.7,0.2,0.2,30.8,,,,,,
GREATER SHEPPARTON,2018,280,8749.0,4.0,39,0.3,0.7,0.2,0.2,30.8,,,,,,
GREATER SHEPPARTON,2018,280,8749.0,4.0,39,0.3,0.7,0.2,0.2,30.8,,,,,,
GREATER SHEPPARTON,2018,280,8749.0,4.0,39,0.3,0.7,0.2,0.2,30.8,,,,,,
GREATER SHEPPARTON,2018,280,8749.0,4.0,39,0.3,0.7,0.2,0.2,30.8,,,,,,
GREATER SHEPPARTON,2019,290,8839.0,4.0,39,0.3,0.7,0.2,0.2,30.8,,,,,,
GREATER SHEPPARTON,2019,290,8839.0,4.0,39,0.3,0.7,0.2,0.2,30.8,,,,,,
GREATER SHEPPARTON,2019,285,8839.0,4.0,39,0.3,0.7,0.2,0.2,30.8,,,,,,
GREATER SHEPPARTON,2019,295,8839.0,4.0,39,0.3,0.7,0.2,0.2,30.8,,,,,,
GREATER SHEPPARTON,2020,290,9152.0,4.0,39,0.3,0.7,0.2,0.2,30.8,,,,,,
GREATER SHEPPARTON,2020,295,9152.0,4.0,39,0.3,0.7,0.2,0.2,30.8,,,,,,
GREATER SHEPPARTON,2020,300,9152.0,4.0,39,0.3,0.7,0.2,0.2,30.8,,,,,,
GREATER SHEPPARTON,2020,310,9152.0,4.0,39,0.3,0.7,0.2,0.2,30.8,,,,,,
GREATER SHEPPARTON,2021,308,9103.0,4.0,39,0.3,0.7,0.2,0.2,30.8,,,,,,
GREATER SHEPPARTON,2021,318,9103.0,4.0,39,0.3,0.7,0.2,0.2,30.8,,,,,,
GREATER SHEPPARTON,2021,330,9103.0,4.0,39,0.3,0.7,0.2,0.2,30.8,,,,,,
GREATER SHEPPARTON,2021,340,9103.0,4.0,39,0.3,0.7,0.2,0.2,30.8,,,,,,
GREATER SHEPPARTON,2022,350,8918.0,4.0,39,0.3,0.7,0.2,0.2,30.8,,,,,,
GREATER SHEPPARTON,2022,350,8918.0,4.0,39,0.3,0.7,0.2,0.2,30.8,,,,,,
GREATER SHEPPARTON,2022,380,8918.0,4.0,39,0.3,0.7,0.2,0.2,30.8,,,,,,
GREATER SHEPPARTON,2022,390,8918.0,4.0,39,0.3,0.7,0.2,0.2,30.8,,,,,,
GREATER SHEPPARTON,2023,390,8490.0,4.0,39,0.3,0.7,0.2,0.2,30.8,,,,,,
GREATER SHEPPARTON,2023,390,8490.0,4.0,39,0.3,0.7,0.2,0.2,30.8,,,,,,
GREATER SHEPPARTON,2023,390,8490.0,4.0,39,0.3,0.7,0.2,0.2,30.8,,,,,,
GREATER SHEPPARTON,2023,400,8490.0,4.0,39,0.3,0.7,0.2,0.2,30.8,,,,,,
GREATER SHEPPARTON,2024,415,10195.0,4.0,39,0.3,0.7,0.2,0.2,30.8,,,,,,
GREATER SHEPPARTON,2024,430,10195.0,4.0,39,0.3,0.7,0.2,0.2,30.8,,,,,,
GREATER SHEPPARTON,2024,430,10195.0,4.0,39,0.3,0.7,0.2,0.2,30.8,,,,,,
GREATER SHEPPARTON,2024,450,10195.0,4.0,39,0.3,0.7,0.2,0.2,30.8,,,,,,
GREATER SHEPPARTON,2025,460,10548.0,4.0,39,0.3,0.7,0.2,0.2,30.8,,,,,,
GREATER SHEPPARTON,2025,460,10548.0,4.0,39,0.3,0.7,0.2,0.2,30.8,,,,,,
GREATER SHEPPARTON,2025,470,10548.0,4.0,39,0.3,0.7,0.2,0.2,30.8,,,,,,
HEPBURN,1999,130,,1.0,13,0.5,0.8,0.2,0.2,27.4,,,,,,
HEPBURN,1999,130,,1.0,13,0.5,0.8,0.2,0.2,27.4,,,,,,
HEPBURN,1999,130,,1.0,13,0.5,0.8,0.2,0.2,27.4,,,,,,
HEPBURN,2000,135,,1.0,13,0.5,0.8,0.2,0.2,27.4,,,,,,
HEPBURN,2000,135,,1.0,13,0.5,0.8,0.2,0.2,27.4,,,,,,
HEPBURN,2000,140,,1.0,13,0.5,0.8,0.2,0.2,27.4,,,,,,
HEPBURN,2000,135,,1.0,13,0.5,0.8,0.2,0.2,27.4,,,,,,
HEPBURN,2001,140,,1.0,13,0.5,0.8,0.2,0.2,27.4,,,,,,
HEPBURN,2001,145,,1.0,13,0.5,0.8,0.2,0.2,27.4,,,,,,
HEPBURN,2001,150,,1.0,13,0.5,0.8,0.2,0.2,27.4,,,,,,
HEPBURN,2001,145,,1.0,13,0.5,0.8,0.2,0.2,27.4,,,,,,
HEPBURN,2002,150,,1.0,13,0.5,0.8,0.2,0.2,27.4,,,,,,
HEPBURN,2002,150,,1.0,13,0.5,0.8,0.2,0.2,27.4,,,,,,
HEPBURN,2002,150,,1.0,13,0.5,0.8,0.2,0.2,27.4,,,,,,
HEPBURN,2002,155,,1.0,13,0.5,0.8,0.2,0.2,27.4,,,,,,
HEPBURN,2003,160,,1.0,13,0.5,0.8,0.2,0.2,27.4,,,,,,
HEPBURN,2003,155,,1.0,13,0.5,0.8,0.2,0.2,27.4,,,,,,
HEPBURN,2003,160,,1.0,13,0.5,0.8,0.2,0.2,27.4,,,,,,
HEPBURN,2003,160,,1.0,13,0.5,0.8,0.2,0.2,27.4,,,,,,
HEPBURN,2004,170,,1.0,13,0.5,0.8,0.2,0.2,27.4,,,,,,
HEPBURN,2004,160,,1.0,13,0.5,0.8,0.2,0.2,27.4,,,,,,
HEPBURN,2004,165,,1.0,13,0.5,0.8,0.2,0.2,27.4,,,,,,
HEPBURN,2004,170,,1.0,13,0.5,0.8,0.2,0.2,27.4,,,,,,
HEPBURN,2005,170,,1.0,13,0.5,0.8,0.2,0.2,27.4,,,,,,
HEPBURN,2005,170,,1.0,13,0.5,0.8,0.2,0.2,27.4,,,,,,
HEPBURN,2005,180,,1.0,13,0.5,0.8,0.2,0.2,27.4,,,,,,
HEPBURN,2005,180,,1.0,13,0.5,0.8,0.2,0.2,27.4,,,,,,
HEPBURN,2006,173,,1.0,13,0.5,0.8,0.2,0.2,27.4,,,,,,
HEPBURN,2006,180,,1.0,13,0.5,0.8,0.2,0.2,27.4,,,,,,
HEPBURN,2006,180,,1.0,13,0.5,0.8,0.2,0.2,27.4,,,,,,
HEPBURN,2006,190,,1.0,13,0.5,0.8,0.2,0.2,27.4,,,,,,
HEPBURN,2007,185,,1.0,13,0.5,0.8,0.2,0.2,27.4,,,,,,
HEPBURN,2007,190,,1.0,13,0.5,0.8,0.2,0.2,27.4,,,,,,
HEPBURN,2007,195,,1.0,13,0.5,0.8,0.2,0.2,27.4,,,,,,
HEPBURN,2007,200,,1.0,13,0.5,0.8,0.2,0.2,27.4,,,,,,
HEPBURN,2008,203,,1.0,13,0.5,0.8,0.2,0.2,27.4,,,,,,
HEPBURN,2008,200,,1.0,13,0.5,0.8,0.2,0.2,27.4,,,,,,
HEPBURN,2008,220,,1.0,13,0.5,0.8,0.2,0.2,27.4,,,,,,
HEPBURN,2008,205,,1.0,13,0.5,0.8,0.2,0.2,27.4,,,,,,
HEPBURN,2009,230,,1.0,13,0.5,0.8,0.2,0.2,27.4,,,,,,
HEPBURN,2009,220,,1.0,13,0.5,0.8,0.2,0.2,27.4,,,,,,
HEPBURN,2009,215,,1.0,13,0.5,0.8,0.2,0.2,27.4,,,,,,
HEPBURN,2009,225,,1.0,13,0.5,0.8,0.2,0.2,27.4,,,,,,
HEPBURN,2010,250,,1.0,13,0.5,0.8,0.2,0.2,27.4,,,,,,
HEPBURN,2010,240,,1.0,13,0.5,0.8,0.2,0.2,27.4,,,,,,
HEPBURN,2010,250,,1.0,13,0.5,0.8,0.2,0.2,27.4,,,,,,
HEPBURN,2010,250,,1.0,13,0.5,0.8,0.2,0.2,27.4,,,,,,
HEPBURN,2011,273,,1.0,13,0.5,0.8,0.2,0.2,27.4,,,,,,
HEPBURN,2011,270,,1.0,13,0.5,0.8,0.2,0.2,27.4,,,,,,
HEPBURN,2011,250,,1.0,13,0.5,0.8,0.2,0.2,27.4,,,,,,
HEPBURN,2011,273,,1.0,13,0.5,0.8,0.2,0.2,27.4,,,,,,
HEPBURN,2012,285,,1.0,13,0.5,0.8,0.2,0.2,27.4,,,,,,
HEPBURN,2012,278,,1.0,13,0.5,0.8,0.2,0.2,27.4,,,,,,
HEPBURN,2012,278,,1.0,13,0.5,0.8,0.2,0.2,27.4,,,,,,
HEPBURN,2012,280,,1.0,13,0.5,0.8,0.2,0.2,27.4,,,,,,
HEPBURN,2013,285,,1.0,13,0.5,0.8,0.2,0.2,27.4,,,,,,
HEPBURN,2013,280,,1.0,13,0.5,0.8,0.2,0.2,27.4,,,,,,
HEPBURN,2013,280,,1.0,13,0.5,0.8,0.2,0.2,27.4,,,,,,
HEPBURN,2013,283,,1.0,13,0.5,0.8,0.2,0.2,27.4,,,,,,
HEPBURN,2014,300,,1.0,13,0.5,0.8,0.2,0.2,27.4,,,,,,
HEPBURN,2014,280,,1.0,13,0.5,0.8,0.2,0.2,27.4,,,,,,
HEPBURN,2014,295,,1.0,13,0.5,0.8,0.2,0.2,27.4,,,,,,
HEPBURN,2014,300,,1.0,13,0.5,0.8,0.2,0.2,27.4,,,,,,
HEPBURN,2015,295,,1.0,13,0.5,0.8,0.2,0.2,27.4,,,,,,
HEPBURN,2015,290,,1.0,13,0.5,0.8,0.2,0.2,27.4,,,,,,
HEPBURN,2015,300,,1.0,13,0.5,0.8,0.2,0.2,27.4,,,,,,
HEPBURN,2015,320,,1.0,13,0.5,0.8,0.2,0.2,27.4,,,,,,
HEPBURN,2016,310,917.0,1.0,13,0.5,0.8,0.2,0.2,27.4,,,,,,
HEPBURN,2016,320,917.0,1.0,13,0.5,0.8,0.2,0.2,27.4,,,,,,
HEPBURN,2016,308,917.0,1.0,13,0.5,0.8,0.2,0.2,27.4,,,,,,
HEPBURN,2016,310,917.0,1.0,13,0.5,0.8,0.2,0.2,27.4,,,,,,
HEPBURN,2017,310,886.0,1.0,13,0.5,0.8,0.2,0.2,27.4,,,,,,
HEPBURN,2017,320,886.0,1.0,13,0.5,0.8,0.2,0.2,27.4,,,,,,
HEPBURN,2017,340,886.0,1.0,13,0.5,0.8,0.2,0.2,27.4,,,,,,
HEPBURN,2017,320,886.0,1.0,13,0.5,0.8,0.2,0.2,27.4,,,,,,
HEPBURN,2018,340,740.0,1.0,13,0.5,0.8,0.2,0.2,27.4,,,,,,
HEPBURN,2018,330,740.0,1.0,13,0.5,0.8,0.2,0.2,27.4,,,,,,
HEPBURN,2018,350,740.0,1.0,13,0.5,0.8,0.2,0.2,27.4,,,,,,
HEPBURN,2018,350,740.0,1.0,13,0.5,0.8,0.2,0.2,27.4,,,,,,
HEPBURN,2019,353,867.0,1.0,13,0.5,0.8,0.2,0.2,27.4,,,,,,
HEPBURN,2019,350,867.0,1.0,13,0.5,0.8,0.2,0.2,27.4,,,,,,
HEPBURN,2019,340,867.0,1.0,13,0.5,0.8,0.2,0.2,27.4,,,,,,
HEPBURN,2019,360,867.0,1.0,13,0.5,0.8,0.2,0.2,27.4,,,,,,
HEPBURN,2020,360,712.0,1.0,13,0.5,0.8,0.2,0.2,27.4,,,,,,
HEPBURN,2020,350,712.0,1.0,13,0.5,0.8,0.2,0.2,27.4,,,,,,
HEPBURN,2020,350,712.0,1.0,13,0.5,0.8,0.2,0.2,27.4,,,,,,
HEPBURN,2020,380,712.0,1.0,13,0.5,0.8,0.2,0.2,27.4,,,,,,
HEPBURN,2021,355,556.0,1.0,13,0.5,0.8,0.2,0.2,27.4,,,,,,
HEPBURN,2021,353,556.0,1.0,13,0.5,0.8,0.2,0.2,27.4,,,,,,
HEPBURN,2021,380,556.0,1.0,13,0.5,0.8,0.2,0.2,27.4,,,,,,
HEPBURN,2021,390,556.0,1.0,13,0.5,0.8,0.2,0.2,27.4,,,,,,
HEPBURN,2022,380,621.0,1.0,13,0.5,0.8,0.2,0.2,27.4,,,,,,
HEPBURN,2022,420,621.0,1.0,13,0.5,0.8,0.2,0.2,27.4,,,,,,
HEPBURN,2022,395,621.0,1.0,13,0.5,0.8,0.2,0.2,27.4,,,,,,
HEPBURN,2022,420,621.0,1.0,13,0.5,0.8,0.2,0.2,27.4,,,,,,
HEPBURN,2023,420,711.0,1.0,13,0.5,0.8,0.2,0.2,27.4,,,,,,
HEPBURN,2023,450,711.0,1.0,13,0.5,0.8,0.2,0.2,27.4,,,,,,
HEPBURN,2023,440,711.0,1.0,13,0.5,0.8,0.2,0.2,27.4,,,,,,
HEPBURN,2023,413,711.0,1.0,13,0.5,0.8,0.2,0.2,27.4,,,,,,
HEPBURN,2024,430,807.0,1.0,13,0.5,0.8,0.2,0.2,27.4,,,,,,
HEPBURN,2024,445,807.0,1.0,13,0.5,0.8,0.2,0.2,27.4,,,,,,
HEPBURN,2024,450,807.0,1.0,13,0.5,0.8,0.2,0.2,27.4,,,,,,
HEPBURN,2024,450,807.0,1.0,13,0.5,0.8,0.2,0.2,27.4,,,,,,
HEPBURN,2025,485,806.0,1.0,13,0.5,0.8,0.2,0.2,27.4,,,,,,
HEPBURN,2025,460,806.0,1.0,13,0.5,0.8,0.2,0.2,27.4,,,,,,
HEPBURN,2025,473,806.0,1.0,13,0.5,0.8,0.2,0.2,27.4,,,,,,
HINDMARSH,1999,93,,2.0,8,1.1,0.9,0.5,0.9,56.0,,,,,,
HINDMARSH,1999,85,,2.0,8,1.1,0.9,0.5,0.9,56.0,,,,,,
HINDMARSH,1999,100,,2.0,8,1.1,0.9,0.5,0.9,56.0,,,,,,
HINDMARSH,2000,110,,2.0,8,1.1,0.9,0.5,0.9,56.0,,,,,,
HINDMARSH,2000,95,,2.0,8,1.1,0.9,0.5,0.9,56.0,,,,,,
HINDMARSH,2000,100,,2.0,8,1.1,0.9,0.5,0.9,56.0,,,,,,
HINDMARSH,2000,100,,2.0,8,1.1,0.9,0.5,0.9,56.0,,,,,,
HINDMARSH,2001,100,,2.0,8,1.1,0.9,0.5,0.9,56.0,,,,,,
HINDMARSH,2001,98,,2.0,8,1.1,0.9,0.5,0.9,56.0,,,,,,
HINDMARSH,2001,95,,2.0,8,1.1,0.9,0.5,0.9,56.0,,,,,,
HINDMARSH,2001,110,,2.0,8,1.1,0.9,0.5,0.9,56.0,,,,,,
HINDMARSH,2002,100,,2.0,8,1.1,0.9,0.5,0.9,56.0,,,,,,
HINDMARSH,2002,105,,2.0,8,1.1,0.9,0.5,0.9,56.0,,,,,,
HINDMARSH,2002,100,,2.0,8,1.1,0.9,0.5,0.9,56.0,,,,,,
HINDMARSH,2002,103,,2.0,8,1.1,0.9,0.5,0.9,56.0,,,,,,
HINDMARSH,2003,110,,2.0,8,1.1,0.9,0.5,0.9,56.0,,,,,,
HINDMARSH,2003,118,,2.0,8,1.1,0.9,0.5,0.9,56.0,,,,,,
HINDMARSH,2003,110,,2.0,8,1.1,0.9,0.5,0.9,56.0,,,,,,
HINDMARSH,2003,125,,2.0,8,1.1,0.9,0.5,0.9,56.0,,,,,,
HINDMARSH,2004,130,,2.0,8,1.1,0.9,0.5,0.9,56.0,,,,,,
HINDMARSH,2004,108,,2.0,8,1.1,0.9,0.5,0.9,56.0,,,,,,
HINDMARSH,2004,130,,2.0,8,1.1,0.9,0.5,0.9,56.0,,,,,,
HINDMARSH,2004,120,,2.0,8,1.1,0.9,0.5,0.9,56.0,,,,,,
HINDMARSH,2005,120,,2.0,8,1.1,0.9,0.5,0.9,56.0,,,,,,
HINDMARSH,2005,130,,2.0,8,1.1,0.9,0.5,0.9,56.0,,,,,,
HINDMARSH,2005,130,,2.0,8,1.1,0.9,0.5,0.9,56.0,,,,,,
HINDMARSH,2005,130,,2.0,8,1.1,0.9,0.5,0.9,56.0,,,,,,
HINDMARSH,2006,120,,2.0,8,1.1,0.9,0.5,0.9,56.0,,,,,,
HINDMARSH,2006,130,,2.0,8,1.1,0.9,0.5,0.9,56.0,,,,,,
HINDMARSH,2006,130,,2.0,8,1.1,0.9,0.5,0.9,56.0,,,,,,
HINDMARSH,2006,123,,2.0,8,1.1,0.9,0.5,0.9,56.0,,,,,,
HINDMARSH,2007,130,,2.0,8,1.1,0.9,0.5,0.9,56.0,,,,,,
HINDMARSH,2007,130,,2.0,8,1.1,0.9,0.5,0.9,56.0,,,,,,
HINDMARSH,2007,133,,2.0,8,1.1,0.9,0.5,0.9,56.0,,,,,,
HINDMARSH,2007,135,,2.0,8,1.1,0.9,0.5,0.9,56.0,,,,,,
HINDMARSH,2008,130,,2.0,8,1.1,0.9,0.5,0.9,56.0,,,,,,
HINDMARSH,2008,143,,2.0,8,1.1,0.9,0.5,0.9,56.0,,,,,,
HINDMARSH,2008,135,,2.0,8,1.1,0.9,0.5,0.9,56.0,,,,,,
HINDMARSH,2008,130,,2.0,8,1.1,0.9,0.5,0.9,56.0,,,,,,
HINDMARSH,2009,145,,2.0,8,1.1,0.9,0.5,0.9,56.0,,,,,,
HINDMARSH,2009,150,,2.0,8,1.1,0.9,0.5,0.9,56.0,,,,,,
HINDMARSH,2009,150,,2.0,8,1.1,0.9,0.5,0.9,56.0,,,,,,
HINDMARSH,2009,148,,2.0,8,1.1,0.9,0.5,0.9,56.0,,,,,,
HINDMARSH,2010,145,,2.0,8,1.1,0.9,0.5,0.9,56.0,,,,,,
HINDMARSH,2010,160,,2.0,8,1.1,0.9,0.5,0.9,56.0,,,,,,
HINDMARSH,2010,150,,2.0,8,1.1,0.9,0.5,0.9,56.0,,,,,,
HINDMARSH,2010,145,,2.0,8,1.1,0.9,0.5,0.9,56.0,,,,,,
HINDMARSH,2011,145,,2.0,8,1.1,0.9,0.5,0.9,56.0,,,,,,
HINDMARSH,2011,150,,2.0,8,1.1,0.9,0.5,0.9,56.0,,,,,,
HINDMARSH,2011,143,,2.0,8,1.1,0.9,0.5,0.9,56.0,,,,,,
HINDMARSH,2011,140,,2.0,8,1.1,0.9,0.5,0.9,56.0,,,,,,
HINDMARSH,2012,155,,2.0,8,1.1,0.9,0.5,0.9,56.0,,,,,,
HINDMARSH,2012,150,,2.0,8,1.1,0.9,0.5,0.9,56.0,,,,,,
HINDMARSH,2012,140,,2.0,8,1.1,0.9,0.5,0.9,56.0,,,,,,
HINDMARSH,2012,168,,2.0,8,1.1,0.9,0.5,0.9,56.0,,,,,,
HINDMARSH,2013,155,,2.0,8,1.1,0.9,0.5,0.9,56.0,,,,,,
HINDMARSH,2013,185,,2.0,8,1.1,0.9,0.5,0.9,56.0,,,,,,
HINDMARSH,2013,155,,2.0,8,1.1,0.9,0.5,0.9,56.0,,,,,,
HINDMARSH,2013,168,,2.0,8,1.1,0.9,0.5,0.9,56.0,,,,,,
HINDMARSH,2014,155,,2.0,8,1.1,0.9,0.5,0.9,56.0,,,,,,
HINDMARSH,2014,153,,2.0,8,1.1,0.9,0.5,0.9,56.0,,,,,,
HINDMARSH,2014,165,,2.0,8,1.1,0.9,0.5,0.9,56.0,,,,,,
HINDMARSH,2014,180,,2.0,8,1.1,0.9,0.5,0.9,56.0,,,,,,
HINDMARSH,2015,160,,2.0,8,1.1,0.9,0.5,0.9,56.0,,,,,,
HINDMARSH,2015,163,,2.0,8,1.1,0.9,0.5,0.9,56.0,,,,,,
HINDMARSH,2015,165,,2.0,8,1.1,0.9,0.5,0.9,56.0,,,,,,
HINDMARSH,2015,160,,2.0,8,1.1,0.9,0.5,0.9,56.0,,,,,,
HINDMARSH,2016,180,370.0,2.0,8,1.1,0.9,0.5,0.9,56.0,,,,,,
HINDMARSH,2016,168,370.0,2.0,8,1.1,0.9,0.5,0.9,56.0,,,,,,
HINDMARSH,2016,163,370.0,2.0,8,1.1,0.9,0.5,0.9,56.0,,,,,,
HINDMARSH,2016,180,370.0,2.0,8,1.1,0.9,0.5,0.9,56.0,,,,,,
HINDMARSH,2017,185,385.0,2.0,8,1.1,0.9,0.5,0.9,56.0,,,,,,
HINDMARSH,2017,185,385.0,2.0,8,1.1,0.9,0.5,0.9,56.0,,,,,,
HINDMARSH,2017,190,385.0,2.0,8,1.1,0.9,0.5,0.9,56.0,,,,,,
HINDMARSH,2017,168,385.0,2.0,8,1.1,0.9,0.5,0.9,56.0,,,,,,
HINDMARSH,2018,188,352.0,2.0,8,1.1,0.9,0.5,0.9,56.0,,,,,,
HINDMARSH,2018,175,352.0,2.0,8,1.1,0.9,0.5,0.9,56.0,,,,,,
HINDMARSH,2018,195,352.0,2.0,8,1.1,0.9,0.5,0.9,56.0,,,,,,
HINDMARSH,2018,165,352.0,2.0,8,1.1,0.9,0.5,0.9,56.0,,,,,,
HINDMARSH,2019,180,330.0,2.0,8,1.1,0.9,0.5,0.9,56.0,,,,,,
HINDMARSH,2019,200,330.0,2.0,8,1.1,0.9,0.5,0.9,56.0,,,,,,
HINDMARSH,2019,205,330.0,2.0,8,1.1,0.9,0.5,0.9,56.0,,,,,,
HINDMARSH,2019,183,330.0,2.0,8,1.1,0.9,0.5,0.9,56.0,,,,,,
HINDMARSH,2020,180,590.0,2.0,8,1.1,0.9,0.5,0.9,56.0,,,,,,
HINDMARSH,2020,190,590.0,2.0,8,1.1,0.9,0.5,0.9,56.0,,,,,,
HINDMARSH,2020,210,590.0,2.0,8,1.1,0.9,0.5,0.9,56.0,,,,,,
HINDMARSH,2020,200,590.0,2.0,8,1.1,0.9,0.5,0.9,56.0,,,,,,
HINDMARSH,2021,225,452.0,2.0,8,1.1,0.9,0.5,0.9,56.0,,,,,,
HINDMARSH,2021,220,452.0,2.0,8,1.1,0.9,0.5,0.9,56.0,,,,,,
HINDMARSH,2021,220,452.0,2.0,8,1.1,0.9,0.5,0.9,56.0,,,,,,
HINDMARSH,2021,255,452.0,2.0,8,1.1,0.9,0.5,0.9,56.0,,,,,,
HINDMARSH,2022,230,265.0,2.0,8,1.1,0.9,0.5,0.9,56.0,,,,,,
HINDMARSH,2022,250,265.0,2.0,8,1.1,0.9,0.5,0.9,56.0,,,,,,
HINDMARSH,2022,250,265.0,2.0,8,1.1,0.9,0.5,0.9,56.0,,,,,,
HINDMARSH,2022,250,265.0,2.0,8,1.1,0.9,0.5,0.9,56.0,,,,,,
HINDMARSH,2023,260,310.0,2.0,8,1.1,0.9,0.5,0.9,56.0,,,,,,
HINDMARSH,2023,265,310.0,2.0,8,1.1,0.9,0.5,0.9,56.0,,,,,,
HINDMARSH,2023,283,310.0,2.0,8,1.1,0.9,0.5,0.9,56.0,,,,,,
HINDMARSH,2023,285,310.0,2.0,8,1.1,0.9,0.5,0.9,56.0,,,,,,
HINDMARSH,2024,300,308.0,2.0,8,1.1,0.9,0.5,0.9,56.0,,,,,,
HINDMARSH,2024,295,308.0,2.0,8,1.1,0.9,0.5,0.9,56.0,,,,,,
HINDMARSH,2024,300,308.0,2.0,8,1.1,0.9,0.5,0.9,56.0,,,,,,
HINDMARSH,2024,280,308.0,2.0,8,1.1,0.9,0.5,0.9,56.0,,,,,,
HINDMARSH,2025,313,367.0,2.0,8,1.1,0.9,0.5,0.9,56.0,,,,,,
HINDMARSH,2025,310,367.0,2.0,8,1.1,0.9,0.5,0.9,56.0,,,,,,
HINDMARSH,2025,330,367.0,2.0,8,1.1,0.9,0.5,0.9,56.0,,,,,,
HOBSONS BAY,1999,165,,2.0,29,0.3,0.8,0.2,0.2,24.8,115 Civic Parade, Altona VIC 3018,-37.8705,144.827,12.87,17.1
HOBSONS BAY,1999,170,,2.0,29,0.3,0.8,0.2,0.2,24.8,115 Civic Parade, Altona VIC 3018,-37.8705,144.827,12.87,17.1
HOBSONS BAY,1999,170,,2.0,29,0.3,0.8,0.2,0.2,24.8,115 Civic Parade, Altona VIC 3018,-37.8705,144.827,12.87,17.1
HOBSONS BAY,2000,175,,2.0,29,0.3,0.8,0.2,0.2,24.8,115 Civic Parade, Altona VIC 3018,-37.8705,144.827,12.87,17.1
HOBSONS BAY,2000,175,,2.0,29,0.3,0.8,0.2,0.2,24.8,115 Civic Parade, Altona VIC 3018,-37.8705,144.827,12.87,17.1
HOBSONS BAY,2000,180,,2.0,29,0.3,0.8,0.2,0.2,24.8,115 Civic Parade, Altona VIC 3018,-37.8705,144.827,12.87,17.1
HOBSONS BAY,2000,180,,2.0,29,0.3,0.8,0.2,0.2,24.8,115 Civic Parade, Altona VIC 3018,-37.8705,144.827,12.87,17.1
HOBSONS BAY,2001,180,,2.0,29,0.3,0.8,0.2,0.2,24.8,115 Civic Parade, Altona VIC 3018,-37.8705,144.827,12.87,17.1
HOBSONS BAY,2001,180,,2.0,29,0.3,0.8,0.2,0.2,24.8,115 Civic Parade, Altona VIC 3018,-37.8705,144.827,12.87,17.1
HOBSONS BAY,2001,180,,2.0,29,0.3,0.8,0.2,0.2,24.8,115 Civic Parade, Altona VIC 3018,-37.8705,144.827,12.87,17.1
HOBSONS BAY,2001,190,,2.0,29,0.3,0.8,0.2,0.2,24.8,115 Civic Parade, Altona VIC 3018,-37.8705,144.827,12.87,17.1
HOBSONS BAY,2002,190,,2.0,29,0.3,0.8,0.2,0.2,24.8,115 Civic Parade, Altona VIC 3018,-37.8705,144.827,12.87,17.1
HOBSONS BAY,2002,185,,2.0,29,0.3,0.8,0.2,0.2,24.8,115 Civic Parade, Altona VIC 3018,-37.8705,144.827,12.87,17.1
HOBSONS BAY,2002,190,,2.0,29,0.3,0.8,0.2,0.2,24.8,115 Civic Parade, Altona VIC 3018,-37.8705,144.827,12.87,17.1
HOBSONS BAY,2002,190,,2.0,29,0.3,0.8,0.2,0.2,24.8,115 Civic Parade, Altona VIC 3018,-37.8705,144.827,12.87,17.1
HOBSONS BAY,2003,195,,2.0,29,0.3,0.8,0.2,0.2,24.8,115 Civic Parade, Altona VIC 3018,-37.8705,144.827,12.87,17.1
HOBSONS BAY,2003,192,,2.0,29,0.3,0.8,0.2,0.2,24.8,115 Civic Parade, Altona VIC 3018,-37.8705,144.827,12.87,17.1
HOBSONS BAY,2003,195,,2.0,29,0.3,0.8,0.2,0.2,24.8,115 Civic Parade, Altona VIC 3018,-37.8705,144.827,12.87,17.1
HOBSONS BAY,2003,200,,2.0,29,0.3,0.8,0.2,0.2,24.8,115 Civic Parade, Altona VIC 3018,-37.8705,144.827,12.87,17.1
HOBSONS BAY,2004,200,,2.0,29,0.3,0.8,0.2,0.2,24.8,115 Civic Parade, Altona VIC 3018,-37.8705,144.827,12.87,17.1
HOBSONS BAY,2004,195,,2.0,29,0.3,0.8,0.2,0.2,24.8,115 Civic Parade, Altona VIC 3018,-37.8705,144.827,12.87,17.1
HOBSONS BAY,2004,200,,2.0,29,0.3,0.8,0.2,0.2,24.8,115 Civic Parade, Altona VIC 3018,-37.8705,144.827,12.87,17.1
HOBSONS BAY,2004,200,,2.0,29,0.3,0.8,0.2,0.2,24.8,115 Civic Parade, Altona VIC 3018,-37.8705,144.827,12.87,17.1
HOBSONS BAY,2005,210,,2.0,29,0.3,0.8,0.2,0.2,24.8,115 Civic Parade, Altona VIC 3018,-37.8705,144.827,12.87,17.1
HOBSONS BAY,2005,200,,2.0,29,0.3,0.8,0.2,0.2,24.8,115 Civic Parade, Altona VIC 3018,-37.8705,144.827,12.87,17.1
HOBSONS BAY,2005,200,,2.0,29,0.3,0.8,0.2,0.2,24.8,115 Civic Parade, Altona VIC 3018,-37.8705,144.827,12.87,17.1
HOBSONS BAY,2005,220,,2.0,29,0.3,0.8,0.2,0.2,24.8,115 Civic Parade, Altona VIC 3018,-37.8705,144.827,12.87,17.1
HOBSONS BAY,2006,215,,2.0,29,0.3,0.8,0.2,0.2,24.8,115 Civic Parade, Altona VIC 3018,-37.8705,144.827,12.87,17.1
HOBSONS BAY,2006,220,,2.0,29,0.3,0.8,0.2,0.2,24.8,115 Civic Parade, Altona VIC 3018,-37.8705,144.827,12.87,17.1
HOBSONS BAY,2006,210,,2.0,29,0.3,0.8,0.2,0.2,24.8,115 Civic Parade, Altona VIC 3018,-37.8705,144.827,12.87,17.1
HOBSONS BAY,2006,230,,2.0,29,0.3,0.8,0.2,0.2,24.8,115 Civic Parade, Altona VIC 3018,-37.8705,144.827,12.87,17.1
HOBSONS BAY,2007,230,,2.0,29,0.3,0.8,0.2,0.2,24.8,115 Civic Parade, Altona VIC 3018,-37.8705,144.827,12.87,17.1
HOBSONS BAY,2007,240,,2.0,29,0.3,0.8,0.2,0.2,24.8,115 Civic Parade, Altona VIC 3018,-37.8705,144.827,12.87,17.1
HOBSONS BAY,2007,240,,2.0,29,0.3,0.8,0.2,0.2,24.8,115 Civic Parade, Altona VIC 3018,-37.8705,144.827,12.87,17.1
HOBSONS BAY,2007,250,,2.0,29,0.3,0.8,0.2,0.2,24.8,115 Civic Parade, Altona VIC 3018,-37.8705,144.827,12.87,17.1
HOBSONS BAY,2008,270,,2.0,29,0.3,0.8,0.2,0.2,24.8,115 Civic Parade, Altona VIC 3018,-37.8705,144.827,12.87,17.1
HOBSONS BAY,2008,280,,2.0,29,0.3,0.8,0.2,0.2,24.8,115 Civic Parade, Altona VIC 3018,-37.8705,144.827,12.87,17.1
HOBSONS BAY,2008,290,,2.0,29,0.3,0.8,0.2,0.2,24.8,115 Civic Parade, Altona VIC 3018,-37.8705,144.827,12.87,17.1
HOBSONS BAY,2008,280,,2.0,29,0.3,0.8,0.2,0.2,24.8,115 Civic Parade, Altona VIC 3018,-37.8705,144.827,12.87,17.1
HOBSONS BAY,2009,300,,2.0,29,0.3,0.8,0.2,0.2,24.8,115 Civic Parade, Altona VIC 3018,-37.8705,144.827,12.87,17.1
HOBSONS BAY,2009,300,,2.0,29,0.3,0.8,0.2,0.2,24.8,115 Civic Parade, Altona VIC 3018,-37.8705,144.827,12.87,17.1
HOBSONS BAY,2009,300,,2.0,29,0.3,0.8,0.2,0.2,24.8,115 Civic Parade, Altona VIC 3018,-37.8705,144.827,12.87,17.1
HOBSONS BAY,2009,300,,2.0,29,0.3,0.8,0.2,0.2,24.8,115 Civic Parade, Altona VIC 3018,-37.8705,144.827,12.87,17.1
HOBSONS BAY,2010,310,,2.0,29,0.3,0.8,0.2,0.2,24.8,115 Civic Parade, Altona VIC 3018,-37.8705,144.827,12.87,17.1
HOBSONS BAY,2010,310,,2.0,29,0.3,0.8,0.2,0.2,24.8,115 Civic Parade, Altona VIC 3018,-37.8705,144.827,12.87,17.1
HOBSONS BAY,2010,315,,2.0,29,0.3,0.8,0.2,0.2,24.8,115 Civic Parade, Altona VIC 3018,-37.8705,144.827,12.87,17.1
HOBSONS BAY,2010,320,,2.0,29,0.3,0.8,0.2,0.2,24.8,115 Civic Parade, Altona VIC 3018,-37.8705,144.827,12.87,17.1
HOBSONS BAY,2011,320,,2.0,29,0.3,0.8,0.2,0.2,24.8,115 Civic Parade, Altona VIC 3018,-37.8705,144.827,12.87,17.1
HOBSONS BAY,2011,320,,2.0,29,0.3,0.8,0.2,0.2,24.8,115 Civic Parade, Altona VIC 3018,-37.8705,144.827,12.87,17.1
HOBSONS BAY,2011,320,,2.0,29,0.3,0.8,0.2,0.2,24.8,115 Civic Parade, Altona VIC 3018,-37.8705,144.827,12.87,17.1
HOBSONS BAY,2011,320,,2.0,29,0.3,0.8,0.2,0.2,24.8,115 Civic Parade, Altona VIC 3018,-37.8705,144.827,12.87,17.1
HOBSONS BAY,2012,320,,2.0,29,0.3,0.8,0.2,0.2,24.8,115 Civic Parade, Altona VIC 3018,-37.8705,144.827,12.87,17.1
HOBSONS BAY,2012,325,,2.0,29,0.3,0.8,0.2,0.2,24.8,115 Civic Parade, Altona VIC 3018,-37.8705,144.827,12.87,17.1
HOBSONS BAY,2012,333,,2.0,29,0.3,0.8,0.2,0.2,24.8,115 Civic Parade, Altona VIC 3018,-37.8705,144.827,12.87,17.1
HOBSONS BAY,2012,330,,2.0,29,0.3,0.8,0.2,0.2,24.8,115 Civic Parade, Altona VIC 3018,-37.8705,144.827,12.87,17.1
HOBSONS BAY,2013,340,,2.0,29,0.3,0.8,0.2,0.2,24.8,115 Civic Parade, Altona VIC 3018,-37.8705,144.827,12.87,17.1
HOBSONS BAY,2013,340,,2.0,29,0.3,0.8,0.2,0.2,24.8,115 Civic Parade, Altona VIC 3018,-37.8705,144.827,12.87,17.1
HOBSONS BAY,2013,330,,2.0,29,0.3,0.8,0.2,0.2,24.8,115 Civic Parade, Altona VIC 3018,-37.8705,144.827,12.87,17.1
HOBSONS BAY,2013,330,,2.0,29,0.3,0.8,0.2,0.2,24.8,115 Civic Parade, Altona VIC 3018,-37.8705,144.827,12.87,17.1
HOBSONS BAY,2014,340,,2.0,29,0.3,0.8,0.2,0.2,24.8,115 Civic Parade, Altona VIC 3018,-37.8705,144.827,12.87,17.1
HOBSONS BAY,2014,350,,2.0,29,0.3,0.8,0.2,0.2,24.8,115 Civic Parade, Altona VIC 3018,-37.8705,144.827,12.87,17.1
HOBSONS BAY,2014,350,,2.0,29,0.3,0.8,0.2,0.2,24.8,115 Civic Parade, Altona VIC 3018,-37.8705,144.827,12.87,17.1
HOBSONS BAY,2014,350,,2.0,29,0.3,0.8,0.2,0.2,24.8,115 Civic Parade, Altona VIC 3018,-37.8705,144.827,12.87,17.1
HOBSONS BAY,2015,360,,2.0,29,0.3,0.8,0.2,0.2,24.8,115 Civic Parade, Altona VIC 3018,-37.8705,144.827,12.87,17.1
HOBSONS BAY,2015,350,,2.0,29,0.3,0.8,0.2,0.2,24.8,115 Civic Parade, Altona VIC 3018,-37.8705,144.827,12.87,17.1
HOBSONS BAY,2015,370,,2.0,29,0.3,0.8,0.2,0.2,24.8,115 Civic Parade, Altona VIC 3018,-37.8705,144.827,12.87,17.1
HOBSONS BAY,2015,370,,2.0,29,0.3,0.8,0.2,0.2,24.8,115 Civic Parade, Altona VIC 3018,-37.8705,144.827,12.87,17.1
HOBSONS BAY,2016,380,6701.0,2.0,29,0.3,0.8,0.2,0.2,24.8,115 Civic Parade, Altona VIC 3018,-37.8705,144.827,12.87,17.1
HOBSONS BAY,2016,370,6701.0,2.0,29,0.3,0.8,0.2,0.2,24.8,115 Civic Parade, Altona VIC 3018,-37.8705,144.827,12.87,17.1
HOBSONS BAY,2016,380,6701.0,2.0,29,0.3,0.8,0.2,0.2,24.8,115 Civic Parade, Altona VIC 3018,-37.8705,144.827,12.87,17.1
HOBSONS BAY,2016,380,6701.0,2.0,29,0.3,0.8,0.2,0.2,24.8,115 Civic Parade, Altona VIC 3018,-37.8705,144.827,12.87,17.1
HOBSONS BAY,2017,390,6077.0,2.0,29,0.3,0.8,0.2,0.2,24.8,115 Civic Parade, Altona VIC 3018,-37.8705,144.827,12.87,17.1
HOBSONS BAY,2017,390,6077.0,2.0,29,0.3,0.8,0.2,0.2,24.8,115 Civic Parade, Altona VIC 3018,-37.8705,144.827,12.87,17.1
HOBSONS BAY,2017,400,6077.0,2.0,29,0.3,0.8,0.2,0.2,24.8,115 Civic Parade, Altona VIC 3018,-37.8705,144.827,12.87,17.1
HOBSONS BAY,2017,410,6077.0,2.0,29,0.3,0.8,0.2,0.2,24.8,115 Civic Parade, Altona VIC 3018,-37.8705,144.827,12.87,17.1
HOBSONS BAY,2018,420,6237.0,2.0,29,0.3,0.8,0.2,0.2,24.8,115 Civic Parade, Altona VIC 3018,-37.8705,144.827,12.87,17.1
HOBSONS BAY,2018,400,6237.0,2.0,29,0.3,0.8,0.2,0.2,24.8,115 Civic Parade, Altona VIC 3018,-37.8705,144.827,12.87,17.1
HOBSONS BAY,2018,410,6237.0,2.0,29,0.3,0.8,0.2,0.2,24.8,115 Civic Parade, Altona VIC 3018,-37.8705,144.827,12.87,17.1
HOBSONS BAY,2018,420,6237.0,2.0,29,0.3,0.8,0.2,0.2,24.8,115 Civic Parade, Altona VIC 3018,-37.8705,144.827,12.87,17.1
HOBSONS BAY,2019,410,6224.0,2.0,29,0.3,0.8,0.2,0.2,24.8,115 Civic Parade, Altona VIC 3018,-37.8705,144.827,12.87,17.1
HOBSONS BAY,2019,410,6224.0,2.0,29,0.3,0.8,0.2,0.2,24.8,115 Civic Parade, Altona VIC 3018,-37.8705,144.827,12.87,17.1
HOBSONS BAY,2019,420,6224.0,2.0,29,0.3,0.8,0.2,0.2,24.8,115 Civic Parade, Altona VIC 3018,-37.8705,144.827,12.87,17.1
HOBSONS BAY,2019,430,6224.0,2.0,29,0.3,0.8,0.2,0.2,24.8,115 Civic Parade, Altona VIC 3018,-37.8705,144.827,12.87,17.1
HOBSONS BAY,2020,435,5831.0,2.0,29,0.3,0.8,0.2,0.2,24.8,115 Civic Parade, Altona VIC 3018,-37.8705,144.827,12.87,17.1
HOBSONS BAY,2020,400,5831.0,2.0,29,0.3,0.8,0.2,0.2,24.8,115 Civic Parade, Altona VIC 3018,-37.8705,144.827,12.87,17.1
HOBSONS BAY,2020,410,5831.0,2.0,29,0.3,0.8,0.2,0.2,24.8,115 Civic Parade, Altona VIC 3018,-37.8705,144.827,12.87,17.1
HOBSONS BAY,2020,425,5831.0,2.0,29,0.3,0.8,0.2,0.2,24.8,115 Civic Parade, Altona VIC 3018,-37.8705,144.827,12.87,17.1
HOBSONS BAY,2021,415,5826.0,2.0,29,0.3,0.8,0.2,0.2,24.8,115 Civic Parade, Altona VIC 3018,-37.8705,144.827,12.87,17.1
HOBSONS BAY,2021,400,5826.0,2.0,29,0.3,0.8,0.2,0.2,24.8,115 Civic Parade, Altona VIC 3018,-37.8705,144.827,12.87,17.1
HOBSONS BAY,2021,400,5826.0,2.0,29,0.3,0.8,0.2,0.2,24.8,115 Civic Parade, Altona VIC 3018,-37.8705,144.827,12.87,17.1
HOBSONS BAY,2021,415,5826.0,2.0,29,0.3,0.8,0.2,0.2,24.8,115 Civic Parade, Altona VIC 3018,-37.8705,144.827,12.87,17.1
HOBSONS BAY,2022,420,5940.0,2.0,29,0.3,0.8,0.2,0.2,24.8,115 Civic Parade, Altona VIC 3018,-37.8705,144.827,12.87,17.1
HOBSONS BAY,2022,420,5940.0,2.0,29,0.3,0.8,0.2,0.2,24.8,115 Civic Parade, Altona VIC 3018,-37.8705,144.827,12.87,17.1
HOBSONS BAY,2022,439,5940.0,2.0,29,0.3,0.8,0.2,0.2,24.8,115 Civic Parade, Altona VIC 3018,-37.8705,144.827,12.87,17.1
HOBSONS BAY,2022,450,5940.0,2.0,29,0.3,0.8,0.2,0.2,24.8,115 Civic Parade, Altona VIC 3018,-37.8705,144.827,12.87,17.1
HOBSONS BAY,2023,460,5713.0,2.0,29,0.3,0.8,0.2,0.2,24.8,115 Civic Parade, Altona VIC 3018,-37.8705,144.827,12.87,17.1
HOBSONS BAY,2023,480,5713.0,2.0,29,0.3,0.8,0.2,0.2,24.8,115 Civic Parade, Altona VIC 3018,-37.8705,144.827,12.87,17.1
HOBSONS BAY,2023,490,5713.0,2.0,29,0.3,0.8,0.2,0.2,24.8,115 Civic Parade, Altona VIC 3018,-37.8705,144.827,12.87,17.1
HOBSONS BAY,2023,500,5713.0,2.0,29,0.3,0.8,0.2,0.2,24.8,115 Civic Parade, Altona VIC 3018,-37.8705,144.827,12.87,17.1
HOBSONS BAY,2024,555,7458.0,2.0,29,0.3,0.8,0.2,0.2,24.8,115 Civic Parade, Altona VIC 3018,-37.8705,144.827,12.87,17.1
HOBSONS BAY,2024,550,7458.0,2.0,29,0.3,0.8,0.2,0.2,24.8,115 Civic Parade, Altona VIC 3018,-37.8705,144.827,12.87,17.1
HOBSONS BAY,2024,575,7458.0,2.0,29,0.3,0.8,0.2,0.2,24.8,115 Civic Parade, Altona VIC 3018,-37.8705,144.827,12.87,17.1
HOBSONS BAY,2024,568,7458.0,2.0,29,0.3,0.8,0.2,0.2,24.8,115 Civic Parade, Altona VIC 3018,-37.8705,144.827,12.87,17.1
HOBSONS BAY,2025,565,7870.0,2.0,29,0.3,0.8,0.2,0.2,24.8,115 Civic Parade, Altona VIC 3018,-37.8705,144.827,12.87,17.1
HOBSONS BAY,2025,570,7870.0,2.0,29,0.3,0.8,0.2,0.2,24.8,115 Civic Parade, Altona VIC 3018,-37.8705,144.827,12.87,17.1
HOBSONS BAY,2025,580,7870.0,2.0,29,0.3,0.8,0.2,0.2,24.8,115 Civic Parade, Altona VIC 3018,-37.8705,144.827,12.87,17.1
HORSHAM,1999,115,,1.0,8,0.4,1.1,0.2,0.2,26.4,,,,,,
HORSHAM,1999,115,,1.0,8,0.4,1.1,0.2,0.2,26.4,,,,,,
HORSHAM,1999,120,,1.0,8,0.4,1.1,0.2,0.2,26.4,,,,,,
HORSHAM,2000,115,,1.0,8,0.4,1.1,0.2,0.2,26.4,,,,,,
HORSHAM,2000,125,,1.0,8,0.4,1.1,0.2,0.2,26.4,,,,,,
HORSHAM,2000,125,,1.0,8,0.4,1.1,0.2,0.2,26.4,,,,,,
HORSHAM,2000,125,,1.0,8,0.4,1.1,0.2,0.2,26.4,,,,,,
HORSHAM,2001,125,,1.0,8,0.4,1.1,0.2,0.2,26.4,,,,,,
HORSHAM,2001,130,,1.0,8,0.4,1.1,0.2,0.2,26.4,,,,,,
HORSHAM,2001,125,,1.0,8,0.4,1.1,0.2,0.2,26.4,,,,,,
HORSHAM,2001,125,,1.0,8,0.4,1.1,0.2,0.2,26.4,,,,,,
HORSHAM,2002,130,,1.0,8,0.4,1.1,0.2,0.2,26.4,,,,,,
HORSHAM,2002,135,,1.0,8,0.4,1.1,0.2,0.2,26.4,,,,,,
HORSHAM,2002,135,,1.0,8,0.4,1.1,0.2,0.2,26.4,,,,,,
HORSHAM,2002,135,,1.0,8,0.4,1.1,0.2,0.2,26.4,,,,,,
HORSHAM,2003,140,,1.0,8,0.4,1.1,0.2,0.2,26.4,,,,,,
HORSHAM,2003,150,,1.0,8,0.4,1.1,0.2,0.2,26.4,,,,,,
HORSHAM,2003,145,,1.0,8,0.4,1.1,0.2,0.2,26.4,,,,,,
HORSHAM,2003,145,,1.0,8,0.4,1.1,0.2,0.2,26.4,,,,,,
HORSHAM,2004,155,,1.0,8,0.4,1.1,0.2,0.2,26.4,,,,,,
HORSHAM,2004,150,,1.0,8,0.4,1.1,0.2,0.2,26.4,,,,,,
HORSHAM,2004,155,,1.0,8,0.4,1.1,0.2,0.2,26.4,,,,,,
HORSHAM,2004,160,,1.0,8,0.4,1.1,0.2,0.2,26.4,,,,,,
HORSHAM,2005,155,,1.0,8,0.4,1.1,0.2,0.2,26.4,,,,,,
HORSHAM,2005,150,,1.0,8,0.4,1.1,0.2,0.2,26.4,,,,,,
HORSHAM,2005,160,,1.0,8,0.4,1.1,0.2,0.2,26.4,,,,,,
HORSHAM,2005,160,,1.0,8,0.4,1.1,0.2,0.2,26.4,,,,,,
HORSHAM,2006,155,,1.0,8,0.4,1.1,0.2,0.2,26.4,,,,,,
HORSHAM,2006,160,,1.0,8,0.4,1.1,0.2,0.2,26.4,,,,,,
HORSHAM,2006,160,,1.0,8,0.4,1.1,0.2,0.2,26.4,,,,,,
HORSHAM,2006,165,,1.0,8,0.4,1.1,0.2,0.2,26.4,,,,,,
HORSHAM,2007,160,,1.0,8,0.4,1.1,0.2,0.2,26.4,,,,,,
HORSHAM,2007,160,,1.0,8,0.4,1.1,0.2,0.2,26.4,,,,,,
HORSHAM,2007,165,,1.0,8,0.4,1.1,0.2,0.2,26.4,,,,,,
HORSHAM,2007,170,,1.0,8,0.4,1.1,0.2,0.2,26.4,,,,,,
HORSHAM,2008,175,,1.0,8,0.4,1.1,0.2,0.2,26.4,,,,,,
HORSHAM,2008,170,,1.0,8,0.4,1.1,0.2,0.2,26.4,,,,,,
HORSHAM,2008,173,,1.0,8,0.4,1.1,0.2,0.2,26.4,,,,,,
HORSHAM,2008,175,,1.0,8,0.4,1.1,0.2,0.2,26.4,,,,,,
HORSHAM,2009,180,,1.0,8,0.4,1.1,0.2,0.2,26.4,,,,,,
HORSHAM,2009,185,,1.0,8,0.4,1.1,0.2,0.2,26.4,,,,,,
HORSHAM,2009,175,,1.0,8,0.4,1.1,0.2,0.2,26.4,,,,,,
HORSHAM,2009,180,,1.0,8,0.4,1.1,0.2,0.2,26.4,,,,,,
HORSHAM,2010,190,,1.0,8,0.4,1.1,0.2,0.2,26.4,,,,,,
HORSHAM,2010,190,,1.0,8,0.4,1.1,0.2,0.2,26.4,,,,,,
HORSHAM,2010,193,,1.0,8,0.4,1.1,0.2,0.2,26.4,,,,,,
HORSHAM,2010,190,,1.0,8,0.4,1.1,0.2,0.2,26.4,,,,,,
HORSHAM,2011,195,,1.0,8,0.4,1.1,0.2,0.2,26.4,,,,,,
HORSHAM,2011,220,,1.0,8,0.4,1.1,0.2,0.2,26.4,,,,,,
HORSHAM,2011,200,,1.0,8,0.4,1.1,0.2,0.2,26.4,,,,,,
HORSHAM,2011,210,,1.0,8,0.4,1.1,0.2,0.2,26.4,,,,,,
HORSHAM,2012,220,,1.0,8,0.4,1.1,0.2,0.2,26.4,,,,,,
HORSHAM,2012,220,,1.0,8,0.4,1.1,0.2,0.2,26.4,,,,,,
HORSHAM,2012,230,,1.0,8,0.4,1.1,0.2,0.2,26.4,,,,,,
HORSHAM,2012,222,,1.0,8,0.4,1.1,0.2,0.2,26.4,,,,,,
HORSHAM,2013,230,,1.0,8,0.4,1.1,0.2,0.2,26.4,,,,,,
HORSHAM,2013,235,,1.0,8,0.4,1.1,0.2,0.2,26.4,,,,,,
HORSHAM,2013,240,,1.0,8,0.4,1.1,0.2,0.2,26.4,,,,,,
HORSHAM,2013,230,,1.0,8,0.4,1.1,0.2,0.2,26.4,,,,,,
HORSHAM,2014,250,,1.0,8,0.4,1.1,0.2,0.2,26.4,,,,,,
HORSHAM,2014,230,,1.0,8,0.4,1.1,0.2,0.2,26.4,,,,,,
HORSHAM,2014,250,,1.0,8,0.4,1.1,0.2,0.2,26.4,,,,,,
HORSHAM,2014,250,,1.0,8,0.4,1.1,0.2,0.2,26.4,,,,,,
HORSHAM,2015,250,,1.0,8,0.4,1.1,0.2,0.2,26.4,,,,,,
HORSHAM,2015,250,,1.0,8,0.4,1.1,0.2,0.2,26.4,,,,,,
HORSHAM,2015,250,,1.0,8,0.4,1.1,0.2,0.2,26.4,,,,,,
HORSHAM,2015,250,,1.0,8,0.4,1.1,0.2,0.2,26.4,,,,,,
HORSHAM,2016,250,2824.0,1.0,8,0.4,1.1,0.2,0.2,26.4,,,,,,
HORSHAM,2016,250,2824.0,1.0,8,0.4,1.1,0.2,0.2,26.4,,,,,,
HORSHAM,2016,250,2824.0,1.0,8,0.4,1.1,0.2,0.2,26.4,,,,,,
HORSHAM,2016,255,2824.0,1.0,8,0.4,1.1,0.2,0.2,26.4,,,,,,
HORSHAM,2017,255,2393.0,1.0,8,0.4,1.1,0.2,0.2,26.4,,,,,,
HORSHAM,2017,260,2393.0,1.0,8,0.4,1.1,0.2,0.2,26.4,,,,,,
HORSHAM,2017,245,2393.0,1.0,8,0.4,1.1,0.2,0.2,26.4,,,,,,
HORSHAM,2017,275,2393.0,1.0,8,0.4,1.1,0.2,0.2,26.4,,,,,,
HORSHAM,2018,260,3020.0,1.0,8,0.4,1.1,0.2,0.2,26.4,,,,,,
HORSHAM,2018,270,3020.0,1.0,8,0.4,1.1,0.2,0.2,26.4,,,,,,
HORSHAM,2018,260,3020.0,1.0,8,0.4,1.1,0.2,0.2,26.4,,,,,,
HORSHAM,2018,270,3020.0,1.0,8,0.4,1.1,0.2,0.2,26.4,,,,,,
HORSHAM,2019,280,1953.0,1.0,8,0.4,1.1,0.2,0.2,26.4,,,,,,
HORSHAM,2019,275,1953.0,1.0,8,0.4,1.1,0.2,0.2,26.4,,,,,,
HORSHAM,2019,275,1953.0,1.0,8,0.4,1.1,0.2,0.2,26.4,,,,,,
HORSHAM,2019,270,1953.0,1.0,8,0.4,1.1,0.2,0.2,26.4,,,,,,
HORSHAM,2020,280,2477.0,1.0,8,0.4,1.1,0.2,0.2,26.4,,,,,,
HORSHAM,2020,280,2477.0,1.0,8,0.4,1.1,0.2,0.2,26.4,,,,,,
HORSHAM,2020,280,2477.0,1.0,8,0.4,1.1,0.2,0.2,26.4,,,,,,
HORSHAM,2020,298,2477.0,1.0,8,0.4,1.1,0.2,0.2,26.4,,,,,,
HORSHAM,2021,300,2420.0,1.0,8,0.4,1.1,0.2,0.2,26.4,,,,,,
HORSHAM,2021,330,2420.0,1.0,8,0.4,1.1,0.2,0.2,26.4,,,,,,
HORSHAM,2021,330,2420.0,1.0,8,0.4,1.1,0.2,0.2,26.4,,,,,,
HORSHAM,2021,330,2420.0,1.0,8,0.4,1.1,0.2,0.2,26.4,,,,,,
HORSHAM,2022,320,2384.0,1.0,8,0.4,1.1,0.2,0.2,26.4,,,,,,
HORSHAM,2022,350,2384.0,1.0,8,0.4,1.1,0.2,0.2,26.4,,,,,,
HORSHAM,2022,340,2384.0,1.0,8,0.4,1.1,0.2,0.2,26.4,,,,,,
HORSHAM,2022,340,2384.0,1.0,8,0.4,1.1,0.2,0.2,26.4,,,,,,
HORSHAM,2023,360,2757.0,1.0,8,0.4,1.1,0.2,0.2,26.4,,,,,,
HORSHAM,2023,360,2757.0,1.0,8,0.4,1.1,0.2,0.2,26.4,,,,,,
HORSHAM,2023,370,2757.0,1.0,8,0.4,1.1,0.2,0.2,26.4,,,,,,
HORSHAM,2023,350,2757.0,1.0,8,0.4,1.1,0.2,0.2,26.4,,,,,,
HORSHAM,2024,390,2444.0,1.0,8,0.4,1.1,0.2,0.2,26.4,,,,,,
HORSHAM,2024,380,2444.0,1.0,8,0.4,1.1,0.2,0.2,26.4,,,,,,
HORSHAM,2024,350,2444.0,1.0,8,0.4,1.1,0.2,0.2,26.4,,,,,,
HORSHAM,2024,370,2444.0,1.0,8,0.4,1.1,0.2,0.2,26.4,,,,,,
HORSHAM,2025,380,2646.0,1.0,8,0.4,1.1,0.2,0.2,26.4,,,,,,
HORSHAM,2025,400,2646.0,1.0,8,0.4,1.1,0.2,0.2,26.4,,,,,,
HORSHAM,2025,405,2646.0,1.0,8,0.4,1.1,0.2,0.2,26.4,,,,,,
HUME,1999,165,,7.0,72,0.2,0.4,0.1,0.1,25.2,1079 Pascoe Vale Road, Broadmeadows VIC 3047,-37.6808,144.9195,15.37,16.2
HUME,1999,170,,7.0,72,0.2,0.4,0.1,0.1,25.2,1079 Pascoe Vale Road, Broadmeadows VIC 3047,-37.6808,144.9195,15.37,16.2
HUME,1999,170,,7.0,72,0.2,0.4,0.1,0.1,25.2,1079 Pascoe Vale Road, Broadmeadows VIC 3047,-37.6808,144.9195,15.37,16.2
HUME,2000,170,,7.0,72,0.2,0.4,0.1,0.1,25.2,1079 Pascoe Vale Road, Broadmeadows VIC 3047,-37.6808,144.9195,15.37,16.2
HUME,2000,170,,7.0,72,0.2,0.4,0.1,0.1,25.2,1079 Pascoe Vale Road, Broadmeadows VIC 3047,-37.6808,144.9195,15.37,16.2
HUME,2000,175,,7.0,72,0.2,0.4,0.1,0.1,25.2,1079 Pascoe Vale Road, Broadmeadows VIC 3047,-37.6808,144.9195,15.37,16.2
HUME,2000,175,,7.0,72,0.2,0.4,0.1,0.1,25.2,1079 Pascoe Vale Road, Broadmeadows VIC 3047,-37.6808,144.9195,15.37,16.2
HUME,2001,175,,7.0,72,0.2,0.4,0.1,0.1,25.2,1079 Pascoe Vale Road, Broadmeadows VIC 3047,-37.6808,144.9195,15.37,16.2
HUME,2001,180,,7.0,72,0.2,0.4,0.1,0.1,25.2,1079 Pascoe Vale Road, Broadmeadows VIC 3047,-37.6808,144.9195,15.37,16.2
HUME,2001,180,,7.0,72,0.2,0.4,0.1,0.1,25.2,1079 Pascoe Vale Road, Broadmeadows VIC 3047,-37.6808,144.9195,15.37,16.2
HUME,2001,185,,7.0,72,0.2,0.4,0.1,0.1,25.2,1079 Pascoe Vale Road, Broadmeadows VIC 3047,-37.6808,144.9195,15.37,16.2
HUME,2002,185,,7.0,72,0.2,0.4,0.1,0.1,25.2,1079 Pascoe Vale Road, Broadmeadows VIC 3047,-37.6808,144.9195,15.37,16.2
HUME,2002,185,,7.0,72,0.2,0.4,0.1,0.1,25.2,1079 Pascoe Vale Road, Broadmeadows VIC 3047,-37.6808,144.9195,15.37,16.2
HUME,2002,190,,7.0,72,0.2,0.4,0.1,0.1,25.2,1079 Pascoe Vale Road, Broadmeadows VIC 3047,-37.6808,144.9195,15.37,16.2
HUME,2002,190,,7.0,72,0.2,0.4,0.1,0.1,25.2,1079 Pascoe Vale Road, Broadmeadows VIC 3047,-37.6808,144.9195,15.37,16.2
HUME,2003,190,,7.0,72,0.2,0.4,0.1,0.1,25.2,1079 Pascoe Vale Road, Broadmeadows VIC 3047,-37.6808,144.9195,15.37,16.2
HUME,2003,195,,7.0,72,0.2,0.4,0.1,0.1,25.2,1079 Pascoe Vale Road, Broadmeadows VIC 3047,-37.6808,144.9195,15.37,16.2
HUME,2003,195,,7.0,72,0.2,0.4,0.1,0.1,25.2,1079 Pascoe Vale Road, Broadmeadows VIC 3047,-37.6808,144.9195,15.37,16.2
HUME,2003,200,,7.0,72,0.2,0.4,0.1,0.1,25.2,1079 Pascoe Vale Road, Broadmeadows VIC 3047,-37.6808,144.9195,15.37,16.2
HUME,2004,200,,7.0,72,0.2,0.4,0.1,0.1,25.2,1079 Pascoe Vale Road, Broadmeadows VIC 3047,-37.6808,144.9195,15.37,16.2
HUME,2004,200,,7.0,72,0.2,0.4,0.1,0.1,25.2,1079 Pascoe Vale Road, Broadmeadows VIC 3047,-37.6808,144.9195,15.37,16.2
HUME,2004,200,,7.0,72,0.2,0.4,0.1,0.1,25.2,1079 Pascoe Vale Road, Broadmeadows VIC 3047,-37.6808,144.9195,15.37,16.2
HUME,2004,200,,7.0,72,0.2,0.4,0.1,0.1,25.2,1079 Pascoe Vale Road, Broadmeadows VIC 3047,-37.6808,144.9195,15.37,16.2
HUME,2005,200,,7.0,72,0.2,0.4,0.1,0.1,25.2,1079 Pascoe Vale Road, Broadmeadows VIC 3047,-37.6808,144.9195,15.37,16.2
HUME,2005,200,,7.0,72,0.2,0.4,0.1,0.1,25.2,1079 Pascoe Vale Road, Broadmeadows VIC 3047,-37.6808,144.9195,15.37,16.2
HUME,2005,200,,7.0,72,0.2,0.4,0.1,0.1,25.2,1079 Pascoe Vale Road, Broadmeadows VIC 3047,-37.6808,144.9195,15.37,16.2
HUME,2005,205,,7.0,72,0.2,0.4,0.1,0.1,25.2,1079 Pascoe Vale Road, Broadmeadows VIC 3047,-37.6808,144.9195,15.37,16.2
HUME,2006,210,,7.0,72,0.2,0.4,0.1,0.1,25.2,1079 Pascoe Vale Road, Broadmeadows VIC 3047,-37.6808,144.9195,15.37,16.2
HUME,2006,210,,7.0,72,0.2,0.4,0.1,0.1,25.2,1079 Pascoe Vale Road, Broadmeadows VIC 3047,-37.6808,144.9195,15.37,16.2
HUME,2006,210,,7.0,72,0.2,0.4,0.1,0.1,25.2,1079 Pascoe Vale Road, Broadmeadows VIC 3047,-37.6808,144.9195,15.37,16.2
HUME,2006,220,,7.0,72,0.2,0.4,0.1,0.1,25.2,1079 Pascoe Vale Road, Broadmeadows VIC 3047,-37.6808,144.9195,15.37,16.2
HUME,2007,220,,7.0,72,0.2,0.4,0.1,0.1,25.2,1079 Pascoe Vale Road, Broadmeadows VIC 3047,-37.6808,144.9195,15.37,16.2
HUME,2007,230,,7.0,72,0.2,0.4,0.1,0.1,25.2,1079 Pascoe Vale Road, Broadmeadows VIC 3047,-37.6808,144.9195,15.37,16.2
HUME,2007,230,,7.0,72,0.2,0.4,0.1,0.1,25.2,1079 Pascoe Vale Road, Broadmeadows VIC 3047,-37.6808,144.9195,15.37,16.2
HUME,2007,240,,7.0,72,0.2,0.4,0.1,0.1,25.2,1079 Pascoe Vale Road, Broadmeadows VIC 3047,-37.6808,144.9195,15.37,16.2
HUME,2008,250,,7.0,72,0.2,0.4,0.1,0.1,25.2,1079 Pascoe Vale Road, Broadmeadows VIC 3047,-37.6808,144.9195,15.37,16.2
HUME,2008,270,,7.0,72,0.2,0.4,0.1,0.1,25.2,1079 Pascoe Vale Road, Broadmeadows VIC 3047,-37.6808,144.9195,15.37,16.2
HUME,2008,280,,7.0,72,0.2,0.4,0.1,0.1,25.2,1079 Pascoe Vale Road, Broadmeadows VIC 3047,-37.6808,144.9195,15.37,16.2
HUME,2008,280,,7.0,72,0.2,0.4,0.1,0.1,25.2,1079 Pascoe Vale Road, Broadmeadows VIC 3047,-37.6808,144.9195,15.37,16.2
HUME,2009,290,,7.0,72,0.2,0.4,0.1,0.1,25.2,1079 Pascoe Vale Road, Broadmeadows VIC 3047,-37.6808,144.9195,15.37,16.2
HUME,2009,290,,7.0,72,0.2,0.4,0.1,0.1,25.2,1079 Pascoe Vale Road, Broadmeadows VIC 3047,-37.6808,144.9195,15.37,16.2
HUME,2009,295,,7.0,72,0.2,0.4,0.1,0.1,25.2,1079 Pascoe Vale Road, Broadmeadows VIC 3047,-37.6808,144.9195,15.37,16.2
HUME,2009,300,,7.0,72,0.2,0.4,0.1,0.1,25.2,1079 Pascoe Vale Road, Broadmeadows VIC 3047,-37.6808,144.9195,15.37,16.2
HUME,2010,300,,7.0,72,0.2,0.4,0.1,0.1,25.2,1079 Pascoe Vale Road, Broadmeadows VIC 3047,-37.6808,144.9195,15.37,16.2
HUME,2010,310,,7.0,72,0.2,0.4,0.1,0.1,25.2,1079 Pascoe Vale Road, Broadmeadows VIC 3047,-37.6808,144.9195,15.37,16.2
HUME,2010,310,,7.0,72,0.2,0.4,0.1,0.1,25.2,1079 Pascoe Vale Road, Broadmeadows VIC 3047,-37.6808,144.9195,15.37,16.2
HUME,2010,310,,7.0,72,0.2,0.4,0.1,0.1,25.2,1079 Pascoe Vale Road, Broadmeadows VIC 3047,-37.6808,144.9195,15.37,16.2
HUME,2011,320,,7.0,72,0.2,0.4,0.1,0.1,25.2,1079 Pascoe Vale Road, Broadmeadows VIC 3047,-37.6808,144.9195,15.37,16.2
HUME,2011,320,,7.0,72,0.2,0.4,0.1,0.1,25.2,1079 Pascoe Vale Road, Broadmeadows VIC 3047,-37.6808,144.9195,15.37,16.2
HUME,2011,320,,7.0,72,0.2,0.4,0.1,0.1,25.2,1079 Pascoe Vale Road, Broadmeadows VIC 3047,-37.6808,144.9195,15.37,16.2
HUME,2011,320,,7.0,72,0.2,0.4,0.1,0.1,25.2,1079 Pascoe Vale Road, Broadmeadows VIC 3047,-37.6808,144.9195,15.37,16.2
HUME,2012,320,,7.0,72,0.2,0.4,0.1,0.1,25.2,1079 Pascoe Vale Road, Broadmeadows VIC 3047,-37.6808,144.9195,15.37,16.2
HUME,2012,320,,7.0,72,0.2,0.4,0.1,0.1,25.2,1079 Pascoe Vale Road, Broadmeadows VIC 3047,-37.6808,144.9195,15.37,16.2
HUME,2012,320,,7.0,72,0.2,0.4,0.1,0.1,25.2,1079 Pascoe Vale Road, Broadmeadows VIC 3047,-37.6808,144.9195,15.37,16.2
HUME,2012,320,,7.0,72,0.2,0.4,0.1,0.1,25.2,1079 Pascoe Vale Road, Broadmeadows VIC 3047,-37.6808,144.9195,15.37,16.2
HUME,2013,315,,7.0,72,0.2,0.4,0.1,0.1,25.2,1079 Pascoe Vale Road, Broadmeadows VIC 3047,-37.6808,144.9195,15.37,16.2
HUME,2013,315,,7.0,72,0.2,0.4,0.1,0.1,25.2,1079 Pascoe Vale Road, Broadmeadows VIC 3047,-37.6808,144.9195,15.37,16.2
HUME,2013,320,,7.0,72,0.2,0.4,0.1,0.1,25.2,1079 Pascoe Vale Road, Broadmeadows VIC 3047,-37.6808,144.9195,15.37,16.2
HUME,2013,320,,7.0,72,0.2,0.4,0.1,0.1,25.2,1079 Pascoe Vale Road, Broadmeadows VIC 3047,-37.6808,144.9195,15.37,16.2
HUME,2014,325,,7.0,72,0.2,0.4,0.1,0.1,25.2,1079 Pascoe Vale Road, Broadmeadows VIC 3047,-37.6808,144.9195,15.37,16.2
HUME,2014,320,,7.0,72,0.2,0.4,0.1,0.1,25.2,1079 Pascoe Vale Road, Broadmeadows VIC 3047,-37.6808,144.9195,15.37,16.2
HUME,2014,330,,7.0,72,0.2,0.4,0.1,0.1,25.2,1079 Pascoe Vale Road, Broadmeadows VIC 3047,-37.6808,144.9195,15.37,16.2
HUME,2014,330,,7.0,72,0.2,0.4,0.1,0.1,25.2,1079 Pascoe Vale Road, Broadmeadows VIC 3047,-37.6808,144.9195,15.37,16.2
HUME,2015,325,,7.0,72,0.2,0.4,0.1,0.1,25.2,1079 Pascoe Vale Road, Broadmeadows VIC 3047,-37.6808,144.9195,15.37,16.2
HUME,2015,330,,7.0,72,0.2,0.4,0.1,0.1,25.2,1079 Pascoe Vale Road, Broadmeadows VIC 3047,-37.6808,144.9195,15.37,16.2
HUME,2015,330,,7.0,72,0.2,0.4,0.1,0.1,25.2,1079 Pascoe Vale Road, Broadmeadows VIC 3047,-37.6808,144.9195,15.37,16.2
HUME,2015,340,,7.0,72,0.2,0.4,0.1,0.1,25.2,1079 Pascoe Vale Road, Broadmeadows VIC 3047,-37.6808,144.9195,15.37,16.2
HUME,2016,340,23638.0,7.0,72,0.2,0.4,0.1,0.1,25.2,1079 Pascoe Vale Road, Broadmeadows VIC 3047,-37.6808,144.9195,15.37,16.2
HUME,2016,340,23638.0,7.0,72,0.2,0.4,0.1,0.1,25.2,1079 Pascoe Vale Road, Broadmeadows VIC 3047,-37.6808,144.9195,15.37,16.2
HUME,2016,340,23638.0,7.0,72,0.2,0.4,0.1,0.1,25.2,1079 Pascoe Vale Road, Broadmeadows VIC 3047,-37.6808,144.9195,15.37,16.2
HUME,2016,350,23638.0,7.0,72,0.2,0.4,0.1,0.1,25.2,1079 Pascoe Vale Road, Broadmeadows VIC 3047,-37.6808,144.9195,15.37,16.2
HUME,2017,350,20195.0,7.0,72,0.2,0.4,0.1,0.1,25.2,1079 Pascoe Vale Road, Broadmeadows VIC 3047,-37.6808,144.9195,15.37,16.2
HUME,2017,360,20195.0,7.0,72,0.2,0.4,0.1,0.1,25.2,1079 Pascoe Vale Road, Broadmeadows VIC 3047,-37.6808,144.9195,15.37,16.2
HUME,2017,360,20195.0,7.0,72,0.2,0.4,0.1,0.1,25.2,1079 Pascoe Vale Road, Broadmeadows VIC 3047,-37.6808,144.9195,15.37,16.2
HUME,2017,370,20195.0,7.0,72,0.2,0.4,0.1,0.1,25.2,1079 Pascoe Vale Road, Broadmeadows VIC 3047,-37.6808,144.9195,15.37,16.2
HUME,2018,370,20692.0,7.0,72,0.2,0.4,0.1,0.1,25.2,1079 Pascoe Vale Road, Broadmeadows VIC 3047,-37.6808,144.9195,15.37,16.2
HUME,2018,380,20692.0,7.0,72,0.2,0.4,0.1,0.1,25.2,1079 Pascoe Vale Road, Broadmeadows VIC 3047,-37.6808,144.9195,15.37,16.2
HUME,2018,380,20692.0,7.0,72,0.2,0.4,0.1,0.1,25.2,1079 Pascoe Vale Road, Broadmeadows VIC 3047,-37.6808,144.9195,15.37,16.2
HUME,2018,380,20692.0,7.0,72,0.2,0.4,0.1,0.1,25.2,1079 Pascoe Vale Road, Broadmeadows VIC 3047,-37.6808,144.9195,15.37,16.2
HUME,2019,380,21389.0,7.0,72,0.2,0.4,0.1,0.1,25.2,1079 Pascoe Vale Road, Broadmeadows VIC 3047,-37.6808,144.9195,15.37,16.2
HUME,2019,390,21389.0,7.0,72,0.2,0.4,0.1,0.1,25.2,1079 Pascoe Vale Road, Broadmeadows VIC 3047,-37.6808,144.9195,15.37,16.2
HUME,2019,385,21389.0,7.0,72,0.2,0.4,0.1,0.1,25.2,1079 Pascoe Vale Road, Broadmeadows VIC 3047,-37.6808,144.9195,15.37,16.2
HUME,2019,380,21389.0,7.0,72,0.2,0.4,0.1,0.1,25.2,1079 Pascoe Vale Road, Broadmeadows VIC 3047,-37.6808,144.9195,15.37,16.2
HUME,2020,390,21965.0,7.0,72,0.2,0.4,0.1,0.1,25.2,1079 Pascoe Vale Road, Broadmeadows VIC 3047,-37.6808,144.9195,15.37,16.2
HUME,2020,380,21965.0,7.0,72,0.2,0.4,0.1,0.1,25.2,1079 Pascoe Vale Road, Broadmeadows VIC 3047,-37.6808,144.9195,15.37,16.2
HUME,2020,385,21965.0,7.0,72,0.2,0.4,0.1,0.1,25.2,1079 Pascoe Vale Road, Broadmeadows VIC 3047,-37.6808,144.9195,15.37,16.2
HUME,2020,390,21965.0,7.0,72,0.2,0.4,0.1,0.1,25.2,1079 Pascoe Vale Road, Broadmeadows VIC 3047,-37.6808,144.9195,15.37,16.2
HUME,2021,385,17875.0,7.0,72,0.2,0.4,0.1,0.1,25.2,1079 Pascoe Vale Road, Broadmeadows VIC 3047,-37.6808,144.9195,15.37,16.2
HUME,2021,390,17875.0,7.0,72,0.2,0.4,0.1,0.1,25.2,1079 Pascoe Vale Road, Broadmeadows VIC 3047,-37.6808,144.9195,15.37,16.2
HUME,2021,390,17875.0,7.0,72,0.2,0.4,0.1,0.1,25.2,1079 Pascoe Vale Road, Broadmeadows VIC 3047,-37.6808,144.9195,15.37,16.2
HUME,2021,390,17875.0,7.0,72,0.2,0.4,0.1,0.1,25.2,1079 Pascoe Vale Road, Broadmeadows VIC 3047,-37.6808,144.9195,15.37,16.2
HUME,2022,400,18186.0,7.0,72,0.2,0.4,0.1,0.1,25.2,1079 Pascoe Vale Road, Broadmeadows VIC 3047,-37.6808,144.9195,15.37,16.2
HUME,2022,410,18186.0,7.0,72,0.2,0.4,0.1,0.1,25.2,1079 Pascoe Vale Road, Broadmeadows VIC 3047,-37.6808,144.9195,15.37,16.2
HUME,2022,418,18186.0,7.0,72,0.2,0.4,0.1,0.1,25.2,1079 Pascoe Vale Road, Broadmeadows VIC 3047,-37.6808,144.9195,15.37,16.2
HUME,2022,420,18186.0,7.0,72,0.2,0.4,0.1,0.1,25.2,1079 Pascoe Vale Road, Broadmeadows VIC 3047,-37.6808,144.9195,15.37,16.2
HUME,2023,430,18312.0,7.0,72,0.2,0.4,0.1,0.1,25.2,1079 Pascoe Vale Road, Broadmeadows VIC 3047,-37.6808,144.9195,15.37,16.2
HUME,2023,450,18312.0,7.0,72,0.2,0.4,0.1,0.1,25.2,1079 Pascoe Vale Road, Broadmeadows VIC 3047,-37.6808,144.9195,15.37,16.2
HUME,2023,470,18312.0,7.0,72,0.2,0.4,0.1,0.1,25.2,1079 Pascoe Vale Road, Broadmeadows VIC 3047,-37.6808,144.9195,15.37,16.2
HUME,2023,485,18312.0,7.0,72,0.2,0.4,0.1,0.1,25.2,1079 Pascoe Vale Road, Broadmeadows VIC 3047,-37.6808,144.9195,15.37,16.2
HUME,2024,500,21981.0,7.0,72,0.2,0.4,0.1,0.1,25.2,1079 Pascoe Vale Road, Broadmeadows VIC 3047,-37.6808,144.9195,15.37,16.2
HUME,2024,510,21981.0,7.0,72,0.2,0.4,0.1,0.1,25.2,1079 Pascoe Vale Road, Broadmeadows VIC 3047,-37.6808,144.9195,15.37,16.2
HUME,2024,520,21981.0,7.0,72,0.2,0.4,0.1,0.1,25.2,1079 Pascoe Vale Road, Broadmeadows VIC 3047,-37.6808,144.9195,15.37,16.2
HUME,2024,520,21981.0,7.0,72,0.2,0.4,0.1,0.1,25.2,1079 Pascoe Vale Road, Broadmeadows VIC 3047,-37.6808,144.9195,15.37,16.2
HUME,2025,520,23441.0,7.0,72,0.2,0.4,0.1,0.1,25.2,1079 Pascoe Vale Road, Broadmeadows VIC 3047,-37.6808,144.9195,15.37,16.2
HUME,2025,520,23441.0,7.0,72,0.2,0.4,0.1,0.1,25.2,1079 Pascoe Vale Road, Broadmeadows VIC 3047,-37.6808,144.9195,15.37,16.2
HUME,2025,525,23441.0,7.0,72,0.2,0.4,0.1,0.1,25.2,1079 Pascoe Vale Road, Broadmeadows VIC 3047,-37.6808,144.9195,15.37,16.2
INDIGO,1999,128,,1.0,17,0.3,0.6,,0.3,18.3,,,,,,
INDIGO,1999,130,,1.0,17,0.3,0.6,,0.3,18.3,,,,,,
INDIGO,1999,130,,1.0,17,0.3,0.6,,0.3,18.3,,,,,,
INDIGO,2000,130,,1.0,17,0.3,0.6,,0.3,18.3,,,,,,
INDIGO,2000,130,,1.0,17,0.3,0.6,,0.3,18.3,,,,,,
INDIGO,2000,130,,1.0,17,0.3,0.6,,0.3,18.3,,,,,,
INDIGO,2000,130,,1.0,17,0.3,0.6,,0.3,18.3,,,,,,
INDIGO,2001,130,,1.0,17,0.3,0.6,,0.3,18.3,,,,,,
INDIGO,2001,139,,1.0,17,0.3,0.6,,0.3,18.3,,,,,,
INDIGO,2001,130,,1.0,17,0.3,0.6,,0.3,18.3,,,,,,
INDIGO,2001,138,,1.0,17,0.3,0.6,,0.3,18.3,,,,,,
INDIGO,2002,135,,1.0,17,0.3,0.6,,0.3,18.3,,,,,,
INDIGO,2002,135,,1.0,17,0.3,0.6,,0.3,18.3,,,,,,
INDIGO,2002,140,,1.0,17,0.3,0.6,,0.3,18.3,,,,,,
INDIGO,2002,150,,1.0,17,0.3,0.6,,0.3,18.3,,,,,,
INDIGO,2003,140,,1.0,17,0.3,0.6,,0.3,18.3,,,,,,
INDIGO,2003,143,,1.0,17,0.3,0.6,,0.3,18.3,,,,,,
INDIGO,2003,148,,1.0,17,0.3,0.6,,0.3,18.3,,,,,,
INDIGO,2003,160,,1.0,17,0.3,0.6,,0.3,18.3,,,,,,
INDIGO,2004,155,,1.0,17,0.3,0.6,,0.3,18.3,,,,,,
INDIGO,2004,160,,1.0,17,0.3,0.6,,0.3,18.3,,,,,,
INDIGO,2004,155,,1.0,17,0.3,0.6,,0.3,18.3,,,,,,
INDIGO,2004,170,,1.0,17,0.3,0.6,,0.3,18.3,,,,,,
INDIGO,2005,178,,1.0,17,0.3,0.6,,0.3,18.3,,,,,,
INDIGO,2005,163,,1.0,17,0.3,0.6,,0.3,18.3,,,,,,
INDIGO,2005,185,,1.0,17,0.3,0.6,,0.3,18.3,,,,,,
INDIGO,2005,185,,1.0,17,0.3,0.6,,0.3,18.3,,,,,,
INDIGO,2006,190,,1.0,17,0.3,0.6,,0.3,18.3,,,,,,
INDIGO,2006,180,,1.0,17,0.3,0.6,,0.3,18.3,,,,,,
INDIGO,2006,190,,1.0,17,0.3,0.6,,0.3,18.3,,,,,,
INDIGO,2006,195,,1.0,17,0.3,0.6,,0.3,18.3,,,,,,
INDIGO,2007,180,,1.0,17,0.3,0.6,,0.3,18.3,,,,,,
INDIGO,2007,200,,1.0,17,0.3,0.6,,0.3,18.3,,,,,,
INDIGO,2007,220,,1.0,17,0.3,0.6,,0.3,18.3,,,,,,
INDIGO,2007,200,,1.0,17,0.3,0.6,,0.3,18.3,,,,,,
INDIGO,2008,205,,1.0,17,0.3,0.6,,0.3,18.3,,,,,,
INDIGO,2008,210,,1.0,17,0.3,0.6,,0.3,18.3,,,,,,
INDIGO,2008,205,,1.0,17,0.3,0.6,,0.3,18.3,,,,,,
INDIGO,2008,220,,1.0,17,0.3,0.6,,0.3,18.3,,,,,,
INDIGO,2009,200,,1.0,17,0.3,0.6,,0.3,18.3,,,,,,
INDIGO,2009,200,,1.0,17,0.3,0.6,,0.3,18.3,,,,,,
INDIGO,2009,190,,1.0,17,0.3,0.6,,0.3,18.3,,,,,,
INDIGO,2009,230,,1.0,17,0.3,0.6,,0.3,18.3,,,,,,
INDIGO,2010,200,,1.0,17,0.3,0.6,,0.3,18.3,,,,,,
INDIGO,2010,230,,1.0,17,0.3,0.6,,0.3,18.3,,,,,,
INDIGO,2010,230,,1.0,17,0.3,0.6,,0.3,18.3,,,,,,
INDIGO,2010,220,,1.0,17,0.3,0.6,,0.3,18.3,,,,,,
INDIGO,2011,240,,1.0,17,0.3,0.6,,0.3,18.3,,,,,,
INDIGO,2011,248,,1.0,17,0.3,0.6,,0.3,18.3,,,,,,
INDIGO,2011,230,,1.0,17,0.3,0.6,,0.3,18.3,,,,,,
INDIGO,2011,250,,1.0,17,0.3,0.6,,0.3,18.3,,,,,,
INDIGO,2012,245,,1.0,17,0.3,0.6,,0.3,18.3,,,,,,
INDIGO,2012,240,,1.0,17,0.3,0.6,,0.3,18.3,,,,,,
INDIGO,2012,215,,1.0,17,0.3,0.6,,0.3,18.3,,,,,,
INDIGO,2012,238,,1.0,17,0.3,0.6,,0.3,18.3,,,,,,
INDIGO,2013,250,,1.0,17,0.3,0.6,,0.3,18.3,,,,,,
INDIGO,2013,240,,1.0,17,0.3,0.6,,0.3,18.3,,,,,,
INDIGO,2013,250,,1.0,17,0.3,0.6,,0.3,18.3,,,,,,
INDIGO,2013,255,,1.0,17,0.3,0.6,,0.3,18.3,,,,,,
INDIGO,2014,250,,1.0,17,0.3,0.6,,0.3,18.3,,,,,,
INDIGO,2014,250,,1.0,17,0.3,0.6,,0.3,18.3,,,,,,
INDIGO,2014,260,,1.0,17,0.3,0.6,,0.3,18.3,,,,,,
INDIGO,2014,270,,1.0,17,0.3,0.6,,0.3,18.3,,,,,,
INDIGO,2015,260,,1.0,17,0.3,0.6,,0.3,18.3,,,,,,
INDIGO,2015,270,,1.0,17,0.3,0.6,,0.3,18.3,,,,,,
INDIGO,2015,250,,1.0,17,0.3,0.6,,0.3,18.3,,,,,,
INDIGO,2015,270,,1.0,17,0.3,0.6,,0.3,18.3,,,,,,
INDIGO,2016,280,395.0,1.0,17,0.3,0.6,,0.3,18.3,,,,,,
INDIGO,2016,280,395.0,1.0,17,0.3,0.6,,0.3,18.3,,,,,,
INDIGO,2016,270,395.0,1.0,17,0.3,0.6,,0.3,18.3,,,,,,
INDIGO,2016,280,395.0,1.0,17,0.3,0.6,,0.3,18.3,,,,,,
INDIGO,2017,280,490.0,1.0,17,0.3,0.6,,0.3,18.3,,,,,,
INDIGO,2017,308,490.0,1.0,17,0.3,0.6,,0.3,18.3,,,,,,
INDIGO,2017,280,490.0,1.0,17,0.3,0.6,,0.3,18.3,,,,,,
INDIGO,2017,280,490.0,1.0,17,0.3,0.6,,0.3,18.3,,,,,,
INDIGO,2018,300,451.0,1.0,17,0.3,0.6,,0.3,18.3,,,,,,
INDIGO,2018,290,451.0,1.0,17,0.3,0.6,,0.3,18.3,,,,,,
INDIGO,2018,285,451.0,1.0,17,0.3,0.6,,0.3,18.3,,,,,,
INDIGO,2018,310,451.0,1.0,17,0.3,0.6,,0.3,18.3,,,,,,
INDIGO,2019,305,600.0,1.0,17,0.3,0.6,,0.3,18.3,,,,,,
INDIGO,2019,295,600.0,1.0,17,0.3,0.6,,0.3,18.3,,,,,,
INDIGO,2019,320,600.0,1.0,17,0.3,0.6,,0.3,18.3,,,,,,
INDIGO,2019,328,600.0,1.0,17,0.3,0.6,,0.3,18.3,,,,,,
INDIGO,2020,320,576.0,1.0,17,0.3,0.6,,0.3,18.3,,,,,,
INDIGO,2020,305,576.0,1.0,17,0.3,0.6,,0.3,18.3,,,,,,
INDIGO,2020,330,576.0,1.0,17,0.3,0.6,,0.3,18.3,,,,,,
INDIGO,2020,310,576.0,1.0,17,0.3,0.6,,0.3,18.3,,,,,,
INDIGO,2021,350,612.0,1.0,17,0.3,0.6,,0.3,18.3,,,,,,
INDIGO,2021,350,612.0,1.0,17,0.3,0.6,,0.3,18.3,,,,,,
INDIGO,2021,360,612.0,1.0,17,0.3,0.6,,0.3,18.3,,,,,,
INDIGO,2021,380,612.0,1.0,17,0.3,0.6,,0.3,18.3,,,,,,
INDIGO,2022,350,730.0,1.0,17,0.3,0.6,,0.3,18.3,,,,,,
INDIGO,2022,400,730.0,1.0,17,0.3,0.6,,0.3,18.3,,,,,,
INDIGO,2022,400,730.0,1.0,17,0.3,0.6,,0.3,18.3,,,,,,
INDIGO,2022,400,730.0,1.0,17,0.3,0.6,,0.3,18.3,,,,,,
INDIGO,2023,405,647.0,1.0,17,0.3,0.6,,0.3,18.3,,,,,,
INDIGO,2023,450,647.0,1.0,17,0.3,0.6,,0.3,18.3,,,,,,
INDIGO,2023,400,647.0,1.0,17,0.3,0.6,,0.3,18.3,,,,,,
INDIGO,2023,440,647.0,1.0,17,0.3,0.6,,0.3,18.3,,,,,,
INDIGO,2024,473,662.0,1.0,17,0.3,0.6,,0.3,18.3,,,,,,
INDIGO,2024,460,662.0,1.0,17,0.3,0.6,,0.3,18.3,,,,,,
INDIGO,2024,420,662.0,1.0,17,0.3,0.6,,0.3,18.3,,,,,,
INDIGO,2024,455,662.0,1.0,17,0.3,0.6,,0.3,18.3,,,,,,
INDIGO,2025,480,598.0,1.0,17,0.3,0.6,,0.3,18.3,,,,,,
INDIGO,2025,450,598.0,1.0,17,0.3,0.6,,0.3,18.3,,,,,,
INDIGO,2025,480,598.0,1.0,17,0.3,0.6,,0.3,18.3,,,,,,
KINGSTON,1999,165,,4.0,45,0.2,0.5,0.2,0.1,26.7,1230 Nepean Hwy, Cheltenham VIC 3192,-37.9661,145.0547,18.71,20.3
KINGSTON,1999,165,,4.0,45,0.2,0.5,0.2,0.1,26.7,1230 Nepean Hwy, Cheltenham VIC 3192,-37.9661,145.0547,18.71,20.3
KINGSTON,1999,175,,4.0,45,0.2,0.5,0.2,0.1,26.7,1230 Nepean Hwy, Cheltenham VIC 3192,-37.9661,145.0547,18.71,20.3
KINGSTON,2000,170,,4.0,45,0.2,0.5,0.2,0.1,26.7,1230 Nepean Hwy, Cheltenham VIC 3192,-37.9661,145.0547,18.71,20.3
KINGSTON,2000,170,,4.0,45,0.2,0.5,0.2,0.1,26.7,1230 Nepean Hwy, Cheltenham VIC 3192,-37.9661,145.0547,18.71,20.3
KINGSTON,2000,180,,4.0,45,0.2,0.5,0.2,0.1,26.7,1230 Nepean Hwy, Cheltenham VIC 3192,-37.9661,145.0547,18.71,20.3
KINGSTON,2000,180,,4.0,45,0.2,0.5,0.2,0.1,26.7,1230 Nepean Hwy, Cheltenham VIC 3192,-37.9661,145.0547,18.71,20.3
KINGSTON,2001,180,,4.0,45,0.2,0.5,0.2,0.1,26.7,1230 Nepean Hwy, Cheltenham VIC 3192,-37.9661,145.0547,18.71,20.3
KINGSTON,2001,180,,4.0,45,0.2,0.5,0.2,0.1,26.7,1230 Nepean Hwy, Cheltenham VIC 3192,-37.9661,145.0547,18.71,20.3
KINGSTON,2001,185,,4.0,45,0.2,0.5,0.2,0.1,26.7,1230 Nepean Hwy, Cheltenham VIC 3192,-37.9661,145.0547,18.71,20.3
KINGSTON,2001,190,,4.0,45,0.2,0.5,0.2,0.1,26.7,1230 Nepean Hwy, Cheltenham VIC 3192,-37.9661,145.0547,18.71,20.3
KINGSTON,2002,195,,4.0,45,0.2,0.5,0.2,0.1,26.7,1230 Nepean Hwy, Cheltenham VIC 3192,-37.9661,145.0547,18.71,20.3
KINGSTON,2002,190,,4.0,45,0.2,0.5,0.2,0.1,26.7,1230 Nepean Hwy, Cheltenham VIC 3192,-37.9661,145.0547,18.71,20.3
KINGSTON,2002,195,,4.0,45,0.2,0.5,0.2,0.1,26.7,1230 Nepean Hwy, Cheltenham VIC 3192,-37.9661,145.0547,18.71,20.3
KINGSTON,2002,200,,4.0,45,0.2,0.5,0.2,0.1,26.7,1230 Nepean Hwy, Cheltenham VIC 3192,-37.9661,145.0547,18.71,20.3
KINGSTON,2003,200,,4.0,45,0.2,0.5,0.2,0.1,26.7,1230 Nepean Hwy, Cheltenham VIC 3192,-37.9661,145.0547,18.71,20.3
KINGSTON,2003,195,,4.0,45,0.2,0.5,0.2,0.1,26.7,1230 Nepean Hwy, Cheltenham VIC 3192,-37.9661,145.0547,18.71,20.3
KINGSTON,2003,200,,4.0,45,0.2,0.5,0.2,0.1,26.7,1230 Nepean Hwy, Cheltenham VIC 3192,-37.9661,145.0547,18.71,20.3
KINGSTON,2003,200,,4.0,45,0.2,0.5,0.2,0.1,26.7,1230 Nepean Hwy, Cheltenham VIC 3192,-37.9661,145.0547,18.71,20.3
KINGSTON,2004,200,,4.0,45,0.2,0.5,0.2,0.1,26.7,1230 Nepean Hwy, Cheltenham VIC 3192,-37.9661,145.0547,18.71,20.3
KINGSTON,2004,200,,4.0,45,0.2,0.5,0.2,0.1,26.7,1230 Nepean Hwy, Cheltenham VIC 3192,-37.9661,145.0547,18.71,20.3
KINGSTON,2004,205,,4.0,45,0.2,0.5,0.2,0.1,26.7,1230 Nepean Hwy, Cheltenham VIC 3192,-37.9661,145.0547,18.71,20.3
KINGSTON,2004,220,,4.0,45,0.2,0.5,0.2,0.1,26.7,1230 Nepean Hwy, Cheltenham VIC 3192,-37.9661,145.0547,18.71,20.3
KINGSTON,2005,210,,4.0,45,0.2,0.5,0.2,0.1,26.7,1230 Nepean Hwy, Cheltenham VIC 3192,-37.9661,145.0547,18.71,20.3
KINGSTON,2005,210,,4.0,45,0.2,0.5,0.2,0.1,26.7,1230 Nepean Hwy, Cheltenham VIC 3192,-37.9661,145.0547,18.71,20.3
KINGSTON,2005,220,,4.0,45,0.2,0.5,0.2,0.1,26.7,1230 Nepean Hwy, Cheltenham VIC 3192,-37.9661,145.0547,18.71,20.3
KINGSTON,2005,220,,4.0,45,0.2,0.5,0.2,0.1,26.7,1230 Nepean Hwy, Cheltenham VIC 3192,-37.9661,145.0547,18.71,20.3
KINGSTON,2006,225,,4.0,45,0.2,0.5,0.2,0.1,26.7,1230 Nepean Hwy, Cheltenham VIC 3192,-37.9661,145.0547,18.71,20.3
KINGSTON,2006,230,,4.0,45,0.2,0.5,0.2,0.1,26.7,1230 Nepean Hwy, Cheltenham VIC 3192,-37.9661,145.0547,18.71,20.3
KINGSTON,2006,240,,4.0,45,0.2,0.5,0.2,0.1,26.7,1230 Nepean Hwy, Cheltenham VIC 3192,-37.9661,145.0547,18.71,20.3
KINGSTON,2006,240,,4.0,45,0.2,0.5,0.2,0.1,26.7,1230 Nepean Hwy, Cheltenham VIC 3192,-37.9661,145.0547,18.71,20.3
KINGSTON,2007,250,,4.0,45,0.2,0.5,0.2,0.1,26.7,1230 Nepean Hwy, Cheltenham VIC 3192,-37.9661,145.0547,18.71,20.3
KINGSTON,2007,250,,4.0,45,0.2,0.5,0.2,0.1,26.7,1230 Nepean Hwy, Cheltenham VIC 3192,-37.9661,145.0547,18.71,20.3
KINGSTON,2007,265,,4.0,45,0.2,0.5,0.2,0.1,26.7,1230 Nepean Hwy, Cheltenham VIC 3192,-37.9661,145.0547,18.71,20.3
KINGSTON,2007,280,,4.0,45,0.2,0.5,0.2,0.1,26.7,1230 Nepean Hwy, Cheltenham VIC 3192,-37.9661,145.0547,18.71,20.3
KINGSTON,2008,285,,4.0,45,0.2,0.5,0.2,0.1,26.7,1230 Nepean Hwy, Cheltenham VIC 3192,-37.9661,145.0547,18.71,20.3
KINGSTON,2008,290,,4.0,45,0.2,0.5,0.2,0.1,26.7,1230 Nepean Hwy, Cheltenham VIC 3192,-37.9661,145.0547,18.71,20.3
KINGSTON,2008,300,,4.0,45,0.2,0.5,0.2,0.1,26.7,1230 Nepean Hwy, Cheltenham VIC 3192,-37.9661,145.0547,18.71,20.3
KINGSTON,2008,300,,4.0,45,0.2,0.5,0.2,0.1,26.7,1230 Nepean Hwy, Cheltenham VIC 3192,-37.9661,145.0547,18.71,20.3
KINGSTON,2009,300,,4.0,45,0.2,0.5,0.2,0.1,26.7,1230 Nepean Hwy, Cheltenham VIC 3192,-37.9661,145.0547,18.71,20.3
KINGSTON,2009,310,,4.0,45,0.2,0.5,0.2,0.1,26.7,1230 Nepean Hwy, Cheltenham VIC 3192,-37.9661,145.0547,18.71,20.3
KINGSTON,2009,315,,4.0,45,0.2,0.5,0.2,0.1,26.7,1230 Nepean Hwy, Cheltenham VIC 3192,-37.9661,145.0547,18.71,20.3
KINGSTON,2009,320,,4.0,45,0.2,0.5,0.2,0.1,26.7,1230 Nepean Hwy, Cheltenham VIC 3192,-37.9661,145.0547,18.71,20.3
KINGSTON,2010,325,,4.0,45,0.2,0.5,0.2,0.1,26.7,1230 Nepean Hwy, Cheltenham VIC 3192,-37.9661,145.0547,18.71,20.3
KINGSTON,2010,330,,4.0,45,0.2,0.5,0.2,0.1,26.7,1230 Nepean Hwy, Cheltenham VIC 3192,-37.9661,145.0547,18.71,20.3
KINGSTON,2010,340,,4.0,45,0.2,0.5,0.2,0.1,26.7,1230 Nepean Hwy, Cheltenham VIC 3192,-37.9661,145.0547,18.71,20.3
KINGSTON,2010,340,,4.0,45,0.2,0.5,0.2,0.1,26.7,1230 Nepean Hwy, Cheltenham VIC 3192,-37.9661,145.0547,18.71,20.3
KINGSTON,2011,345,,4.0,45,0.2,0.5,0.2,0.1,26.7,1230 Nepean Hwy, Cheltenham VIC 3192,-37.9661,145.0547,18.71,20.3
KINGSTON,2011,350,,4.0,45,0.2,0.5,0.2,0.1,26.7,1230 Nepean Hwy, Cheltenham VIC 3192,-37.9661,145.0547,18.71,20.3
KINGSTON,2011,350,,4.0,45,0.2,0.5,0.2,0.1,26.7,1230 Nepean Hwy, Cheltenham VIC 3192,-37.9661,145.0547,18.71,20.3
KINGSTON,2011,350,,4.0,45,0.2,0.5,0.2,0.1,26.7,1230 Nepean Hwy, Cheltenham VIC 3192,-37.9661,145.0547,18.71,20.3
KINGSTON,2012,350,,4.0,45,0.2,0.5,0.2,0.1,26.7,1230 Nepean Hwy, Cheltenham VIC 3192,-37.9661,145.0547,18.71,20.3
KINGSTON,2012,350,,4.0,45,0.2,0.5,0.2,0.1,26.7,1230 Nepean Hwy, Cheltenham VIC 3192,-37.9661,145.0547,18.71,20.3
KINGSTON,2012,350,,4.0,45,0.2,0.5,0.2,0.1,26.7,1230 Nepean Hwy, Cheltenham VIC 3192,-37.9661,145.0547,18.71,20.3
KINGSTON,2012,360,,4.0,45,0.2,0.5,0.2,0.1,26.7,1230 Nepean Hwy, Cheltenham VIC 3192,-37.9661,145.0547,18.71,20.3
KINGSTON,2013,350,,4.0,45,0.2,0.5,0.2,0.1,26.7,1230 Nepean Hwy, Cheltenham VIC 3192,-37.9661,145.0547,18.71,20.3
KINGSTON,2013,350,,4.0,45,0.2,0.5,0.2,0.1,26.7,1230 Nepean Hwy, Cheltenham VIC 3192,-37.9661,145.0547,18.71,20.3
KINGSTON,2013,350,,4.0,45,0.2,0.5,0.2,0.1,26.7,1230 Nepean Hwy, Cheltenham VIC 3192,-37.9661,145.0547,18.71,20.3
KINGSTON,2013,360,,4.0,45,0.2,0.5,0.2,0.1,26.7,1230 Nepean Hwy, Cheltenham VIC 3192,-37.9661,145.0547,18.71,20.3
KINGSTON,2014,360,,4.0,45,0.2,0.5,0.2,0.1,26.7,1230 Nepean Hwy, Cheltenham VIC 3192,-37.9661,145.0547,18.71,20.3
KINGSTON,2014,370,,4.0,45,0.2,0.5,0.2,0.1,26.7,1230 Nepean Hwy, Cheltenham VIC 3192,-37.9661,145.0547,18.71,20.3
KINGSTON,2014,370,,4.0,45,0.2,0.5,0.2,0.1,26.7,1230 Nepean Hwy, Cheltenham VIC 3192,-37.9661,145.0547,18.71,20.3
KINGSTON,2014,370,,4.0,45,0.2,0.5,0.2,0.1,26.7,1230 Nepean Hwy, Cheltenham VIC 3192,-37.9661,145.0547,18.71,20.3
KINGSTON,2015,380,,4.0,45,0.2,0.5,0.2,0.1,26.7,1230 Nepean Hwy, Cheltenham VIC 3192,-37.9661,145.0547,18.71,20.3
KINGSTON,2015,375,,4.0,45,0.2,0.5,0.2,0.1,26.7,1230 Nepean Hwy, Cheltenham VIC 3192,-37.9661,145.0547,18.71,20.3
KINGSTON,2015,375,,4.0,45,0.2,0.5,0.2,0.1,26.7,1230 Nepean Hwy, Cheltenham VIC 3192,-37.9661,145.0547,18.71,20.3
KINGSTON,2015,380,,4.0,45,0.2,0.5,0.2,0.1,26.7,1230 Nepean Hwy, Cheltenham VIC 3192,-37.9661,145.0547,18.71,20.3
KINGSTON,2016,390,11592.0,4.0,45,0.2,0.5,0.2,0.1,26.7,1230 Nepean Hwy, Cheltenham VIC 3192,-37.9661,145.0547,18.71,20.3
KINGSTON,2016,380,11592.0,4.0,45,0.2,0.5,0.2,0.1,26.7,1230 Nepean Hwy, Cheltenham VIC 3192,-37.9661,145.0547,18.71,20.3
KINGSTON,2016,400,11592.0,4.0,45,0.2,0.5,0.2,0.1,26.7,1230 Nepean Hwy, Cheltenham VIC 3192,-37.9661,145.0547,18.71,20.3
KINGSTON,2016,400,11592.0,4.0,45,0.2,0.5,0.2,0.1,26.7,1230 Nepean Hwy, Cheltenham VIC 3192,-37.9661,145.0547,18.71,20.3
KINGSTON,2017,400,10724.0,4.0,45,0.2,0.5,0.2,0.1,26.7,1230 Nepean Hwy, Cheltenham VIC 3192,-37.9661,145.0547,18.71,20.3
KINGSTON,2017,400,10724.0,4.0,45,0.2,0.5,0.2,0.1,26.7,1230 Nepean Hwy, Cheltenham VIC 3192,-37.9661,145.0547,18.71,20.3
KINGSTON,2017,420,10724.0,4.0,45,0.2,0.5,0.2,0.1,26.7,1230 Nepean Hwy, Cheltenham VIC 3192,-37.9661,145.0547,18.71,20.3
KINGSTON,2017,410,10724.0,4.0,45,0.2,0.5,0.2,0.1,26.7,1230 Nepean Hwy, Cheltenham VIC 3192,-37.9661,145.0547,18.71,20.3
KINGSTON,2018,420,11028.0,4.0,45,0.2,0.5,0.2,0.1,26.7,1230 Nepean Hwy, Cheltenham VIC 3192,-37.9661,145.0547,18.71,20.3
KINGSTON,2018,420,11028.0,4.0,45,0.2,0.5,0.2,0.1,26.7,1230 Nepean Hwy, Cheltenham VIC 3192,-37.9661,145.0547,18.71,20.3
KINGSTON,2018,420,11028.0,4.0,45,0.2,0.5,0.2,0.1,26.7,1230 Nepean Hwy, Cheltenham VIC 3192,-37.9661,145.0547,18.71,20.3
KINGSTON,2018,430,11028.0,4.0,45,0.2,0.5,0.2,0.1,26.7,1230 Nepean Hwy, Cheltenham VIC 3192,-37.9661,145.0547,18.71,20.3
KINGSTON,2019,430,12139.0,4.0,45,0.2,0.5,0.2,0.1,26.7,1230 Nepean Hwy, Cheltenham VIC 3192,-37.9661,145.0547,18.71,20.3
KINGSTON,2019,430,12139.0,4.0,45,0.2,0.5,0.2,0.1,26.7,1230 Nepean Hwy, Cheltenham VIC 3192,-37.9661,145.0547,18.71,20.3
KINGSTON,2019,428,12139.0,4.0,45,0.2,0.5,0.2,0.1,26.7,1230 Nepean Hwy, Cheltenham VIC 3192,-37.9661,145.0547,18.71,20.3
KINGSTON,2019,430,12139.0,4.0,45,0.2,0.5,0.2,0.1,26.7,1230 Nepean Hwy, Cheltenham VIC 3192,-37.9661,145.0547,18.71,20.3
KINGSTON,2020,440,11651.0,4.0,45,0.2,0.5,0.2,0.1,26.7,1230 Nepean Hwy, Cheltenham VIC 3192,-37.9661,145.0547,18.71,20.3
KINGSTON,2020,430,11651.0,4.0,45,0.2,0.5,0.2,0.1,26.7,1230 Nepean Hwy, Cheltenham VIC 3192,-37.9661,145.0547,18.71,20.3
KINGSTON,2020,430,11651.0,4.0,45,0.2,0.5,0.2,0.1,26.7,1230 Nepean Hwy, Cheltenham VIC 3192,-37.9661,145.0547,18.71,20.3
KINGSTON,2020,425,11651.0,4.0,45,0.2,0.5,0.2,0.1,26.7,1230 Nepean Hwy, Cheltenham VIC 3192,-37.9661,145.0547,18.71,20.3
KINGSTON,2021,420,9624.0,4.0,45,0.2,0.5,0.2,0.1,26.7,1230 Nepean Hwy, Cheltenham VIC 3192,-37.9661,145.0547,18.71,20.3
KINGSTON,2021,425,9624.0,4.0,45,0.2,0.5,0.2,0.1,26.7,1230 Nepean Hwy, Cheltenham VIC 3192,-37.9661,145.0547,18.71,20.3
KINGSTON,2021,430,9624.0,4.0,45,0.2,0.5,0.2,0.1,26.7,1230 Nepean Hwy, Cheltenham VIC 3192,-37.9661,145.0547,18.71,20.3
KINGSTON,2021,430,9624.0,4.0,45,0.2,0.5,0.2,0.1,26.7,1230 Nepean Hwy, Cheltenham VIC 3192,-37.9661,145.0547,18.71,20.3
KINGSTON,2022,440,10707.0,4.0,45,0.2,0.5,0.2,0.1,26.7,1230 Nepean Hwy, Cheltenham VIC 3192,-37.9661,145.0547,18.71,20.3
KINGSTON,2022,450,10707.0,4.0,45,0.2,0.5,0.2,0.1,26.7,1230 Nepean Hwy, Cheltenham VIC 3192,-37.9661,145.0547,18.71,20.3
KINGSTON,2022,455,10707.0,4.0,45,0.2,0.5,0.2,0.1,26.7,1230 Nepean Hwy, Cheltenham VIC 3192,-37.9661,145.0547,18.71,20.3
KINGSTON,2022,460,10707.0,4.0,45,0.2,0.5,0.2,0.1,26.7,1230 Nepean Hwy, Cheltenham VIC 3192,-37.9661,145.0547,18.71,20.3
KINGSTON,2023,475,12587.0,4.0,45,0.2,0.5,0.2,0.1,26.7,1230 Nepean Hwy, Cheltenham VIC 3192,-37.9661,145.0547,18.71,20.3
KINGSTON,2023,520,12587.0,4.0,45,0.2,0.5,0.2,0.1,26.7,1230 Nepean Hwy, Cheltenham VIC 3192,-37.9661,145.0547,18.71,20.3
KINGSTON,2023,550,12587.0,4.0,45,0.2,0.5,0.2,0.1,26.7,1230 Nepean Hwy, Cheltenham VIC 3192,-37.9661,145.0547,18.71,20.3
KINGSTON,2023,554,12587.0,4.0,45,0.2,0.5,0.2,0.1,26.7,1230 Nepean Hwy, Cheltenham VIC 3192,-37.9661,145.0547,18.71,20.3
KINGSTON,2024,560,12616.0,4.0,45,0.2,0.5,0.2,0.1,26.7,1230 Nepean Hwy, Cheltenham VIC 3192,-37.9661,145.0547,18.71,20.3
KINGSTON,2024,550,12616.0,4.0,45,0.2,0.5,0.2,0.1,26.7,1230 Nepean Hwy, Cheltenham VIC 3192,-37.9661,145.0547,18.71,20.3
KINGSTON,2024,580,12616.0,4.0,45,0.2,0.5,0.2,0.1,26.7,1230 Nepean Hwy, Cheltenham VIC 3192,-37.9661,145.0547,18.71,20.3
KINGSTON,2024,580,12616.0,4.0,45,0.2,0.5,0.2,0.1,26.7,1230 Nepean Hwy, Cheltenham VIC 3192,-37.9661,145.0547,18.71,20.3
KINGSTON,2025,595,12282.0,4.0,45,0.2,0.5,0.2,0.1,26.7,1230 Nepean Hwy, Cheltenham VIC 3192,-37.9661,145.0547,18.71,20.3
KINGSTON,2025,595,12282.0,4.0,45,0.2,0.5,0.2,0.1,26.7,1230 Nepean Hwy, Cheltenham VIC 3192,-37.9661,145.0547,18.71,20.3
KINGSTON,2025,600,12282.0,4.0,45,0.2,0.5,0.2,0.1,26.7,1230 Nepean Hwy, Cheltenham VIC 3192,-37.9661,145.0547,18.71,20.3
KNOX,1999,180,,6.0,49,0.3,0.6,0.3,0.2,25.9,511 Burwood Highway, Wantirna South VIC 3152,-37.8525,145.2271,25.51,34.8
KNOX,1999,180,,6.0,49,0.3,0.6,0.3,0.2,25.9,511 Burwood Highway, Wantirna South VIC 3152,-37.8525,145.2271,25.51,34.8
KNOX,1999,180,,6.0,49,0.3,0.6,0.3,0.2,25.9,511 Burwood Highway, Wantirna South VIC 3152,-37.8525,145.2271,25.51,34.8
KNOX,2000,180,,6.0,49,0.3,0.6,0.3,0.2,25.9,511 Burwood Highway, Wantirna South VIC 3152,-37.8525,145.2271,25.51,34.8
KNOX,2000,185,,6.0,49,0.3,0.6,0.3,0.2,25.9,511 Burwood Highway, Wantirna South VIC 3152,-37.8525,145.2271,25.51,34.8
KNOX,2000,185,,6.0,49,0.3,0.6,0.3,0.2,25.9,511 Burwood Highway, Wantirna South VIC 3152,-37.8525,145.2271,25.51,34.8
KNOX,2000,185,,6.0,49,0.3,0.6,0.3,0.2,25.9,511 Burwood Highway, Wantirna South VIC 3152,-37.8525,145.2271,25.51,34.8
KNOX,2001,190,,6.0,49,0.3,0.6,0.3,0.2,25.9,511 Burwood Highway, Wantirna South VIC 3152,-37.8525,145.2271,25.51,34.8
KNOX,2001,190,,6.0,49,0.3,0.6,0.3,0.2,25.9,511 Burwood Highway, Wantirna South VIC 3152,-37.8525,145.2271,25.51,34.8
KNOX,2001,195,,6.0,49,0.3,0.6,0.3,0.2,25.9,511 Burwood Highway, Wantirna South VIC 3152,-37.8525,145.2271,25.51,34.8
KNOX,2001,195,,6.0,49,0.3,0.6,0.3,0.2,25.9,511 Burwood Highway, Wantirna South VIC 3152,-37.8525,145.2271,25.51,34.8
KNOX,2002,200,,6.0,49,0.3,0.6,0.3,0.2,25.9,511 Burwood Highway, Wantirna South VIC 3152,-37.8525,145.2271,25.51,34.8
KNOX,2002,200,,6.0,49,0.3,0.6,0.3,0.2,25.9,511 Burwood Highway, Wantirna South VIC 3152,-37.8525,145.2271,25.51,34.8
KNOX,2002,200,,6.0,49,0.3,0.6,0.3,0.2,25.9,511 Burwood Highway, Wantirna South VIC 3152,-37.8525,145.2271,25.51,34.8
KNOX,2002,205,,6.0,49,0.3,0.6,0.3,0.2,25.9,511 Burwood Highway, Wantirna South VIC 3152,-37.8525,145.2271,25.51,34.8
KNOX,2003,200,,6.0,49,0.3,0.6,0.3,0.2,25.9,511 Burwood Highway, Wantirna South VIC 3152,-37.8525,145.2271,25.51,34.8
KNOX,2003,210,,6.0,49,0.3,0.6,0.3,0.2,25.9,511 Burwood Highway, Wantirna South VIC 3152,-37.8525,145.2271,25.51,34.8
KNOX,2003,210,,6.0,49,0.3,0.6,0.3,0.2,25.9,511 Burwood Highway, Wantirna South VIC 3152,-37.8525,145.2271,25.51,34.8
KNOX,2003,210,,6.0,49,0.3,0.6,0.3,0.2,25.9,511 Burwood Highway, Wantirna South VIC 3152,-37.8525,145.2271,25.51,34.8
KNOX,2004,215,,6.0,49,0.3,0.6,0.3,0.2,25.9,511 Burwood Highway, Wantirna South VIC 3152,-37.8525,145.2271,25.51,34.8
KNOX,2004,215,,6.0,49,0.3,0.6,0.3,0.2,25.9,511 Burwood Highway, Wantirna South VIC 3152,-37.8525,145.2271,25.51,34.8
KNOX,2004,220,,6.0,49,0.3,0.6,0.3,0.2,25.9,511 Burwood Highway, Wantirna South VIC 3152,-37.8525,145.2271,25.51,34.8
KNOX,2004,220,,6.0,49,0.3,0.6,0.3,0.2,25.9,511 Burwood Highway, Wantirna South VIC 3152,-37.8525,145.2271,25.51,34.8
KNOX,2005,220,,6.0,49,0.3,0.6,0.3,0.2,25.9,511 Burwood Highway, Wantirna South VIC 3152,-37.8525,145.2271,25.51,34.8
KNOX,2005,220,,6.0,49,0.3,0.6,0.3,0.2,25.9,511 Burwood Highway, Wantirna South VIC 3152,-37.8525,145.2271,25.51,34.8
KNOX,2005,225,,6.0,49,0.3,0.6,0.3,0.2,25.9,511 Burwood Highway, Wantirna South VIC 3152,-37.8525,145.2271,25.51,34.8
KNOX,2005,230,,6.0,49,0.3,0.6,0.3,0.2,25.9,511 Burwood Highway, Wantirna South VIC 3152,-37.8525,145.2271,25.51,34.8
KNOX,2006,230,,6.0,49,0.3,0.6,0.3,0.2,25.9,511 Burwood Highway, Wantirna South VIC 3152,-37.8525,145.2271,25.51,34.8
KNOX,2006,235,,6.0,49,0.3,0.6,0.3,0.2,25.9,511 Burwood Highway, Wantirna South VIC 3152,-37.8525,145.2271,25.51,34.8
KNOX,2006,240,,6.0,49,0.3,0.6,0.3,0.2,25.9,511 Burwood Highway, Wantirna South VIC 3152,-37.8525,145.2271,25.51,34.8
KNOX,2006,250,,6.0,49,0.3,0.6,0.3,0.2,25.9,511 Burwood Highway, Wantirna South VIC 3152,-37.8525,145.2271,25.51,34.8
KNOX,2007,250,,6.0,49,0.3,0.6,0.3,0.2,25.9,511 Burwood Highway, Wantirna South VIC 3152,-37.8525,145.2271,25.51,34.8
KNOX,2007,250,,6.0,49,0.3,0.6,0.3,0.2,25.9,511 Burwood Highway, Wantirna South VIC 3152,-37.8525,145.2271,25.51,34.8
KNOX,2007,265,,6.0,49,0.3,0.6,0.3,0.2,25.9,511 Burwood Highway, Wantirna South VIC 3152,-37.8525,145.2271,25.51,34.8
KNOX,2007,278,,6.0,49,0.3,0.6,0.3,0.2,25.9,511 Burwood Highway, Wantirna South VIC 3152,-37.8525,145.2271,25.51,34.8
KNOX,2008,280,,6.0,49,0.3,0.6,0.3,0.2,25.9,511 Burwood Highway, Wantirna South VIC 3152,-37.8525,145.2271,25.51,34.8
KNOX,2008,300,,6.0,49,0.3,0.6,0.3,0.2,25.9,511 Burwood Highway, Wantirna South VIC 3152,-37.8525,145.2271,25.51,34.8
KNOX,2008,300,,6.0,49,0.3,0.6,0.3,0.2,25.9,511 Burwood Highway, Wantirna South VIC 3152,-37.8525,145.2271,25.51,34.8
KNOX,2008,300,,6.0,49,0.3,0.6,0.3,0.2,25.9,511 Burwood Highway, Wantirna South VIC 3152,-37.8525,145.2271,25.51,34.8
KNOX,2009,300,,6.0,49,0.3,0.6,0.3,0.2,25.9,511 Burwood Highway, Wantirna South VIC 3152,-37.8525,145.2271,25.51,34.8
KNOX,2009,300,,6.0,49,0.3,0.6,0.3,0.2,25.9,511 Burwood Highway, Wantirna South VIC 3152,-37.8525,145.2271,25.51,34.8
KNOX,2009,320,,6.0,49,0.3,0.6,0.3,0.2,25.9,511 Burwood Highway, Wantirna South VIC 3152,-37.8525,145.2271,25.51,34.8
KNOX,2009,320,,6.0,49,0.3,0.6,0.3,0.2,25.9,511 Burwood Highway, Wantirna South VIC 3152,-37.8525,145.2271,25.51,34.8
KNOX,2010,330,,6.0,49,0.3,0.6,0.3,0.2,25.9,511 Burwood Highway, Wantirna South VIC 3152,-37.8525,145.2271,25.51,34.8
KNOX,2010,335,,6.0,49,0.3,0.6,0.3,0.2,25.9,511 Burwood Highway, Wantirna South VIC 3152,-37.8525,145.2271,25.51,34.8
KNOX,2010,330,,6.0,49,0.3,0.6,0.3,0.2,25.9,511 Burwood Highway, Wantirna South VIC 3152,-37.8525,145.2271,25.51,34.8
KNOX,2010,340,,6.0,49,0.3,0.6,0.3,0.2,25.9,511 Burwood Highway, Wantirna South VIC 3152,-37.8525,145.2271,25.51,34.8
KNOX,2011,340,,6.0,49,0.3,0.6,0.3,0.2,25.9,511 Burwood Highway, Wantirna South VIC 3152,-37.8525,145.2271,25.51,34.8
KNOX,2011,350,,6.0,49,0.3,0.6,0.3,0.2,25.9,511 Burwood Highway, Wantirna South VIC 3152,-37.8525,145.2271,25.51,34.8
KNOX,2011,349,,6.0,49,0.3,0.6,0.3,0.2,25.9,511 Burwood Highway, Wantirna South VIC 3152,-37.8525,145.2271,25.51,34.8
KNOX,2011,340,,6.0,49,0.3,0.6,0.3,0.2,25.9,511 Burwood Highway, Wantirna South VIC 3152,-37.8525,145.2271,25.51,34.8
KNOX,2012,340,,6.0,49,0.3,0.6,0.3,0.2,25.9,511 Burwood Highway, Wantirna South VIC 3152,-37.8525,145.2271,25.51,34.8
KNOX,2012,340,,6.0,49,0.3,0.6,0.3,0.2,25.9,511 Burwood Highway, Wantirna South VIC 3152,-37.8525,145.2271,25.51,34.8
KNOX,2012,350,,6.0,49,0.3,0.6,0.3,0.2,25.9,511 Burwood Highway, Wantirna South VIC 3152,-37.8525,145.2271,25.51,34.8
KNOX,2012,350,,6.0,49,0.3,0.6,0.3,0.2,25.9,511 Burwood Highway, Wantirna South VIC 3152,-37.8525,145.2271,25.51,34.8
KNOX,2013,350,,6.0,49,0.3,0.6,0.3,0.2,25.9,511 Burwood Highway, Wantirna South VIC 3152,-37.8525,145.2271,25.51,34.8
KNOX,2013,350,,6.0,49,0.3,0.6,0.3,0.2,25.9,511 Burwood Highway, Wantirna South VIC 3152,-37.8525,145.2271,25.51,34.8
KNOX,2013,350,,6.0,49,0.3,0.6,0.3,0.2,25.9,511 Burwood Highway, Wantirna South VIC 3152,-37.8525,145.2271,25.51,34.8
KNOX,2013,360,,6.0,49,0.3,0.6,0.3,0.2,25.9,511 Burwood Highway, Wantirna South VIC 3152,-37.8525,145.2271,25.51,34.8
KNOX,2014,350,,6.0,49,0.3,0.6,0.3,0.2,25.9,511 Burwood Highway, Wantirna South VIC 3152,-37.8525,145.2271,25.51,34.8
KNOX,2014,360,,6.0,49,0.3,0.6,0.3,0.2,25.9,511 Burwood Highway, Wantirna South VIC 3152,-37.8525,145.2271,25.51,34.8
KNOX,2014,360,,6.0,49,0.3,0.6,0.3,0.2,25.9,511 Burwood Highway, Wantirna South VIC 3152,-37.8525,145.2271,25.51,34.8
KNOX,2014,360,,6.0,49,0.3,0.6,0.3,0.2,25.9,511 Burwood Highway, Wantirna South VIC 3152,-37.8525,145.2271,25.51,34.8
KNOX,2015,370,,6.0,49,0.3,0.6,0.3,0.2,25.9,511 Burwood Highway, Wantirna South VIC 3152,-37.8525,145.2271,25.51,34.8
KNOX,2015,370,,6.0,49,0.3,0.6,0.3,0.2,25.9,511 Burwood Highway, Wantirna South VIC 3152,-37.8525,145.2271,25.51,34.8
KNOX,2015,375,,6.0,49,0.3,0.6,0.3,0.2,25.9,511 Burwood Highway, Wantirna South VIC 3152,-37.8525,145.2271,25.51,34.8
KNOX,2015,375,,6.0,49,0.3,0.6,0.3,0.2,25.9,511 Burwood Highway, Wantirna South VIC 3152,-37.8525,145.2271,25.51,34.8
KNOX,2016,380,12125.0,6.0,49,0.3,0.6,0.3,0.2,25.9,511 Burwood Highway, Wantirna South VIC 3152,-37.8525,145.2271,25.51,34.8
KNOX,2016,380,12125.0,6.0,49,0.3,0.6,0.3,0.2,25.9,511 Burwood Highway, Wantirna South VIC 3152,-37.8525,145.2271,25.51,34.8
KNOX,2016,380,12125.0,6.0,49,0.3,0.6,0.3,0.2,25.9,511 Burwood Highway, Wantirna South VIC 3152,-37.8525,145.2271,25.51,34.8
KNOX,2016,385,12125.0,6.0,49,0.3,0.6,0.3,0.2,25.9,511 Burwood Highway, Wantirna South VIC 3152,-37.8525,145.2271,25.51,34.8
KNOX,2017,393,11261.0,6.0,49,0.3,0.6,0.3,0.2,25.9,511 Burwood Highway, Wantirna South VIC 3152,-37.8525,145.2271,25.51,34.8
KNOX,2017,390,11261.0,6.0,49,0.3,0.6,0.3,0.2,25.9,511 Burwood Highway, Wantirna South VIC 3152,-37.8525,145.2271,25.51,34.8
KNOX,2017,400,11261.0,6.0,49,0.3,0.6,0.3,0.2,25.9,511 Burwood Highway, Wantirna South VIC 3152,-37.8525,145.2271,25.51,34.8
KNOX,2017,400,11261.0,6.0,49,0.3,0.6,0.3,0.2,25.9,511 Burwood Highway, Wantirna South VIC 3152,-37.8525,145.2271,25.51,34.8
KNOX,2018,400,10793.0,6.0,49,0.3,0.6,0.3,0.2,25.9,511 Burwood Highway, Wantirna South VIC 3152,-37.8525,145.2271,25.51,34.8
KNOX,2018,400,10793.0,6.0,49,0.3,0.6,0.3,0.2,25.9,511 Burwood Highway, Wantirna South VIC 3152,-37.8525,145.2271,25.51,34.8
KNOX,2018,410,10793.0,6.0,49,0.3,0.6,0.3,0.2,25.9,511 Burwood Highway, Wantirna South VIC 3152,-37.8525,145.2271,25.51,34.8
KNOX,2018,410,10793.0,6.0,49,0.3,0.6,0.3,0.2,25.9,511 Burwood Highway, Wantirna South VIC 3152,-37.8525,145.2271,25.51,34.8
KNOX,2019,408,11898.0,6.0,49,0.3,0.6,0.3,0.2,25.9,511 Burwood Highway, Wantirna South VIC 3152,-37.8525,145.2271,25.51,34.8
KNOX,2019,400,11898.0,6.0,49,0.3,0.6,0.3,0.2,25.9,511 Burwood Highway, Wantirna South VIC 3152,-37.8525,145.2271,25.51,34.8
KNOX,2019,410,11898.0,6.0,49,0.3,0.6,0.3,0.2,25.9,511 Burwood Highway, Wantirna South VIC 3152,-37.8525,145.2271,25.51,34.8
KNOX,2019,420,11898.0,6.0,49,0.3,0.6,0.3,0.2,25.9,511 Burwood Highway, Wantirna South VIC 3152,-37.8525,145.2271,25.51,34.8
KNOX,2020,415,11980.0,6.0,49,0.3,0.6,0.3,0.2,25.9,511 Burwood Highway, Wantirna South VIC 3152,-37.8525,145.2271,25.51,34.8
KNOX,2020,410,11980.0,6.0,49,0.3,0.6,0.3,0.2,25.9,511 Burwood Highway, Wantirna South VIC 3152,-37.8525,145.2271,25.51,34.8
KNOX,2020,420,11980.0,6.0,49,0.3,0.6,0.3,0.2,25.9,511 Burwood Highway, Wantirna South VIC 3152,-37.8525,145.2271,25.51,34.8
KNOX,2020,420,11980.0,6.0,49,0.3,0.6,0.3,0.2,25.9,511 Burwood Highway, Wantirna South VIC 3152,-37.8525,145.2271,25.51,34.8
KNOX,2021,420,10028.0,6.0,49,0.3,0.6,0.3,0.2,25.9,511 Burwood Highway, Wantirna South VIC 3152,-37.8525,145.2271,25.51,34.8
KNOX,2021,420,10028.0,6.0,49,0.3,0.6,0.3,0.2,25.9,511 Burwood Highway, Wantirna South VIC 3152,-37.8525,145.2271,25.51,34.8
KNOX,2021,437,10028.0,6.0,49,0.3,0.6,0.3,0.2,25.9,511 Burwood Highway, Wantirna South VIC 3152,-37.8525,145.2271,25.51,34.8
KNOX,2021,430,10028.0,6.0,49,0.3,0.6,0.3,0.2,25.9,511 Burwood Highway, Wantirna South VIC 3152,-37.8525,145.2271,25.51,34.8
KNOX,2022,445,9130.0,6.0,49,0.3,0.6,0.3,0.2,25.9,511 Burwood Highway, Wantirna South VIC 3152,-37.8525,145.2271,25.51,34.8
KNOX,2022,450,9130.0,6.0,49,0.3,0.6,0.3,0.2,25.9,511 Burwood Highway, Wantirna South VIC 3152,-37.8525,145.2271,25.51,34.8
KNOX,2022,450,9130.0,6.0,49,0.3,0.6,0.3,0.2,25.9,511 Burwood Highway, Wantirna South VIC 3152,-37.8525,145.2271,25.51,34.8
KNOX,2022,470,9130.0,6.0,49,0.3,0.6,0.3,0.2,25.9,511 Burwood Highway, Wantirna South VIC 3152,-37.8525,145.2271,25.51,34.8
KNOX,2023,475,10150.0,6.0,49,0.3,0.6,0.3,0.2,25.9,511 Burwood Highway, Wantirna South VIC 3152,-37.8525,145.2271,25.51,34.8
KNOX,2023,500,10150.0,6.0,49,0.3,0.6,0.3,0.2,25.9,511 Burwood Highway, Wantirna South VIC 3152,-37.8525,145.2271,25.51,34.8
KNOX,2023,520,10150.0,6.0,49,0.3,0.6,0.3,0.2,25.9,511 Burwood Highway, Wantirna South VIC 3152,-37.8525,145.2271,25.51,34.8
KNOX,2023,535,10150.0,6.0,49,0.3,0.6,0.3,0.2,25.9,511 Burwood Highway, Wantirna South VIC 3152,-37.8525,145.2271,25.51,34.8
KNOX,2024,550,11606.0,6.0,49,0.3,0.6,0.3,0.2,25.9,511 Burwood Highway, Wantirna South VIC 3152,-37.8525,145.2271,25.51,34.8
KNOX,2024,560,11606.0,6.0,49,0.3,0.6,0.3,0.2,25.9,511 Burwood Highway, Wantirna South VIC 3152,-37.8525,145.2271,25.51,34.8
KNOX,2024,588,11606.0,6.0,49,0.3,0.6,0.3,0.2,25.9,511 Burwood Highway, Wantirna South VIC 3152,-37.8525,145.2271,25.51,34.8
KNOX,2024,585,11606.0,6.0,49,0.3,0.6,0.3,0.2,25.9,511 Burwood Highway, Wantirna South VIC 3152,-37.8525,145.2271,25.51,34.8
KNOX,2025,580,10537.0,6.0,49,0.3,0.6,0.3,0.2,25.9,511 Burwood Highway, Wantirna South VIC 3152,-37.8525,145.2271,25.51,34.8
KNOX,2025,600,10537.0,6.0,49,0.3,0.6,0.3,0.2,25.9,511 Burwood Highway, Wantirna South VIC 3152,-37.8525,145.2271,25.51,34.8
KNOX,2025,600,10537.0,6.0,49,0.3,0.6,0.3,0.2,25.9,511 Burwood Highway, Wantirna South VIC 3152,-37.8525,145.2271,25.51,34.8
LATROBE,1999,110,,0.0,34,0.4,0.7,0.2,0.2,33.4,,,,,,
LATROBE,1999,110,,0.0,34,0.4,0.7,0.2,0.2,33.4,,,,,,
LATROBE,1999,110,,0.0,34,0.4,0.7,0.2,0.2,33.4,,,,,,
LATROBE,2000,110,,0.0,34,0.4,0.7,0.2,0.2,33.4,,,,,,
LATROBE,2000,110,,0.0,34,0.4,0.7,0.2,0.2,33.4,,,,,,
LATROBE,2000,110,,0.0,34,0.4,0.7,0.2,0.2,33.4,,,,,,
LATROBE,2000,110,,0.0,34,0.4,0.7,0.2,0.2,33.4,,,,,,
LATROBE,2001,110,,0.0,34,0.4,0.7,0.2,0.2,33.4,,,,,,
LATROBE,2001,110,,0.0,34,0.4,0.7,0.2,0.2,33.4,,,,,,
LATROBE,2001,110,,0.0,34,0.4,0.7,0.2,0.2,33.4,,,,,,
LATROBE,2001,110,,0.0,34,0.4,0.7,0.2,0.2,33.4,,,,,,
LATROBE,2002,115,,0.0,34,0.4,0.7,0.2,0.2,33.4,,,,,,
LATROBE,2002,114,,0.0,34,0.4,0.7,0.2,0.2,33.4,,,,,,
LATROBE,2002,125,,0.0,34,0.4,0.7,0.2,0.2,33.4,,,,,,
LATROBE,2002,125,,0.0,34,0.4,0.7,0.2,0.2,33.4,,,,,,
LATROBE,2003,130,,0.0,34,0.4,0.7,0.2,0.2,33.4,,,,,,
LATROBE,2003,130,,0.0,34,0.4,0.7,0.2,0.2,33.4,,,,,,
LATROBE,2003,130,,0.0,34,0.4,0.7,0.2,0.2,33.4,,,,,,
LATROBE,2003,130,,0.0,34,0.4,0.7,0.2,0.2,33.4,,,,,,
LATROBE,2004,135,,0.0,34,0.4,0.7,0.2,0.2,33.4,,,,,,
LATROBE,2004,135,,0.0,34,0.4,0.7,0.2,0.2,33.4,,,,,,
LATROBE,2004,135,,0.0,34,0.4,0.7,0.2,0.2,33.4,,,,,,
LATROBE,2004,140,,0.0,34,0.4,0.7,0.2,0.2,33.4,,,,,,
LATROBE,2005,135,,0.0,34,0.4,0.7,0.2,0.2,33.4,,,,,,
LATROBE,2005,140,,0.0,34,0.4,0.7,0.2,0.2,33.4,,,,,,
LATROBE,2005,140,,0.0,34,0.4,0.7,0.2,0.2,33.4,,,,,,
LATROBE,2005,140,,0.0,34,0.4,0.7,0.2,0.2,33.4,,,,,,
LATROBE,2006,140,,0.0,34,0.4,0.7,0.2,0.2,33.4,,,,,,
LATROBE,2006,145,,0.0,34,0.4,0.7,0.2,0.2,33.4,,,,,,
LATROBE,2006,145,,0.0,34,0.4,0.7,0.2,0.2,33.4,,,,,,
LATROBE,2006,140,,0.0,34,0.4,0.7,0.2,0.2,33.4,,,,,,
LATROBE,2007,150,,0.0,34,0.4,0.7,0.2,0.2,33.4,,,,,,
LATROBE,2007,150,,0.0,34,0.4,0.7,0.2,0.2,33.4,,,,,,
LATROBE,2007,150,,0.0,34,0.4,0.7,0.2,0.2,33.4,,,,,,
LATROBE,2007,160,,0.0,34,0.4,0.7,0.2,0.2,33.4,,,,,,
LATROBE,2008,160,,0.0,34,0.4,0.7,0.2,0.2,33.4,,,,,,
LATROBE,2008,160,,0.0,34,0.4,0.7,0.2,0.2,33.4,,,,,,
LATROBE,2008,165,,0.0,34,0.4,0.7,0.2,0.2,33.4,,,,,,
LATROBE,2008,165,,0.0,34,0.4,0.7,0.2,0.2,33.4,,,,,,
LATROBE,2009,175,,0.0,34,0.4,0.7,0.2,0.2,33.4,,,,,,
LATROBE,2009,170,,0.0,34,0.4,0.7,0.2,0.2,33.4,,,,,,
LATROBE,2009,178,,0.0,34,0.4,0.7,0.2,0.2,33.4,,,,,,
LATROBE,2009,180,,0.0,34,0.4,0.7,0.2,0.2,33.4,,,,,,
LATROBE,2010,185,,0.0,34,0.4,0.7,0.2,0.2,33.4,,,,,,
LATROBE,2010,185,,0.0,34,0.4,0.7,0.2,0.2,33.4,,,,,,
LATROBE,2010,190,,0.0,34,0.4,0.7,0.2,0.2,33.4,,,,,,
LATROBE,2010,190,,0.0,34,0.4,0.7,0.2,0.2,33.4,,,,,,
LATROBE,2011,200,,0.0,34,0.4,0.7,0.2,0.2,33.4,,,,,,
LATROBE,2011,200,,0.0,34,0.4,0.7,0.2,0.2,33.4,,,,,,
LATROBE,2011,200,,0.0,34,0.4,0.7,0.2,0.2,33.4,,,,,,
LATROBE,2011,200,,0.0,34,0.4,0.7,0.2,0.2,33.4,,,,,,
LATROBE,2012,200,,0.0,34,0.4,0.7,0.2,0.2,33.4,,,,,,
LATROBE,2012,200,,0.0,34,0.4,0.7,0.2,0.2,33.4,,,,,,
LATROBE,2012,210,,0.0,34,0.4,0.7,0.2,0.2,33.4,,,,,,
LATROBE,2012,200,,0.0,34,0.4,0.7,0.2,0.2,33.4,,,,,,
LATROBE,2013,220,,0.0,34,0.4,0.7,0.2,0.2,33.4,,,,,,
LATROBE,2013,215,,0.0,34,0.4,0.7,0.2,0.2,33.4,,,,,,
LATROBE,2013,210,,0.0,34,0.4,0.7,0.2,0.2,33.4,,,,,,
LATROBE,2013,215,,0.0,34,0.4,0.7,0.2,0.2,33.4,,,,,,
LATROBE,2014,220,,0.0,34,0.4,0.7,0.2,0.2,33.4,,,,,,
LATROBE,2014,215,,0.0,34,0.4,0.7,0.2,0.2,33.4,,,,,,
LATROBE,2014,230,,0.0,34,0.4,0.7,0.2,0.2,33.4,,,,,,
LATROBE,2014,220,,0.0,34,0.4,0.7,0.2,0.2,33.4,,,,,,
LATROBE,2015,240,,0.0,34,0.4,0.7,0.2,0.2,33.4,,,,,,
LATROBE,2015,225,,0.0,34,0.4,0.7,0.2,0.2,33.4,,,,,,
LATROBE,2015,230,,0.0,34,0.4,0.7,0.2,0.2,33.4,,,,,,
LATROBE,2015,230,,0.0,34,0.4,0.7,0.2,0.2,33.4,,,,,,
LATROBE,2016,235,14479.0,0.0,34,0.4,0.7,0.2,0.2,33.4,,,,,,
LATROBE,2016,230,14479.0,0.0,34,0.4,0.7,0.2,0.2,33.4,,,,,,
LATROBE,2016,230,14479.0,0.0,34,0.4,0.7,0.2,0.2,33.4,,,,,,
LATROBE,2016,240,14479.0,0.0,34,0.4,0.7,0.2,0.2,33.4,,,,,,
LATROBE,2017,243,13318.0,0.0,34,0.4,0.7,0.2,0.2,33.4,,,,,,
LATROBE,2017,230,13318.0,0.0,34,0.4,0.7,0.2,0.2,33.4,,,,,,
LATROBE,2017,240,13318.0,0.0,34,0.4,0.7,0.2,0.2,33.4,,,,,,
LATROBE,2017,240,13318.0,0.0,34,0.4,0.7,0.2,0.2,33.4,,,,,,
LATROBE,2018,245,14573.0,0.0,34,0.4,0.7,0.2,0.2,33.4,,,,,,
LATROBE,2018,240,14573.0,0.0,34,0.4,0.7,0.2,0.2,33.4,,,,,,
LATROBE,2018,240,14573.0,0.0,34,0.4,0.7,0.2,0.2,33.4,,,,,,
LATROBE,2018,250,14573.0,0.0,34,0.4,0.7,0.2,0.2,33.4,,,,,,
LATROBE,2019,250,13991.0,0.0,34,0.4,0.7,0.2,0.2,33.4,,,,,,
LATROBE,2019,250,13991.0,0.0,34,0.4,0.7,0.2,0.2,33.4,,,,,,
LATROBE,2019,260,13991.0,0.0,34,0.4,0.7,0.2,0.2,33.4,,,,,,
LATROBE,2019,260,13991.0,0.0,34,0.4,0.7,0.2,0.2,33.4,,,,,,
LATROBE,2020,265,13605.0,0.0,34,0.4,0.7,0.2,0.2,33.4,,,,,,
LATROBE,2020,260,13605.0,0.0,34,0.4,0.7,0.2,0.2,33.4,,,,,,
LATROBE,2020,270,13605.0,0.0,34,0.4,0.7,0.2,0.2,33.4,,,,,,
LATROBE,2020,285,13605.0,0.0,34,0.4,0.7,0.2,0.2,33.4,,,,,,
LATROBE,2021,300,11297.0,0.0,34,0.4,0.7,0.2,0.2,33.4,,,,,,
LATROBE,2021,300,11297.0,0.0,34,0.4,0.7,0.2,0.2,33.4,,,,,,
LATROBE,2021,313,11297.0,0.0,34,0.4,0.7,0.2,0.2,33.4,,,,,,
LATROBE,2021,340,11297.0,0.0,34,0.4,0.7,0.2,0.2,33.4,,,,,,
LATROBE,2022,340,11173.0,0.0,34,0.4,0.7,0.2,0.2,33.4,,,,,,
LATROBE,2022,340,11173.0,0.0,34,0.4,0.7,0.2,0.2,33.4,,,,,,
LATROBE,2022,350,11173.0,0.0,34,0.4,0.7,0.2,0.2,33.4,,,,,,
LATROBE,2022,360,11173.0,0.0,34,0.4,0.7,0.2,0.2,33.4,,,,,,
LATROBE,2023,350,11826.0,0.0,34,0.4,0.7,0.2,0.2,33.4,,,,,,
LATROBE,2023,360,11826.0,0.0,34,0.4,0.7,0.2,0.2,33.4,,,,,,
LATROBE,2023,360,11826.0,0.0,34,0.4,0.7,0.2,0.2,33.4,,,,,,
LATROBE,2023,375,11826.0,0.0,34,0.4,0.7,0.2,0.2,33.4,,,,,,
LATROBE,2024,380,13353.0,0.0,34,0.4,0.7,0.2,0.2,33.4,,,,,,
LATROBE,2024,380,13353.0,0.0,34,0.4,0.7,0.2,0.2,33.4,,,,,,
LATROBE,2024,390,13353.0,0.0,34,0.4,0.7,0.2,0.2,33.4,,,,,,
LATROBE,2024,400,13353.0,0.0,34,0.4,0.7,0.2,0.2,33.4,,,,,,
LATROBE,2025,400,14172.0,0.0,34,0.4,0.7,0.2,0.2,33.4,,,,,,
LATROBE,2025,420,14172.0,0.0,34,0.4,0.7,0.2,0.2,33.4,,,,,,
LATROBE,2025,420,14172.0,0.0,34,0.4,0.7,0.2,0.2,33.4,,,,,,
LODDON,1999,85,,,8,0.7,1.0,0.3,0.4,40.1,,,,,,
LODDON,1999,85,,,8,0.7,1.0,0.3,0.4,40.1,,,,,,
LODDON,1999,100,,,8,0.7,1.0,0.3,0.4,40.1,,,,,,
LODDON,2000,100,,,8,0.7,1.0,0.3,0.4,40.1,,,,,,
LODDON,2000,88,,,8,0.7,1.0,0.3,0.4,40.1,,,,,,
LODDON,2000,98,,,8,0.7,1.0,0.3,0.4,40.1,,,,,,
LODDON,2000,95,,,8,0.7,1.0,0.3,0.4,40.1,,,,,,
LODDON,2001,92,,,8,0.7,1.0,0.3,0.4,40.1,,,,,,
LODDON,2001,90,,,8,0.7,1.0,0.3,0.4,40.1,,,,,,
LODDON,2001,93,,,8,0.7,1.0,0.3,0.4,40.1,,,,,,
LODDON,2001,100,,,8,0.7,1.0,0.3,0.4,40.1,,,,,,
LODDON,2002,100,,,8,0.7,1.0,0.3,0.4,40.1,,,,,,
LODDON,2002,98,,,8,0.7,1.0,0.3,0.4,40.1,,,,,,
LODDON,2002,100,,,8,0.7,1.0,0.3,0.4,40.1,,,,,,
LODDON,2002,100,,,8,0.7,1.0,0.3,0.4,40.1,,,,,,
LODDON,2003,110,,,8,0.7,1.0,0.3,0.4,40.1,,,,,,
LODDON,2003,111,,,8,0.7,1.0,0.3,0.4,40.1,,,,,,
LODDON,2003,100,,,8,0.7,1.0,0.3,0.4,40.1,,,,,,
LODDON,2003,105,,,8,0.7,1.0,0.3,0.4,40.1,,,,,,
LODDON,2004,120,,,8,0.7,1.0,0.3,0.4,40.1,,,,,,
LODDON,2004,120,,,8,0.7,1.0,0.3,0.4,40.1,,,,,,
LODDON,2004,125,,,8,0.7,1.0,0.3,0.4,40.1,,,,,,
LODDON,2004,118,,,8,0.7,1.0,0.3,0.4,40.1,,,,,,
LODDON,2005,125,,,8,0.7,1.0,0.3,0.4,40.1,,,,,,
LODDON,2005,118,,,8,0.7,1.0,0.3,0.4,40.1,,,,,,
LODDON,2005,118,,,8,0.7,1.0,0.3,0.4,40.1,,,,,,
LODDON,2005,115,,,8,0.7,1.0,0.3,0.4,40.1,,,,,,
LODDON,2006,129,,,8,0.7,1.0,0.3,0.4,40.1,,,,,,
LODDON,2006,138,,,8,0.7,1.0,0.3,0.4,40.1,,,,,,
LODDON,2006,125,,,8,0.7,1.0,0.3,0.4,40.1,,,,,,
LODDON,2006,120,,,8,0.7,1.0,0.3,0.4,40.1,,,,,,
LODDON,2007,130,,,8,0.7,1.0,0.3,0.4,40.1,,,,,,
LODDON,2007,140,,,8,0.7,1.0,0.3,0.4,40.1,,,,,,
LODDON,2007,120,,,8,0.7,1.0,0.3,0.4,40.1,,,,,,
LODDON,2007,145,,,8,0.7,1.0,0.3,0.4,40.1,,,,,,
LODDON,2008,125,,,8,0.7,1.0,0.3,0.4,40.1,,,,,,
LODDON,2008,140,,,8,0.7,1.0,0.3,0.4,40.1,,,,,,
LODDON,2008,135,,,8,0.7,1.0,0.3,0.4,40.1,,,,,,
LODDON,2008,150,,,8,0.7,1.0,0.3,0.4,40.1,,,,,,
LODDON,2009,140,,,8,0.7,1.0,0.3,0.4,40.1,,,,,,
LODDON,2009,150,,,8,0.7,1.0,0.3,0.4,40.1,,,,,,
LODDON,2009,150,,,8,0.7,1.0,0.3,0.4,40.1,,,,,,
LODDON,2009,130,,,8,0.7,1.0,0.3,0.4,40.1,,,,,,
LODDON,2010,150,,,8,0.7,1.0,0.3,0.4,40.1,,,,,,
LODDON,2010,147,,,8,0.7,1.0,0.3,0.4,40.1,,,,,,
LODDON,2010,155,,,8,0.7,1.0,0.3,0.4,40.1,,,,,,
LODDON,2010,160,,,8,0.7,1.0,0.3,0.4,40.1,,,,,,
LODDON,2011,170,,,8,0.7,1.0,0.3,0.4,40.1,,,,,,
LODDON,2011,165,,,8,0.7,1.0,0.3,0.4,40.1,,,,,,
LODDON,2011,160,,,8,0.7,1.0,0.3,0.4,40.1,,,,,,
LODDON,2011,158,,,8,0.7,1.0,0.3,0.4,40.1,,,,,,
LODDON,2012,173,,,8,0.7,1.0,0.3,0.4,40.1,,,,,,
LODDON,2012,173,,,8,0.7,1.0,0.3,0.4,40.1,,,,,,
LODDON,2012,163,,,8,0.7,1.0,0.3,0.4,40.1,,,,,,
LODDON,2012,180,,,8,0.7,1.0,0.3,0.4,40.1,,,,,,
LODDON,2013,178,,,8,0.7,1.0,0.3,0.4,40.1,,,,,,
LODDON,2013,178,,,8,0.7,1.0,0.3,0.4,40.1,,,,,,
LODDON,2013,193,,,8,0.7,1.0,0.3,0.4,40.1,,,,,,
LODDON,2013,160,,,8,0.7,1.0,0.3,0.4,40.1,,,,,,
LODDON,2014,180,,,8,0.7,1.0,0.3,0.4,40.1,,,,,,
LODDON,2014,180,,,8,0.7,1.0,0.3,0.4,40.1,,,,,,
LODDON,2014,175,,,8,0.7,1.0,0.3,0.4,40.1,,,,,,
LODDON,2014,200,,,8,0.7,1.0,0.3,0.4,40.1,,,,,,
LODDON,2015,170,,,8,0.7,1.0,0.3,0.4,40.1,,,,,,
LODDON,2015,180,,,8,0.7,1.0,0.3,0.4,40.1,,,,,,
LODDON,2015,190,,,8,0.7,1.0,0.3,0.4,40.1,,,,,,
LODDON,2015,200,,,8,0.7,1.0,0.3,0.4,40.1,,,,,,
LODDON,2016,190,476.0,,8,0.7,1.0,0.3,0.4,40.1,,,,,,
LODDON,2016,185,476.0,,8,0.7,1.0,0.3,0.4,40.1,,,,,,
LODDON,2016,198,476.0,,8,0.7,1.0,0.3,0.4,40.1,,,,,,
LODDON,2016,175,476.0,,8,0.7,1.0,0.3,0.4,40.1,,,,,,
LODDON,2017,195,346.0,,8,0.7,1.0,0.3,0.4,40.1,,,,,,
LODDON,2017,200,346.0,,8,0.7,1.0,0.3,0.4,40.1,,,,,,
LODDON,2017,190,346.0,,8,0.7,1.0,0.3,0.4,40.1,,,,,,
LODDON,2017,185,346.0,,8,0.7,1.0,0.3,0.4,40.1,,,,,,
LODDON,2018,220,490.0,,8,0.7,1.0,0.3,0.4,40.1,,,,,,
LODDON,2018,200,490.0,,8,0.7,1.0,0.3,0.4,40.1,,,,,,
LODDON,2018,235,490.0,,8,0.7,1.0,0.3,0.4,40.1,,,,,,
LODDON,2018,206,490.0,,8,0.7,1.0,0.3,0.4,40.1,,,,,,
LODDON,2019,205,476.0,,8,0.7,1.0,0.3,0.4,40.1,,,,,,
LODDON,2019,200,476.0,,8,0.7,1.0,0.3,0.4,40.1,,,,,,
LODDON,2019,230,476.0,,8,0.7,1.0,0.3,0.4,40.1,,,,,,
LODDON,2019,230,476.0,,8,0.7,1.0,0.3,0.4,40.1,,,,,,
LODDON,2020,215,532.0,,8,0.7,1.0,0.3,0.4,40.1,,,,,,
LODDON,2020,210,532.0,,8,0.7,1.0,0.3,0.4,40.1,,,,,,
LODDON,2020,260,532.0,,8,0.7,1.0,0.3,0.4,40.1,,,,,,
LODDON,2020,240,532.0,,8,0.7,1.0,0.3,0.4,40.1,,,,,,
LODDON,2021,218,538.0,,8,0.7,1.0,0.3,0.4,40.1,,,,,,
LODDON,2021,215,538.0,,8,0.7,1.0,0.3,0.4,40.1,,,,,,
LODDON,2021,235,538.0,,8,0.7,1.0,0.3,0.4,40.1,,,,,,
LODDON,2021,270,538.0,,8,0.7,1.0,0.3,0.4,40.1,,,,,,
LODDON,2022,265,455.0,,8,0.7,1.0,0.3,0.4,40.1,,,,,,
LODDON,2022,310,455.0,,8,0.7,1.0,0.3,0.4,40.1,,,,,,
LODDON,2022,280,455.0,,8,0.7,1.0,0.3,0.4,40.1,,,,,,
LODDON,2023,300,447.0,,8,0.7,1.0,0.3,0.4,40.1,,,,,,
LODDON,2023,290,447.0,,8,0.7,1.0,0.3,0.4,40.1,,,,,,
LODDON,2023,320,447.0,,8,0.7,1.0,0.3,0.4,40.1,,,,,,
LODDON,2023,375,447.0,,8,0.7,1.0,0.3,0.4,40.1,,,,,,
LODDON,2024,300,502.0,,8,0.7,1.0,0.3,0.4,40.1,,,,,,
LODDON,2024,300,502.0,,8,0.7,1.0,0.3,0.4,40.1,,,,,,
LODDON,2024,280,502.0,,8,0.7,1.0,0.3,0.4,40.1,,,,,,
LODDON,2025,300,517.0,,8,0.7,1.0,0.3,0.4,40.1,,,,,,
LODDON,2025,350,517.0,,8,0.7,1.0,0.3,0.4,40.1,,,,,,
LODDON,2025,380,517.0,,8,0.7,1.0,0.3,0.4,40.1,,,,,,
MACEDON RANGES,1999,140,,3.0,27,0.4,0.9,0.2,0.2,19.7,,,,,,
MACEDON RANGES,1999,150,,3.0,27,0.4,0.9,0.2,0.2,19.7,,,,,,
MACEDON RANGES,1999,150,,3.0,27,0.4,0.9,0.2,0.2,19.7,,,,,,
MACEDON RANGES,2000,145,,3.0,27,0.4,0.9,0.2,0.2,19.7,,,,,,
MACEDON RANGES,2000,155,,3.0,27,0.4,0.9,0.2,0.2,19.7,,,,,,
MACEDON RANGES,2000,158,,3.0,27,0.4,0.9,0.2,0.2,19.7,,,,,,
MACEDON RANGES,2000,160,,3.0,27,0.4,0.9,0.2,0.2,19.7,,,,,,
MACEDON RANGES,2001,150,,3.0,27,0.4,0.9,0.2,0.2,19.7,,,,,,
MACEDON RANGES,2001,160,,3.0,27,0.4,0.9,0.2,0.2,19.7,,,,,,
MACEDON RANGES,2001,165,,3.0,27,0.4,0.9,0.2,0.2,19.7,,,,,,
MACEDON RANGES,2001,163,,3.0,27,0.4,0.9,0.2,0.2,19.7,,,,,,
MACEDON RANGES,2002,170,,3.0,27,0.4,0.9,0.2,0.2,19.7,,,,,,
MACEDON RANGES,2002,170,,3.0,27,0.4,0.9,0.2,0.2,19.7,,,,,,
MACEDON RANGES,2002,175,,3.0,27,0.4,0.9,0.2,0.2,19.7,,,,,,
MACEDON RANGES,2002,177,,3.0,27,0.4,0.9,0.2,0.2,19.7,,,,,,
MACEDON RANGES,2003,184,,3.0,27,0.4,0.9,0.2,0.2,19.7,,,,,,
MACEDON RANGES,2003,186,,3.0,27,0.4,0.9,0.2,0.2,19.7,,,,,,
MACEDON RANGES,2003,193,,3.0,27,0.4,0.9,0.2,0.2,19.7,,,,,,
MACEDON RANGES,2003,195,,3.0,27,0.4,0.9,0.2,0.2,19.7,,,,,,
MACEDON RANGES,2004,193,,3.0,27,0.4,0.9,0.2,0.2,19.7,,,,,,
MACEDON RANGES,2004,200,,3.0,27,0.4,0.9,0.2,0.2,19.7,,,,,,
MACEDON RANGES,2004,195,,3.0,27,0.4,0.9,0.2,0.2,19.7,,,,,,
MACEDON RANGES,2004,200,,3.0,27,0.4,0.9,0.2,0.2,19.7,,,,,,
MACEDON RANGES,2005,195,,3.0,27,0.4,0.9,0.2,0.2,19.7,,,,,,
MACEDON RANGES,2005,210,,3.0,27,0.4,0.9,0.2,0.2,19.7,,,,,,
MACEDON RANGES,2005,200,,3.0,27,0.4,0.9,0.2,0.2,19.7,,,,,,
MACEDON RANGES,2005,210,,3.0,27,0.4,0.9,0.2,0.2,19.7,,,,,,
MACEDON RANGES,2006,200,,3.0,27,0.4,0.9,0.2,0.2,19.7,,,,,,
MACEDON RANGES,2006,215,,3.0,27,0.4,0.9,0.2,0.2,19.7,,,,,,
MACEDON RANGES,2006,210,,3.0,27,0.4,0.9,0.2,0.2,19.7,,,,,,
MACEDON RANGES,2006,211,,3.0,27,0.4,0.9,0.2,0.2,19.7,,,,,,
MACEDON RANGES,2007,215,,3.0,27,0.4,0.9,0.2,0.2,19.7,,,,,,
MACEDON RANGES,2007,220,,3.0,27,0.4,0.9,0.2,0.2,19.7,,,,,,
MACEDON RANGES,2007,210,,3.0,27,0.4,0.9,0.2,0.2,19.7,,,,,,
MACEDON RANGES,2007,220,,3.0,27,0.4,0.9,0.2,0.2,19.7,,,,,,
MACEDON RANGES,2008,225,,3.0,27,0.4,0.9,0.2,0.2,19.7,,,,,,
MACEDON RANGES,2008,240,,3.0,27,0.4,0.9,0.2,0.2,19.7,,,,,,
MACEDON RANGES,2008,250,,3.0,27,0.4,0.9,0.2,0.2,19.7,,,,,,
MACEDON RANGES,2008,250,,3.0,27,0.4,0.9,0.2,0.2,19.7,,,,,,
MACEDON RANGES,2009,260,,3.0,27,0.4,0.9,0.2,0.2,19.7,,,,,,
MACEDON RANGES,2009,260,,3.0,27,0.4,0.9,0.2,0.2,19.7,,,,,,
MACEDON RANGES,2009,270,,3.0,27,0.4,0.9,0.2,0.2,19.7,,,,,,
MACEDON RANGES,2009,280,,3.0,27,0.4,0.9,0.2,0.2,19.7,,,,,,
MACEDON RANGES,2010,280,,3.0,27,0.4,0.9,0.2,0.2,19.7,,,,,,
MACEDON RANGES,2010,288,,3.0,27,0.4,0.9,0.2,0.2,19.7,,,,,,
MACEDON RANGES,2010,300,,3.0,27,0.4,0.9,0.2,0.2,19.7,,,,,,
MACEDON RANGES,2010,310,,3.0,27,0.4,0.9,0.2,0.2,19.7,,,,,,
MACEDON RANGES,2011,313,,3.0,27,0.4,0.9,0.2,0.2,19.7,,,,,,
MACEDON RANGES,2011,333,,3.0,27,0.4,0.9,0.2,0.2,19.7,,,,,,
MACEDON RANGES,2011,330,,3.0,27,0.4,0.9,0.2,0.2,19.7,,,,,,
MACEDON RANGES,2011,320,,3.0,27,0.4,0.9,0.2,0.2,19.7,,,,,,
MACEDON RANGES,2012,330,,3.0,27,0.4,0.9,0.2,0.2,19.7,,,,,,
MACEDON RANGES,2012,320,,3.0,27,0.4,0.9,0.2,0.2,19.7,,,,,,
MACEDON RANGES,2012,350,,3.0,27,0.4,0.9,0.2,0.2,19.7,,,,,,
MACEDON RANGES,2012,320,,3.0,27,0.4,0.9,0.2,0.2,19.7,,,,,,
MACEDON RANGES,2013,341,,3.0,27,0.4,0.9,0.2,0.2,19.7,,,,,,
MACEDON RANGES,2013,330,,3.0,27,0.4,0.9,0.2,0.2,19.7,,,,,,
MACEDON RANGES,2013,350,,3.0,27,0.4,0.9,0.2,0.2,19.7,,,,,,
MACEDON RANGES,2013,341,,3.0,27,0.4,0.9,0.2,0.2,19.7,,,,,,
MACEDON RANGES,2014,350,,3.0,27,0.4,0.9,0.2,0.2,19.7,,,,,,
MACEDON RANGES,2014,330,,3.0,27,0.4,0.9,0.2,0.2,19.7,,,,,,
MACEDON RANGES,2014,350,,3.0,27,0.4,0.9,0.2,0.2,19.7,,,,,,
MACEDON RANGES,2014,350,,3.0,27,0.4,0.9,0.2,0.2,19.7,,,,,,
MACEDON RANGES,2015,350,,3.0,27,0.4,0.9,0.2,0.2,19.7,,,,,,
MACEDON RANGES,2015,360,,3.0,27,0.4,0.9,0.2,0.2,19.7,,,,,,
MACEDON RANGES,2015,360,,3.0,27,0.4,0.9,0.2,0.2,19.7,,,,,,
MACEDON RANGES,2015,360,,3.0,27,0.4,0.9,0.2,0.2,19.7,,,,,,
MACEDON RANGES,2016,360,2444.0,3.0,27,0.4,0.9,0.2,0.2,19.7,,,,,,
MACEDON RANGES,2016,360,2444.0,3.0,27,0.4,0.9,0.2,0.2,19.7,,,,,,
MACEDON RANGES,2016,369,2444.0,3.0,27,0.4,0.9,0.2,0.2,19.7,,,,,,
MACEDON RANGES,2016,360,2444.0,3.0,27,0.4,0.9,0.2,0.2,19.7,,,,,,
MACEDON RANGES,2017,381,2115.0,3.0,27,0.4,0.9,0.2,0.2,19.7,,,,,,
MACEDON RANGES,2017,370,2115.0,3.0,27,0.4,0.9,0.2,0.2,19.7,,,,,,
MACEDON RANGES,2017,380,2115.0,3.0,27,0.4,0.9,0.2,0.2,19.7,,,,,,
MACEDON RANGES,2017,400,2115.0,3.0,27,0.4,0.9,0.2,0.2,19.7,,,,,,
MACEDON RANGES,2018,405,2329.0,3.0,27,0.4,0.9,0.2,0.2,19.7,,,,,,
MACEDON RANGES,2018,400,2329.0,3.0,27,0.4,0.9,0.2,0.2,19.7,,,,,,
MACEDON RANGES,2018,400,2329.0,3.0,27,0.4,0.9,0.2,0.2,19.7,,,,,,
MACEDON RANGES,2018,420,2329.0,3.0,27,0.4,0.9,0.2,0.2,19.7,,,,,,
MACEDON RANGES,2019,435,2447.0,3.0,27,0.4,0.9,0.2,0.2,19.7,,,,,,
MACEDON RANGES,2019,445,2447.0,3.0,27,0.4,0.9,0.2,0.2,19.7,,,,,,
MACEDON RANGES,2019,430,2447.0,3.0,27,0.4,0.9,0.2,0.2,19.7,,,,,,
MACEDON RANGES,2019,440,2447.0,3.0,27,0.4,0.9,0.2,0.2,19.7,,,,,,
MACEDON RANGES,2020,440,2722.0,3.0,27,0.4,0.9,0.2,0.2,19.7,,,,,,
MACEDON RANGES,2020,430,2722.0,3.0,27,0.4,0.9,0.2,0.2,19.7,,,,,,
MACEDON RANGES,2020,420,2722.0,3.0,27,0.4,0.9,0.2,0.2,19.7,,,,,,
MACEDON RANGES,2020,450,2722.0,3.0,27,0.4,0.9,0.2,0.2,19.7,,,,,,
MACEDON RANGES,2021,470,2001.0,3.0,27,0.4,0.9,0.2,0.2,19.7,,,,,,
MACEDON RANGES,2021,470,2001.0,3.0,27,0.4,0.9,0.2,0.2,19.7,,,,,,
MACEDON RANGES,2021,460,2001.0,3.0,27,0.4,0.9,0.2,0.2,19.7,,,,,,
MACEDON RANGES,2021,460,2001.0,3.0,27,0.4,0.9,0.2,0.2,19.7,,,,,,
MACEDON RANGES,2022,480,2026.0,3.0,27,0.4,0.9,0.2,0.2,19.7,,,,,,
MACEDON RANGES,2022,485,2026.0,3.0,27,0.4,0.9,0.2,0.2,19.7,,,,,,
MACEDON RANGES,2022,480,2026.0,3.0,27,0.4,0.9,0.2,0.2,19.7,,,,,,
MACEDON RANGES,2022,500,2026.0,3.0,27,0.4,0.9,0.2,0.2,19.7,,,,,,
MACEDON RANGES,2023,500,2124.0,3.0,27,0.4,0.9,0.2,0.2,19.7,,,,,,
MACEDON RANGES,2023,510,2124.0,3.0,27,0.4,0.9,0.2,0.2,19.7,,,,,,
MACEDON RANGES,2023,500,2124.0,3.0,27,0.4,0.9,0.2,0.2,19.7,,,,,,
MACEDON RANGES,2023,520,2124.0,3.0,27,0.4,0.9,0.2,0.2,19.7,,,,,,
MACEDON RANGES,2024,550,2587.0,3.0,27,0.4,0.9,0.2,0.2,19.7,,,,,,
MACEDON RANGES,2024,550,2587.0,3.0,27,0.4,0.9,0.2,0.2,19.7,,,,,,
MACEDON RANGES,2024,555,2587.0,3.0,27,0.4,0.9,0.2,0.2,19.7,,,,,,
MACEDON RANGES,2024,583,2587.0,3.0,27,0.4,0.9,0.2,0.2,19.7,,,,,,
MACEDON RANGES,2025,570,2620.0,3.0,27,0.4,0.9,0.2,0.2,19.7,,,,,,
MACEDON RANGES,2025,550,2620.0,3.0,27,0.4,0.9,0.2,0.2,19.7,,,,,,
MACEDON RANGES,2025,580,2620.0,3.0,27,0.4,0.9,0.2,0.2,19.7,,,,,,
MANNINGHAM,1999,215,,1.0,31,0.3,0.9,0.4,0.1,24.3,699 Doncaster Road, Doncaster VIC 3108,-37.7878,145.1246,15.18,18.5
MANNINGHAM,1999,210,,1.0,31,0.3,0.9,0.4,0.1,24.3,699 Doncaster Road, Doncaster VIC 3108,-37.7878,145.1246,15.18,18.5
MANNINGHAM,1999,220,,1.0,31,0.3,0.9,0.4,0.1,24.3,699 Doncaster Road, Doncaster VIC 3108,-37.7878,145.1246,15.18,18.5
MANNINGHAM,2000,225,,1.0,31,0.3,0.9,0.4,0.1,24.3,699 Doncaster Road, Doncaster VIC 3108,-37.7878,145.1246,15.18,18.5
MANNINGHAM,2000,225,,1.0,31,0.3,0.9,0.4,0.1,24.3,699 Doncaster Road, Doncaster VIC 3108,-37.7878,145.1246,15.18,18.5
MANNINGHAM,2000,225,,1.0,31,0.3,0.9,0.4,0.1,24.3,699 Doncaster Road, Doncaster VIC 3108,-37.7878,145.1246,15.18,18.5
MANNINGHAM,2000,230,,1.0,31,0.3,0.9,0.4,0.1,24.3,699 Doncaster Road, Doncaster VIC 3108,-37.7878,145.1246,15.18,18.5
MANNINGHAM,2001,235,,1.0,31,0.3,0.9,0.4,0.1,24.3,699 Doncaster Road, Doncaster VIC 3108,-37.7878,145.1246,15.18,18.5
MANNINGHAM,2001,230,,1.0,31,0.3,0.9,0.4,0.1,24.3,699 Doncaster Road, Doncaster VIC 3108,-37.7878,145.1246,15.18,18.5
MANNINGHAM,2001,240,,1.0,31,0.3,0.9,0.4,0.1,24.3,699 Doncaster Road, Doncaster VIC 3108,-37.7878,145.1246,15.18,18.5
MANNINGHAM,2001,250,,1.0,31,0.3,0.9,0.4,0.1,24.3,699 Doncaster Road, Doncaster VIC 3108,-37.7878,145.1246,15.18,18.5
MANNINGHAM,2002,250,,1.0,31,0.3,0.9,0.4,0.1,24.3,699 Doncaster Road, Doncaster VIC 3108,-37.7878,145.1246,15.18,18.5
MANNINGHAM,2002,250,,1.0,31,0.3,0.9,0.4,0.1,24.3,699 Doncaster Road, Doncaster VIC 3108,-37.7878,145.1246,15.18,18.5
MANNINGHAM,2002,240,,1.0,31,0.3,0.9,0.4,0.1,24.3,699 Doncaster Road, Doncaster VIC 3108,-37.7878,145.1246,15.18,18.5
MANNINGHAM,2002,250,,1.0,31,0.3,0.9,0.4,0.1,24.3,699 Doncaster Road, Doncaster VIC 3108,-37.7878,145.1246,15.18,18.5
MANNINGHAM,2003,250,,1.0,31,0.3,0.9,0.4,0.1,24.3,699 Doncaster Road, Doncaster VIC 3108,-37.7878,145.1246,15.18,18.5
MANNINGHAM,2003,250,,1.0,31,0.3,0.9,0.4,0.1,24.3,699 Doncaster Road, Doncaster VIC 3108,-37.7878,145.1246,15.18,18.5
MANNINGHAM,2003,248,,1.0,31,0.3,0.9,0.4,0.1,24.3,699 Doncaster Road, Doncaster VIC 3108,-37.7878,145.1246,15.18,18.5
MANNINGHAM,2003,258,,1.0,31,0.3,0.9,0.4,0.1,24.3,699 Doncaster Road, Doncaster VIC 3108,-37.7878,145.1246,15.18,18.5
MANNINGHAM,2004,255,,1.0,31,0.3,0.9,0.4,0.1,24.3,699 Doncaster Road, Doncaster VIC 3108,-37.7878,145.1246,15.18,18.5
MANNINGHAM,2004,260,,1.0,31,0.3,0.9,0.4,0.1,24.3,699 Doncaster Road, Doncaster VIC 3108,-37.7878,145.1246,15.18,18.5
MANNINGHAM,2004,255,,1.0,31,0.3,0.9,0.4,0.1,24.3,699 Doncaster Road, Doncaster VIC 3108,-37.7878,145.1246,15.18,18.5
MANNINGHAM,2004,260,,1.0,31,0.3,0.9,0.4,0.1,24.3,699 Doncaster Road, Doncaster VIC 3108,-37.7878,145.1246,15.18,18.5
MANNINGHAM,2005,265,,1.0,31,0.3,0.9,0.4,0.1,24.3,699 Doncaster Road, Doncaster VIC 3108,-37.7878,145.1246,15.18,18.5
MANNINGHAM,2005,260,,1.0,31,0.3,0.9,0.4,0.1,24.3,699 Doncaster Road, Doncaster VIC 3108,-37.7878,145.1246,15.18,18.5
MANNINGHAM,2005,270,,1.0,31,0.3,0.9,0.4,0.1,24.3,699 Doncaster Road, Doncaster VIC 3108,-37.7878,145.1246,15.18,18.5
MANNINGHAM,2005,280,,1.0,31,0.3,0.9,0.4,0.1,24.3,699 Doncaster Road, Doncaster VIC 3108,-37.7878,145.1246,15.18,18.5
MANNINGHAM,2006,275,,1.0,31,0.3,0.9,0.4,0.1,24.3,699 Doncaster Road, Doncaster VIC 3108,-37.7878,145.1246,15.18,18.5
MANNINGHAM,2006,280,,1.0,31,0.3,0.9,0.4,0.1,24.3,699 Doncaster Road, Doncaster VIC 3108,-37.7878,145.1246,15.18,18.5
MANNINGHAM,2006,281,,1.0,31,0.3,0.9,0.4,0.1,24.3,699 Doncaster Road, Doncaster VIC 3108,-37.7878,145.1246,15.18,18.5
MANNINGHAM,2006,300,,1.0,31,0.3,0.9,0.4,0.1,24.3,699 Doncaster Road, Doncaster VIC 3108,-37.7878,145.1246,15.18,18.5
MANNINGHAM,2007,310,,1.0,31,0.3,0.9,0.4,0.1,24.3,699 Doncaster Road, Doncaster VIC 3108,-37.7878,145.1246,15.18,18.5
MANNINGHAM,2007,310,,1.0,31,0.3,0.9,0.4,0.1,24.3,699 Doncaster Road, Doncaster VIC 3108,-37.7878,145.1246,15.18,18.5
MANNINGHAM,2007,310,,1.0,31,0.3,0.9,0.4,0.1,24.3,699 Doncaster Road, Doncaster VIC 3108,-37.7878,145.1246,15.18,18.5
MANNINGHAM,2007,350,,1.0,31,0.3,0.9,0.4,0.1,24.3,699 Doncaster Road, Doncaster VIC 3108,-37.7878,145.1246,15.18,18.5
MANNINGHAM,2008,340,,1.0,31,0.3,0.9,0.4,0.1,24.3,699 Doncaster Road, Doncaster VIC 3108,-37.7878,145.1246,15.18,18.5
MANNINGHAM,2008,350,,1.0,31,0.3,0.9,0.4,0.1,24.3,699 Doncaster Road, Doncaster VIC 3108,-37.7878,145.1246,15.18,18.5
MANNINGHAM,2008,360,,1.0,31,0.3,0.9,0.4,0.1,24.3,699 Doncaster Road, Doncaster VIC 3108,-37.7878,145.1246,15.18,18.5
MANNINGHAM,2008,360,,1.0,31,0.3,0.9,0.4,0.1,24.3,699 Doncaster Road, Doncaster VIC 3108,-37.7878,145.1246,15.18,18.5
MANNINGHAM,2009,355,,1.0,31,0.3,0.9,0.4,0.1,24.3,699 Doncaster Road, Doncaster VIC 3108,-37.7878,145.1246,15.18,18.5
MANNINGHAM,2009,360,,1.0,31,0.3,0.9,0.4,0.1,24.3,699 Doncaster Road, Doncaster VIC 3108,-37.7878,145.1246,15.18,18.5
MANNINGHAM,2009,360,,1.0,31,0.3,0.9,0.4,0.1,24.3,699 Doncaster Road, Doncaster VIC 3108,-37.7878,145.1246,15.18,18.5
MANNINGHAM,2009,375,,1.0,31,0.3,0.9,0.4,0.1,24.3,699 Doncaster Road, Doncaster VIC 3108,-37.7878,145.1246,15.18,18.5
MANNINGHAM,2010,380,,1.0,31,0.3,0.9,0.4,0.1,24.3,699 Doncaster Road, Doncaster VIC 3108,-37.7878,145.1246,15.18,18.5
MANNINGHAM,2010,375,,1.0,31,0.3,0.9,0.4,0.1,24.3,699 Doncaster Road, Doncaster VIC 3108,-37.7878,145.1246,15.18,18.5
MANNINGHAM,2010,385,,1.0,31,0.3,0.9,0.4,0.1,24.3,699 Doncaster Road, Doncaster VIC 3108,-37.7878,145.1246,15.18,18.5
MANNINGHAM,2010,380,,1.0,31,0.3,0.9,0.4,0.1,24.3,699 Doncaster Road, Doncaster VIC 3108,-37.7878,145.1246,15.18,18.5
MANNINGHAM,2011,390,,1.0,31,0.3,0.9,0.4,0.1,24.3,699 Doncaster Road, Doncaster VIC 3108,-37.7878,145.1246,15.18,18.5
MANNINGHAM,2011,400,,1.0,31,0.3,0.9,0.4,0.1,24.3,699 Doncaster Road, Doncaster VIC 3108,-37.7878,145.1246,15.18,18.5
MANNINGHAM,2011,395,,1.0,31,0.3,0.9,0.4,0.1,24.3,699 Doncaster Road, Doncaster VIC 3108,-37.7878,145.1246,15.18,18.5
MANNINGHAM,2011,400,,1.0,31,0.3,0.9,0.4,0.1,24.3,699 Doncaster Road, Doncaster VIC 3108,-37.7878,145.1246,15.18,18.5
MANNINGHAM,2012,400,,1.0,31,0.3,0.9,0.4,0.1,24.3,699 Doncaster Road, Doncaster VIC 3108,-37.7878,145.1246,15.18,18.5
MANNINGHAM,2012,395,,1.0,31,0.3,0.9,0.4,0.1,24.3,699 Doncaster Road, Doncaster VIC 3108,-37.7878,145.1246,15.18,18.5
MANNINGHAM,2012,395,,1.0,31,0.3,0.9,0.4,0.1,24.3,699 Doncaster Road, Doncaster VIC 3108,-37.7878,145.1246,15.18,18.5
MANNINGHAM,2012,410,,1.0,31,0.3,0.9,0.4,0.1,24.3,699 Doncaster Road, Doncaster VIC 3108,-37.7878,145.1246,15.18,18.5
MANNINGHAM,2013,410,,1.0,31,0.3,0.9,0.4,0.1,24.3,699 Doncaster Road, Doncaster VIC 3108,-37.7878,145.1246,15.18,18.5
MANNINGHAM,2013,400,,1.0,31,0.3,0.9,0.4,0.1,24.3,699 Doncaster Road, Doncaster VIC 3108,-37.7878,145.1246,15.18,18.5
MANNINGHAM,2013,405,,1.0,31,0.3,0.9,0.4,0.1,24.3,699 Doncaster Road, Doncaster VIC 3108,-37.7878,145.1246,15.18,18.5
MANNINGHAM,2013,420,,1.0,31,0.3,0.9,0.4,0.1,24.3,699 Doncaster Road, Doncaster VIC 3108,-37.7878,145.1246,15.18,18.5
MANNINGHAM,2014,420,,1.0,31,0.3,0.9,0.4,0.1,24.3,699 Doncaster Road, Doncaster VIC 3108,-37.7878,145.1246,15.18,18.5
MANNINGHAM,2014,425,,1.0,31,0.3,0.9,0.4,0.1,24.3,699 Doncaster Road, Doncaster VIC 3108,-37.7878,145.1246,15.18,18.5
MANNINGHAM,2014,428,,1.0,31,0.3,0.9,0.4,0.1,24.3,699 Doncaster Road, Doncaster VIC 3108,-37.7878,145.1246,15.18,18.5
MANNINGHAM,2014,430,,1.0,31,0.3,0.9,0.4,0.1,24.3,699 Doncaster Road, Doncaster VIC 3108,-37.7878,145.1246,15.18,18.5
MANNINGHAM,2015,440,,1.0,31,0.3,0.9,0.4,0.1,24.3,699 Doncaster Road, Doncaster VIC 3108,-37.7878,145.1246,15.18,18.5
MANNINGHAM,2015,440,,1.0,31,0.3,0.9,0.4,0.1,24.3,699 Doncaster Road, Doncaster VIC 3108,-37.7878,145.1246,15.18,18.5
MANNINGHAM,2015,435,,1.0,31,0.3,0.9,0.4,0.1,24.3,699 Doncaster Road, Doncaster VIC 3108,-37.7878,145.1246,15.18,18.5
MANNINGHAM,2015,450,,1.0,31,0.3,0.9,0.4,0.1,24.3,699 Doncaster Road, Doncaster VIC 3108,-37.7878,145.1246,15.18,18.5
MANNINGHAM,2016,450,5002.0,1.0,31,0.3,0.9,0.4,0.1,24.3,699 Doncaster Road, Doncaster VIC 3108,-37.7878,145.1246,15.18,18.5
MANNINGHAM,2016,450,5002.0,1.0,31,0.3,0.9,0.4,0.1,24.3,699 Doncaster Road, Doncaster VIC 3108,-37.7878,145.1246,15.18,18.5
MANNINGHAM,2016,420,5002.0,1.0,31,0.3,0.9,0.4,0.1,24.3,699 Doncaster Road, Doncaster VIC 3108,-37.7878,145.1246,15.18,18.5
MANNINGHAM,2016,450,5002.0,1.0,31,0.3,0.9,0.4,0.1,24.3,699 Doncaster Road, Doncaster VIC 3108,-37.7878,145.1246,15.18,18.5
MANNINGHAM,2017,450,4887.0,1.0,31,0.3,0.9,0.4,0.1,24.3,699 Doncaster Road, Doncaster VIC 3108,-37.7878,145.1246,15.18,18.5
MANNINGHAM,2017,450,4887.0,1.0,31,0.3,0.9,0.4,0.1,24.3,699 Doncaster Road, Doncaster VIC 3108,-37.7878,145.1246,15.18,18.5
MANNINGHAM,2017,450,4887.0,1.0,31,0.3,0.9,0.4,0.1,24.3,699 Doncaster Road, Doncaster VIC 3108,-37.7878,145.1246,15.18,18.5
MANNINGHAM,2017,460,4887.0,1.0,31,0.3,0.9,0.4,0.1,24.3,699 Doncaster Road, Doncaster VIC 3108,-37.7878,145.1246,15.18,18.5
MANNINGHAM,2018,460,4359.0,1.0,31,0.3,0.9,0.4,0.1,24.3,699 Doncaster Road, Doncaster VIC 3108,-37.7878,145.1246,15.18,18.5
MANNINGHAM,2018,475,4359.0,1.0,31,0.3,0.9,0.4,0.1,24.3,699 Doncaster Road, Doncaster VIC 3108,-37.7878,145.1246,15.18,18.5
MANNINGHAM,2018,460,4359.0,1.0,31,0.3,0.9,0.4,0.1,24.3,699 Doncaster Road, Doncaster VIC 3108,-37.7878,145.1246,15.18,18.5
MANNINGHAM,2018,470,4359.0,1.0,31,0.3,0.9,0.4,0.1,24.3,699 Doncaster Road, Doncaster VIC 3108,-37.7878,145.1246,15.18,18.5
MANNINGHAM,2019,470,5129.0,1.0,31,0.3,0.9,0.4,0.1,24.3,699 Doncaster Road, Doncaster VIC 3108,-37.7878,145.1246,15.18,18.5
MANNINGHAM,2019,475,5129.0,1.0,31,0.3,0.9,0.4,0.1,24.3,699 Doncaster Road, Doncaster VIC 3108,-37.7878,145.1246,15.18,18.5
MANNINGHAM,2019,470,5129.0,1.0,31,0.3,0.9,0.4,0.1,24.3,699 Doncaster Road, Doncaster VIC 3108,-37.7878,145.1246,15.18,18.5
MANNINGHAM,2019,475,5129.0,1.0,31,0.3,0.9,0.4,0.1,24.3,699 Doncaster Road, Doncaster VIC 3108,-37.7878,145.1246,15.18,18.5
MANNINGHAM,2020,470,4814.0,1.0,31,0.3,0.9,0.4,0.1,24.3,699 Doncaster Road, Doncaster VIC 3108,-37.7878,145.1246,15.18,18.5
MANNINGHAM,2020,450,4814.0,1.0,31,0.3,0.9,0.4,0.1,24.3,699 Doncaster Road, Doncaster VIC 3108,-37.7878,145.1246,15.18,18.5
MANNINGHAM,2020,450,4814.0,1.0,31,0.3,0.9,0.4,0.1,24.3,699 Doncaster Road, Doncaster VIC 3108,-37.7878,145.1246,15.18,18.5
MANNINGHAM,2020,460,4814.0,1.0,31,0.3,0.9,0.4,0.1,24.3,699 Doncaster Road, Doncaster VIC 3108,-37.7878,145.1246,15.18,18.5
MANNINGHAM,2021,450,4001.0,1.0,31,0.3,0.9,0.4,0.1,24.3,699 Doncaster Road, Doncaster VIC 3108,-37.7878,145.1246,15.18,18.5
MANNINGHAM,2021,450,4001.0,1.0,31,0.3,0.9,0.4,0.1,24.3,699 Doncaster Road, Doncaster VIC 3108,-37.7878,145.1246,15.18,18.5
MANNINGHAM,2021,460,4001.0,1.0,31,0.3,0.9,0.4,0.1,24.3,699 Doncaster Road, Doncaster VIC 3108,-37.7878,145.1246,15.18,18.5
MANNINGHAM,2021,480,4001.0,1.0,31,0.3,0.9,0.4,0.1,24.3,699 Doncaster Road, Doncaster VIC 3108,-37.7878,145.1246,15.18,18.5
MANNINGHAM,2022,475,3807.0,1.0,31,0.3,0.9,0.4,0.1,24.3,699 Doncaster Road, Doncaster VIC 3108,-37.7878,145.1246,15.18,18.5
MANNINGHAM,2022,480,3807.0,1.0,31,0.3,0.9,0.4,0.1,24.3,699 Doncaster Road, Doncaster VIC 3108,-37.7878,145.1246,15.18,18.5
MANNINGHAM,2022,495,3807.0,1.0,31,0.3,0.9,0.4,0.1,24.3,699 Doncaster Road, Doncaster VIC 3108,-37.7878,145.1246,15.18,18.5
MANNINGHAM,2022,500,3807.0,1.0,31,0.3,0.9,0.4,0.1,24.3,699 Doncaster Road, Doncaster VIC 3108,-37.7878,145.1246,15.18,18.5
MANNINGHAM,2023,550,4802.0,1.0,31,0.3,0.9,0.4,0.1,24.3,699 Doncaster Road, Doncaster VIC 3108,-37.7878,145.1246,15.18,18.5
MANNINGHAM,2023,575,4802.0,1.0,31,0.3,0.9,0.4,0.1,24.3,699 Doncaster Road, Doncaster VIC 3108,-37.7878,145.1246,15.18,18.5
MANNINGHAM,2023,590,4802.0,1.0,31,0.3,0.9,0.4,0.1,24.3,699 Doncaster Road, Doncaster VIC 3108,-37.7878,145.1246,15.18,18.5
MANNINGHAM,2023,600,4802.0,1.0,31,0.3,0.9,0.4,0.1,24.3,699 Doncaster Road, Doncaster VIC 3108,-37.7878,145.1246,15.18,18.5
MANNINGHAM,2024,613,5492.0,1.0,31,0.3,0.9,0.4,0.1,24.3,699 Doncaster Road, Doncaster VIC 3108,-37.7878,145.1246,15.18,18.5
MANNINGHAM,2024,630,5492.0,1.0,31,0.3,0.9,0.4,0.1,24.3,699 Doncaster Road, Doncaster VIC 3108,-37.7878,145.1246,15.18,18.5
MANNINGHAM,2024,625,5492.0,1.0,31,0.3,0.9,0.4,0.1,24.3,699 Doncaster Road, Doncaster VIC 3108,-37.7878,145.1246,15.18,18.5
MANNINGHAM,2024,650,5492.0,1.0,31,0.3,0.9,0.4,0.1,24.3,699 Doncaster Road, Doncaster VIC 3108,-37.7878,145.1246,15.18,18.5
MANNINGHAM,2025,650,5053.0,1.0,31,0.3,0.9,0.4,0.1,24.3,699 Doncaster Road, Doncaster VIC 3108,-37.7878,145.1246,15.18,18.5
MANNINGHAM,2025,650,5053.0,1.0,31,0.3,0.9,0.4,0.1,24.3,699 Doncaster Road, Doncaster VIC 3108,-37.7878,145.1246,15.18,18.5
MANNINGHAM,2025,680,5053.0,1.0,31,0.3,0.9,0.4,0.1,24.3,699 Doncaster Road, Doncaster VIC 3108,-37.7878,145.1246,15.18,18.5
MANSFIELD,1999,130,,2.0,7,0.6,1.2,0.1,0.5,30.8,,,,,,
MANSFIELD,1999,125,,2.0,7,0.6,1.2,0.1,0.5,30.8,,,,,,
MANSFIELD,1999,130,,2.0,7,0.6,1.2,0.1,0.5,30.8,,,,,,
MANSFIELD,2000,135,,2.0,7,0.6,1.2,0.1,0.5,30.8,,,,,,
MANSFIELD,2000,130,,2.0,7,0.6,1.2,0.1,0.5,30.8,,,,,,
MANSFIELD,2000,143,,2.0,7,0.6,1.2,0.1,0.5,30.8,,,,,,
MANSFIELD,2000,140,,2.0,7,0.6,1.2,0.1,0.5,30.8,,,,,,
MANSFIELD,2001,140,,2.0,7,0.6,1.2,0.1,0.5,30.8,,,,,,
MANSFIELD,2001,135,,2.0,7,0.6,1.2,0.1,0.5,30.8,,,,,,
MANSFIELD,2001,135,,2.0,7,0.6,1.2,0.1,0.5,30.8,,,,,,
MANSFIELD,2001,140,,2.0,7,0.6,1.2,0.1,0.5,30.8,,,,,,
MANSFIELD,2002,140,,2.0,7,0.6,1.2,0.1,0.5,30.8,,,,,,
MANSFIELD,2002,140,,2.0,7,0.6,1.2,0.1,0.5,30.8,,,,,,
MANSFIELD,2002,148,,2.0,7,0.6,1.2,0.1,0.5,30.8,,,,,,
MANSFIELD,2002,150,,2.0,7,0.6,1.2,0.1,0.5,30.8,,,,,,
MANSFIELD,2003,153,,2.0,7,0.6,1.2,0.1,0.5,30.8,,,,,,
MANSFIELD,2003,150,,2.0,7,0.6,1.2,0.1,0.5,30.8,,,,,,
MANSFIELD,2003,150,,2.0,7,0.6,1.2,0.1,0.5,30.8,,,,,,
MANSFIELD,2003,170,,2.0,7,0.6,1.2,0.1,0.5,30.8,,,,,,
MANSFIELD,2004,175,,2.0,7,0.6,1.2,0.1,0.5,30.8,,,,,,
MANSFIELD,2004,170,,2.0,7,0.6,1.2,0.1,0.5,30.8,,,,,,
MANSFIELD,2004,160,,2.0,7,0.6,1.2,0.1,0.5,30.8,,,,,,
MANSFIELD,2004,165,,2.0,7,0.6,1.2,0.1,0.5,30.8,,,,,,
MANSFIELD,2005,183,,2.0,7,0.6,1.2,0.1,0.5,30.8,,,,,,
MANSFIELD,2005,185,,2.0,7,0.6,1.2,0.1,0.5,30.8,,,,,,
MANSFIELD,2005,180,,2.0,7,0.6,1.2,0.1,0.5,30.8,,,,,,
MANSFIELD,2005,178,,2.0,7,0.6,1.2,0.1,0.5,30.8,,,,,,
MANSFIELD,2006,185,,2.0,7,0.6,1.2,0.1,0.5,30.8,,,,,,
MANSFIELD,2006,195,,2.0,7,0.6,1.2,0.1,0.5,30.8,,,,,,
MANSFIELD,2006,195,,2.0,7,0.6,1.2,0.1,0.5,30.8,,,,,,
MANSFIELD,2006,220,,2.0,7,0.6,1.2,0.1,0.5,30.8,,,,,,
MANSFIELD,2007,190,,2.0,7,0.6,1.2,0.1,0.5,30.8,,,,,,
MANSFIELD,2007,200,,2.0,7,0.6,1.2,0.1,0.5,30.8,,,,,,
MANSFIELD,2007,190,,2.0,7,0.6,1.2,0.1,0.5,30.8,,,,,,
MANSFIELD,2007,195,,2.0,7,0.6,1.2,0.1,0.5,30.8,,,,,,
MANSFIELD,2008,200,,2.0,7,0.6,1.2,0.1,0.5,30.8,,,,,,
MANSFIELD,2008,218,,2.0,7,0.6,1.2,0.1,0.5,30.8,,,,,,
MANSFIELD,2008,210,,2.0,7,0.6,1.2,0.1,0.5,30.8,,,,,,
MANSFIELD,2008,200,,2.0,7,0.6,1.2,0.1,0.5,30.8,,,,,,
MANSFIELD,2009,200,,2.0,7,0.6,1.2,0.1,0.5,30.8,,,,,,
MANSFIELD,2009,200,,2.0,7,0.6,1.2,0.1,0.5,30.8,,,,,,
MANSFIELD,2009,200,,2.0,7,0.6,1.2,0.1,0.5,30.8,,,,,,
MANSFIELD,2009,200,,2.0,7,0.6,1.2,0.1,0.5,30.8,,,,,,
MANSFIELD,2010,205,,2.0,7,0.6,1.2,0.1,0.5,30.8,,,,,,
MANSFIELD,2010,220,,2.0,7,0.6,1.2,0.1,0.5,30.8,,,,,,
MANSFIELD,2010,228,,2.0,7,0.6,1.2,0.1,0.5,30.8,,,,,,
MANSFIELD,2010,245,,2.0,7,0.6,1.2,0.1,0.5,30.8,,,,,,
MANSFIELD,2011,230,,2.0,7,0.6,1.2,0.1,0.5,30.8,,,,,,
MANSFIELD,2011,240,,2.0,7,0.6,1.2,0.1,0.5,30.8,,,,,,
MANSFIELD,2011,245,,2.0,7,0.6,1.2,0.1,0.5,30.8,,,,,,
MANSFIELD,2011,250,,2.0,7,0.6,1.2,0.1,0.5,30.8,,,,,,
MANSFIELD,2012,265,,2.0,7,0.6,1.2,0.1,0.5,30.8,,,,,,
MANSFIELD,2012,255,,2.0,7,0.6,1.2,0.1,0.5,30.8,,,,,,
MANSFIELD,2012,250,,2.0,7,0.6,1.2,0.1,0.5,30.8,,,,,,
MANSFIELD,2012,258,,2.0,7,0.6,1.2,0.1,0.5,30.8,,,,,,
MANSFIELD,2013,278,,2.0,7,0.6,1.2,0.1,0.5,30.8,,,,,,
MANSFIELD,2013,280,,2.0,7,0.6,1.2,0.1,0.5,30.8,,,,,,
MANSFIELD,2013,260,,2.0,7,0.6,1.2,0.1,0.5,30.8,,,,,,
MANSFIELD,2013,280,,2.0,7,0.6,1.2,0.1,0.5,30.8,,,,,,
MANSFIELD,2014,280,,2.0,7,0.6,1.2,0.1,0.5,30.8,,,,,,
MANSFIELD,2014,280,,2.0,7,0.6,1.2,0.1,0.5,30.8,,,,,,
MANSFIELD,2014,293,,2.0,7,0.6,1.2,0.1,0.5,30.8,,,,,,
MANSFIELD,2014,280,,2.0,7,0.6,1.2,0.1,0.5,30.8,,,,,,
MANSFIELD,2015,263,,2.0,7,0.6,1.2,0.1,0.5,30.8,,,,,,
MANSFIELD,2015,290,,2.0,7,0.6,1.2,0.1,0.5,30.8,,,,,,
MANSFIELD,2015,300,,2.0,7,0.6,1.2,0.1,0.5,30.8,,,,,,
MANSFIELD,2015,280,,2.0,7,0.6,1.2,0.1,0.5,30.8,,,,,,
MANSFIELD,2016,300,618.0,2.0,7,0.6,1.2,0.1,0.5,30.8,,,,,,
MANSFIELD,2016,280,618.0,2.0,7,0.6,1.2,0.1,0.5,30.8,,,,,,
MANSFIELD,2016,300,618.0,2.0,7,0.6,1.2,0.1,0.5,30.8,,,,,,
MANSFIELD,2016,300,618.0,2.0,7,0.6,1.2,0.1,0.5,30.8,,,,,,
MANSFIELD,2017,300,664.0,2.0,7,0.6,1.2,0.1,0.5,30.8,,,,,,
MANSFIELD,2017,323,664.0,2.0,7,0.6,1.2,0.1,0.5,30.8,,,,,,
MANSFIELD,2017,290,664.0,2.0,7,0.6,1.2,0.1,0.5,30.8,,,,,,
MANSFIELD,2017,330,664.0,2.0,7,0.6,1.2,0.1,0.5,30.8,,,,,,
MANSFIELD,2018,330,480.0,2.0,7,0.6,1.2,0.1,0.5,30.8,,,,,,
MANSFIELD,2018,335,480.0,2.0,7,0.6,1.2,0.1,0.5,30.8,,,,,,
MANSFIELD,2018,343,480.0,2.0,7,0.6,1.2,0.1,0.5,30.8,,,,,,
MANSFIELD,2018,350,480.0,2.0,7,0.6,1.2,0.1,0.5,30.8,,,,,,
MANSFIELD,2019,360,471.0,2.0,7,0.6,1.2,0.1,0.5,30.8,,,,,,
MANSFIELD,2019,375,471.0,2.0,7,0.6,1.2,0.1,0.5,30.8,,,,,,
MANSFIELD,2019,350,471.0,2.0,7,0.6,1.2,0.1,0.5,30.8,,,,,,
MANSFIELD,2019,355,471.0,2.0,7,0.6,1.2,0.1,0.5,30.8,,,,,,
MANSFIELD,2020,365,512.0,2.0,7,0.6,1.2,0.1,0.5,30.8,,,,,,
MANSFIELD,2020,370,512.0,2.0,7,0.6,1.2,0.1,0.5,30.8,,,,,,
MANSFIELD,2020,380,512.0,2.0,7,0.6,1.2,0.1,0.5,30.8,,,,,,
MANSFIELD,2020,360,512.0,2.0,7,0.6,1.2,0.1,0.5,30.8,,,,,,
MANSFIELD,2021,375,487.0,2.0,7,0.6,1.2,0.1,0.5,30.8,,,,,,
MANSFIELD,2021,390,487.0,2.0,7,0.6,1.2,0.1,0.5,30.8,,,,,,
MANSFIELD,2021,400,487.0,2.0,7,0.6,1.2,0.1,0.5,30.8,,,,,,
MANSFIELD,2021,425,487.0,2.0,7,0.6,1.2,0.1,0.5,30.8,,,,,,
MANSFIELD,2022,420,383.0,2.0,7,0.6,1.2,0.1,0.5,30.8,,,,,,
MANSFIELD,2022,450,383.0,2.0,7,0.6,1.2,0.1,0.5,30.8,,,,,,
MANSFIELD,2022,475,383.0,2.0,7,0.6,1.2,0.1,0.5,30.8,,,,,,
MANSFIELD,2022,480,383.0,2.0,7,0.6,1.2,0.1,0.5,30.8,,,,,,
MANSFIELD,2023,480,603.0,2.0,7,0.6,1.2,0.1,0.5,30.8,,,,,,
MANSFIELD,2023,500,603.0,2.0,7,0.6,1.2,0.1,0.5,30.8,,,,,,
MANSFIELD,2023,460,603.0,2.0,7,0.6,1.2,0.1,0.5,30.8,,,,,,
MANSFIELD,2023,471,603.0,2.0,7,0.6,1.2,0.1,0.5,30.8,,,,,,
MANSFIELD,2024,511,471.0,2.0,7,0.6,1.2,0.1,0.5,30.8,,,,,,
MANSFIELD,2024,530,471.0,2.0,7,0.6,1.2,0.1,0.5,30.8,,,,,,
MANSFIELD,2024,500,471.0,2.0,7,0.6,1.2,0.1,0.5,30.8,,,,,,
MANSFIELD,2024,530,471.0,2.0,7,0.6,1.2,0.1,0.5,30.8,,,,,,
MANSFIELD,2025,525,402.0,2.0,7,0.6,1.2,0.1,0.5,30.8,,,,,,
MANSFIELD,2025,550,402.0,2.0,7,0.6,1.2,0.1,0.5,30.8,,,,,,
MANSFIELD,2025,550,402.0,2.0,7,0.6,1.2,0.1,0.5,30.8,,,,,,
MARIBYRNONG,1999,140,,1.0,22,0.5,0.8,0.4,0.4,21.8,61 Napier St, Footscray VIC 3011,-37.8005,144.9008,5.7,6.6
MARIBYRNONG,1999,145,,1.0,22,0.5,0.8,0.4,0.4,21.8,61 Napier St, Footscray VIC 3011,-37.8005,144.9008,5.7,6.6
MARIBYRNONG,1999,150,,1.0,22,0.5,0.8,0.4,0.4,21.8,61 Napier St, Footscray VIC 3011,-37.8005,144.9008,5.7,6.6
MARIBYRNONG,2000,155,,1.0,22,0.5,0.8,0.4,0.4,21.8,61 Napier St, Footscray VIC 3011,-37.8005,144.9008,5.7,6.6
MARIBYRNONG,2000,155,,1.0,22,0.5,0.8,0.4,0.4,21.8,61 Napier St, Footscray VIC 3011,-37.8005,144.9008,5.7,6.6
MARIBYRNONG,2000,160,,1.0,22,0.5,0.8,0.4,0.4,21.8,61 Napier St, Footscray VIC 3011,-37.8005,144.9008,5.7,6.6
MARIBYRNONG,2000,160,,1.0,22,0.5,0.8,0.4,0.4,21.8,61 Napier St, Footscray VIC 3011,-37.8005,144.9008,5.7,6.6
MARIBYRNONG,2001,160,,1.0,22,0.5,0.8,0.4,0.4,21.8,61 Napier St, Footscray VIC 3011,-37.8005,144.9008,5.7,6.6
MARIBYRNONG,2001,160,,1.0,22,0.5,0.8,0.4,0.4,21.8,61 Napier St, Footscray VIC 3011,-37.8005,144.9008,5.7,6.6
MARIBYRNONG,2001,170,,1.0,22,0.5,0.8,0.4,0.4,21.8,61 Napier St, Footscray VIC 3011,-37.8005,144.9008,5.7,6.6
MARIBYRNONG,2001,175,,1.0,22,0.5,0.8,0.4,0.4,21.8,61 Napier St, Footscray VIC 3011,-37.8005,144.9008,5.7,6.6
MARIBYRNONG,2002,175,,1.0,22,0.5,0.8,0.4,0.4,21.8,61 Napier St, Footscray VIC 3011,-37.8005,144.9008,5.7,6.6
MARIBYRNONG,2002,170,,1.0,22,0.5,0.8,0.4,0.4,21.8,61 Napier St, Footscray VIC 3011,-37.8005,144.9008,5.7,6.6
MARIBYRNONG,2002,180,,1.0,22,0.5,0.8,0.4,0.4,21.8,61 Napier St, Footscray VIC 3011,-37.8005,144.9008,5.7,6.6
MARIBYRNONG,2002,180,,1.0,22,0.5,0.8,0.4,0.4,21.8,61 Napier St, Footscray VIC 3011,-37.8005,144.9008,5.7,6.6
MARIBYRNONG,2003,185,,1.0,22,0.5,0.8,0.4,0.4,21.8,61 Napier St, Footscray VIC 3011,-37.8005,144.9008,5.7,6.6
MARIBYRNONG,2003,180,,1.0,22,0.5,0.8,0.4,0.4,21.8,61 Napier St, Footscray VIC 3011,-37.8005,144.9008,5.7,6.6
MARIBYRNONG,2003,185,,1.0,22,0.5,0.8,0.4,0.4,21.8,61 Napier St, Footscray VIC 3011,-37.8005,144.9008,5.7,6.6
MARIBYRNONG,2003,185,,1.0,22,0.5,0.8,0.4,0.4,21.8,61 Napier St, Footscray VIC 3011,-37.8005,144.9008,5.7,6.6
MARIBYRNONG,2004,190,,1.0,22,0.5,0.8,0.4,0.4,21.8,61 Napier St, Footscray VIC 3011,-37.8005,144.9008,5.7,6.6
MARIBYRNONG,2004,190,,1.0,22,0.5,0.8,0.4,0.4,21.8,61 Napier St, Footscray VIC 3011,-37.8005,144.9008,5.7,6.6
MARIBYRNONG,2004,190,,1.0,22,0.5,0.8,0.4,0.4,21.8,61 Napier St, Footscray VIC 3011,-37.8005,144.9008,5.7,6.6
MARIBYRNONG,2004,190,,1.0,22,0.5,0.8,0.4,0.4,21.8,61 Napier St, Footscray VIC 3011,-37.8005,144.9008,5.7,6.6
MARIBYRNONG,2005,195,,1.0,22,0.5,0.8,0.4,0.4,21.8,61 Napier St, Footscray VIC 3011,-37.8005,144.9008,5.7,6.6
MARIBYRNONG,2005,200,,1.0,22,0.5,0.8,0.4,0.4,21.8,61 Napier St, Footscray VIC 3011,-37.8005,144.9008,5.7,6.6
MARIBYRNONG,2005,200,,1.0,22,0.5,0.8,0.4,0.4,21.8,61 Napier St, Footscray VIC 3011,-37.8005,144.9008,5.7,6.6
MARIBYRNONG,2005,200,,1.0,22,0.5,0.8,0.4,0.4,21.8,61 Napier St, Footscray VIC 3011,-37.8005,144.9008,5.7,6.6
MARIBYRNONG,2006,210,,1.0,22,0.5,0.8,0.4,0.4,21.8,61 Napier St, Footscray VIC 3011,-37.8005,144.9008,5.7,6.6
MARIBYRNONG,2006,213,,1.0,22,0.5,0.8,0.4,0.4,21.8,61 Napier St, Footscray VIC 3011,-37.8005,144.9008,5.7,6.6
MARIBYRNONG,2006,220,,1.0,22,0.5,0.8,0.4,0.4,21.8,61 Napier St, Footscray VIC 3011,-37.8005,144.9008,5.7,6.6
MARIBYRNONG,2006,220,,1.0,22,0.5,0.8,0.4,0.4,21.8,61 Napier St, Footscray VIC 3011,-37.8005,144.9008,5.7,6.6
MARIBYRNONG,2007,240,,1.0,22,0.5,0.8,0.4,0.4,21.8,61 Napier St, Footscray VIC 3011,-37.8005,144.9008,5.7,6.6
MARIBYRNONG,2007,255,,1.0,22,0.5,0.8,0.4,0.4,21.8,61 Napier St, Footscray VIC 3011,-37.8005,144.9008,5.7,6.6
MARIBYRNONG,2007,250,,1.0,22,0.5,0.8,0.4,0.4,21.8,61 Napier St, Footscray VIC 3011,-37.8005,144.9008,5.7,6.6
MARIBYRNONG,2007,255,,1.0,22,0.5,0.8,0.4,0.4,21.8,61 Napier St, Footscray VIC 3011,-37.8005,144.9008,5.7,6.6
MARIBYRNONG,2008,270,,1.0,22,0.5,0.8,0.4,0.4,21.8,61 Napier St, Footscray VIC 3011,-37.8005,144.9008,5.7,6.6
MARIBYRNONG,2008,295,,1.0,22,0.5,0.8,0.4,0.4,21.8,61 Napier St, Footscray VIC 3011,-37.8005,144.9008,5.7,6.6
MARIBYRNONG,2008,290,,1.0,22,0.5,0.8,0.4,0.4,21.8,61 Napier St, Footscray VIC 3011,-37.8005,144.9008,5.7,6.6
MARIBYRNONG,2008,300,,1.0,22,0.5,0.8,0.4,0.4,21.8,61 Napier St, Footscray VIC 3011,-37.8005,144.9008,5.7,6.6
MARIBYRNONG,2009,310,,1.0,22,0.5,0.8,0.4,0.4,21.8,61 Napier St, Footscray VIC 3011,-37.8005,144.9008,5.7,6.6
MARIBYRNONG,2009,300,,1.0,22,0.5,0.8,0.4,0.4,21.8,61 Napier St, Footscray VIC 3011,-37.8005,144.9008,5.7,6.6
MARIBYRNONG,2009,300,,1.0,22,0.5,0.8,0.4,0.4,21.8,61 Napier St, Footscray VIC 3011,-37.8005,144.9008,5.7,6.6
MARIBYRNONG,2009,300,,1.0,22,0.5,0.8,0.4,0.4,21.8,61 Napier St, Footscray VIC 3011,-37.8005,144.9008,5.7,6.6
MARIBYRNONG,2010,320,,1.0,22,0.5,0.8,0.4,0.4,21.8,61 Napier St, Footscray VIC 3011,-37.8005,144.9008,5.7,6.6
MARIBYRNONG,2010,320,,1.0,22,0.5,0.8,0.4,0.4,21.8,61 Napier St, Footscray VIC 3011,-37.8005,144.9008,5.7,6.6
MARIBYRNONG,2010,310,,1.0,22,0.5,0.8,0.4,0.4,21.8,61 Napier St, Footscray VIC 3011,-37.8005,144.9008,5.7,6.6
MARIBYRNONG,2010,318,,1.0,22,0.5,0.8,0.4,0.4,21.8,61 Napier St, Footscray VIC 3011,-37.8005,144.9008,5.7,6.6
MARIBYRNONG,2011,320,,1.0,22,0.5,0.8,0.4,0.4,21.8,61 Napier St, Footscray VIC 3011,-37.8005,144.9008,5.7,6.6
MARIBYRNONG,2011,320,,1.0,22,0.5,0.8,0.4,0.4,21.8,61 Napier St, Footscray VIC 3011,-37.8005,144.9008,5.7,6.6
MARIBYRNONG,2011,325,,1.0,22,0.5,0.8,0.4,0.4,21.8,61 Napier St, Footscray VIC 3011,-37.8005,144.9008,5.7,6.6
MARIBYRNONG,2011,322,,1.0,22,0.5,0.8,0.4,0.4,21.8,61 Napier St, Footscray VIC 3011,-37.8005,144.9008,5.7,6.6
MARIBYRNONG,2012,330,,1.0,22,0.5,0.8,0.4,0.4,21.8,61 Napier St, Footscray VIC 3011,-37.8005,144.9008,5.7,6.6
MARIBYRNONG,2012,340,,1.0,22,0.5,0.8,0.4,0.4,21.8,61 Napier St, Footscray VIC 3011,-37.8005,144.9008,5.7,6.6
MARIBYRNONG,2012,330,,1.0,22,0.5,0.8,0.4,0.4,21.8,61 Napier St, Footscray VIC 3011,-37.8005,144.9008,5.7,6.6
MARIBYRNONG,2012,330,,1.0,22,0.5,0.8,0.4,0.4,21.8,61 Napier St, Footscray VIC 3011,-37.8005,144.9008,5.7,6.6
MARIBYRNONG,2013,340,,1.0,22,0.5,0.8,0.4,0.4,21.8,61 Napier St, Footscray VIC 3011,-37.8005,144.9008,5.7,6.6
MARIBYRNONG,2013,340,,1.0,22,0.5,0.8,0.4,0.4,21.8,61 Napier St, Footscray VIC 3011,-37.8005,144.9008,5.7,6.6
MARIBYRNONG,2013,340,,1.0,22,0.5,0.8,0.4,0.4,21.8,61 Napier St, Footscray VIC 3011,-37.8005,144.9008,5.7,6.6
MARIBYRNONG,2013,350,,1.0,22,0.5,0.8,0.4,0.4,21.8,61 Napier St, Footscray VIC 3011,-37.8005,144.9008,5.7,6.6
MARIBYRNONG,2014,350,,1.0,22,0.5,0.8,0.4,0.4,21.8,61 Napier St, Footscray VIC 3011,-37.8005,144.9008,5.7,6.6
MARIBYRNONG,2014,340,,1.0,22,0.5,0.8,0.4,0.4,21.8,61 Napier St, Footscray VIC 3011,-37.8005,144.9008,5.7,6.6
MARIBYRNONG,2014,340,,1.0,22,0.5,0.8,0.4,0.4,21.8,61 Napier St, Footscray VIC 3011,-37.8005,144.9008,5.7,6.6
MARIBYRNONG,2014,344,,1.0,22,0.5,0.8,0.4,0.4,21.8,61 Napier St, Footscray VIC 3011,-37.8005,144.9008,5.7,6.6
MARIBYRNONG,2015,350,,1.0,22,0.5,0.8,0.4,0.4,21.8,61 Napier St, Footscray VIC 3011,-37.8005,144.9008,5.7,6.6
MARIBYRNONG,2015,350,,1.0,22,0.5,0.8,0.4,0.4,21.8,61 Napier St, Footscray VIC 3011,-37.8005,144.9008,5.7,6.6
MARIBYRNONG,2015,350,,1.0,22,0.5,0.8,0.4,0.4,21.8,61 Napier St, Footscray VIC 3011,-37.8005,144.9008,5.7,6.6
MARIBYRNONG,2015,350,,1.0,22,0.5,0.8,0.4,0.4,21.8,61 Napier St, Footscray VIC 3011,-37.8005,144.9008,5.7,6.6
MARIBYRNONG,2016,370,9141.0,1.0,22,0.5,0.8,0.4,0.4,21.8,61 Napier St, Footscray VIC 3011,-37.8005,144.9008,5.7,6.6
MARIBYRNONG,2016,370,9141.0,1.0,22,0.5,0.8,0.4,0.4,21.8,61 Napier St, Footscray VIC 3011,-37.8005,144.9008,5.7,6.6
MARIBYRNONG,2016,370,9141.0,1.0,22,0.5,0.8,0.4,0.4,21.8,61 Napier St, Footscray VIC 3011,-37.8005,144.9008,5.7,6.6
MARIBYRNONG,2016,370,9141.0,1.0,22,0.5,0.8,0.4,0.4,21.8,61 Napier St, Footscray VIC 3011,-37.8005,144.9008,5.7,6.6
MARIBYRNONG,2017,380,8017.0,1.0,22,0.5,0.8,0.4,0.4,21.8,61 Napier St, Footscray VIC 3011,-37.8005,144.9008,5.7,6.6
MARIBYRNONG,2017,385,8017.0,1.0,22,0.5,0.8,0.4,0.4,21.8,61 Napier St, Footscray VIC 3011,-37.8005,144.9008,5.7,6.6
MARIBYRNONG,2017,380,8017.0,1.0,22,0.5,0.8,0.4,0.4,21.8,61 Napier St, Footscray VIC 3011,-37.8005,144.9008,5.7,6.6
MARIBYRNONG,2017,395,8017.0,1.0,22,0.5,0.8,0.4,0.4,21.8,61 Napier St, Footscray VIC 3011,-37.8005,144.9008,5.7,6.6
MARIBYRNONG,2018,400,8461.0,1.0,22,0.5,0.8,0.4,0.4,21.8,61 Napier St, Footscray VIC 3011,-37.8005,144.9008,5.7,6.6
MARIBYRNONG,2018,400,8461.0,1.0,22,0.5,0.8,0.4,0.4,21.8,61 Napier St, Footscray VIC 3011,-37.8005,144.9008,5.7,6.6
MARIBYRNONG,2018,400,8461.0,1.0,22,0.5,0.8,0.4,0.4,21.8,61 Napier St, Footscray VIC 3011,-37.8005,144.9008,5.7,6.6
MARIBYRNONG,2018,400,8461.0,1.0,22,0.5,0.8,0.4,0.4,21.8,61 Napier St, Footscray VIC 3011,-37.8005,144.9008,5.7,6.6
MARIBYRNONG,2019,400,8923.0,1.0,22,0.5,0.8,0.4,0.4,21.8,61 Napier St, Footscray VIC 3011,-37.8005,144.9008,5.7,6.6
MARIBYRNONG,2019,400,8923.0,1.0,22,0.5,0.8,0.4,0.4,21.8,61 Napier St, Footscray VIC 3011,-37.8005,144.9008,5.7,6.6
MARIBYRNONG,2019,420,8923.0,1.0,22,0.5,0.8,0.4,0.4,21.8,61 Napier St, Footscray VIC 3011,-37.8005,144.9008,5.7,6.6
MARIBYRNONG,2019,400,8923.0,1.0,22,0.5,0.8,0.4,0.4,21.8,61 Napier St, Footscray VIC 3011,-37.8005,144.9008,5.7,6.6
MARIBYRNONG,2020,420,9158.0,1.0,22,0.5,0.8,0.4,0.4,21.8,61 Napier St, Footscray VIC 3011,-37.8005,144.9008,5.7,6.6
MARIBYRNONG,2020,400,9158.0,1.0,22,0.5,0.8,0.4,0.4,21.8,61 Napier St, Footscray VIC 3011,-37.8005,144.9008,5.7,6.6
MARIBYRNONG,2020,390,9158.0,1.0,22,0.5,0.8,0.4,0.4,21.8,61 Napier St, Footscray VIC 3011,-37.8005,144.9008,5.7,6.6
MARIBYRNONG,2020,400,9158.0,1.0,22,0.5,0.8,0.4,0.4,21.8,61 Napier St, Footscray VIC 3011,-37.8005,144.9008,5.7,6.6
MARIBYRNONG,2021,395,8613.0,1.0,22,0.5,0.8,0.4,0.4,21.8,61 Napier St, Footscray VIC 3011,-37.8005,144.9008,5.7,6.6
MARIBYRNONG,2021,365,8613.0,1.0,22,0.5,0.8,0.4,0.4,21.8,61 Napier St, Footscray VIC 3011,-37.8005,144.9008,5.7,6.6
MARIBYRNONG,2021,380,8613.0,1.0,22,0.5,0.8,0.4,0.4,21.8,61 Napier St, Footscray VIC 3011,-37.8005,144.9008,5.7,6.6
MARIBYRNONG,2021,380,8613.0,1.0,22,0.5,0.8,0.4,0.4,21.8,61 Napier St, Footscray VIC 3011,-37.8005,144.9008,5.7,6.6
MARIBYRNONG,2022,400,8671.0,1.0,22,0.5,0.8,0.4,0.4,21.8,61 Napier St, Footscray VIC 3011,-37.8005,144.9008,5.7,6.6
MARIBYRNONG,2022,400,8671.0,1.0,22,0.5,0.8,0.4,0.4,21.8,61 Napier St, Footscray VIC 3011,-37.8005,144.9008,5.7,6.6
MARIBYRNONG,2022,410,8671.0,1.0,22,0.5,0.8,0.4,0.4,21.8,61 Napier St, Footscray VIC 3011,-37.8005,144.9008,5.7,6.6
MARIBYRNONG,2022,420,8671.0,1.0,22,0.5,0.8,0.4,0.4,21.8,61 Napier St, Footscray VIC 3011,-37.8005,144.9008,5.7,6.6
MARIBYRNONG,2023,450,9734.0,1.0,22,0.5,0.8,0.4,0.4,21.8,61 Napier St, Footscray VIC 3011,-37.8005,144.9008,5.7,6.6
MARIBYRNONG,2023,470,9734.0,1.0,22,0.5,0.8,0.4,0.4,21.8,61 Napier St, Footscray VIC 3011,-37.8005,144.9008,5.7,6.6
MARIBYRNONG,2023,480,9734.0,1.0,22,0.5,0.8,0.4,0.4,21.8,61 Napier St, Footscray VIC 3011,-37.8005,144.9008,5.7,6.6
MARIBYRNONG,2023,500,9734.0,1.0,22,0.5,0.8,0.4,0.4,21.8,61 Napier St, Footscray VIC 3011,-37.8005,144.9008,5.7,6.6
MARIBYRNONG,2024,520,11771.0,1.0,22,0.5,0.8,0.4,0.4,21.8,61 Napier St, Footscray VIC 3011,-37.8005,144.9008,5.7,6.6
MARIBYRNONG,2024,530,11771.0,1.0,22,0.5,0.8,0.4,0.4,21.8,61 Napier St, Footscray VIC 3011,-37.8005,144.9008,5.7,6.6
MARIBYRNONG,2024,540,11771.0,1.0,22,0.5,0.8,0.4,0.4,21.8,61 Napier St, Footscray VIC 3011,-37.8005,144.9008,5.7,6.6
MARIBYRNONG,2024,525,11771.0,1.0,22,0.5,0.8,0.4,0.4,21.8,61 Napier St, Footscray VIC 3011,-37.8005,144.9008,5.7,6.6
MARIBYRNONG,2025,530,12466.0,1.0,22,0.5,0.8,0.4,0.4,21.8,61 Napier St, Footscray VIC 3011,-37.8005,144.9008,5.7,6.6
MARIBYRNONG,2025,550,12466.0,1.0,22,0.5,0.8,0.4,0.4,21.8,61 Napier St, Footscray VIC 3011,-37.8005,144.9008,5.7,6.6
MARIBYRNONG,2025,550,12466.0,1.0,22,0.5,0.8,0.4,0.4,21.8,61 Napier St, Footscray VIC 3011,-37.8005,144.9008,5.7,6.6
MAROONDAH,1999,160,,6.0,33,0.3,0.7,0.3,0.2,26.2,179 Maroondah Highway, Ringwood VIC 3134,-37.815,145.2285,24.24,28.0
MAROONDAH,1999,165,,6.0,33,0.3,0.7,0.3,0.2,26.2,179 Maroondah Highway, Ringwood VIC 3134,-37.815,145.2285,24.24,28.0
MAROONDAH,1999,165,,6.0,33,0.3,0.7,0.3,0.2,26.2,179 Maroondah Highway, Ringwood VIC 3134,-37.815,145.2285,24.24,28.0
MAROONDAH,2000,165,,6.0,33,0.3,0.7,0.3,0.2,26.2,179 Maroondah Highway, Ringwood VIC 3134,-37.815,145.2285,24.24,28.0
MAROONDAH,2000,170,,6.0,33,0.3,0.7,0.3,0.2,26.2,179 Maroondah Highway, Ringwood VIC 3134,-37.815,145.2285,24.24,28.0
MAROONDAH,2000,175,,6.0,33,0.3,0.7,0.3,0.2,26.2,179 Maroondah Highway, Ringwood VIC 3134,-37.815,145.2285,24.24,28.0
MAROONDAH,2000,175,,6.0,33,0.3,0.7,0.3,0.2,26.2,179 Maroondah Highway, Ringwood VIC 3134,-37.815,145.2285,24.24,28.0
MAROONDAH,2001,180,,6.0,33,0.3,0.7,0.3,0.2,26.2,179 Maroondah Highway, Ringwood VIC 3134,-37.815,145.2285,24.24,28.0
MAROONDAH,2001,180,,6.0,33,0.3,0.7,0.3,0.2,26.2,179 Maroondah Highway, Ringwood VIC 3134,-37.815,145.2285,24.24,28.0
MAROONDAH,2001,180,,6.0,33,0.3,0.7,0.3,0.2,26.2,179 Maroondah Highway, Ringwood VIC 3134,-37.815,145.2285,24.24,28.0
MAROONDAH,2001,185,,6.0,33,0.3,0.7,0.3,0.2,26.2,179 Maroondah Highway, Ringwood VIC 3134,-37.815,145.2285,24.24,28.0
MAROONDAH,2002,185,,6.0,33,0.3,0.7,0.3,0.2,26.2,179 Maroondah Highway, Ringwood VIC 3134,-37.815,145.2285,24.24,28.0
MAROONDAH,2002,190,,6.0,33,0.3,0.7,0.3,0.2,26.2,179 Maroondah Highway, Ringwood VIC 3134,-37.815,145.2285,24.24,28.0
MAROONDAH,2002,190,,6.0,33,0.3,0.7,0.3,0.2,26.2,179 Maroondah Highway, Ringwood VIC 3134,-37.815,145.2285,24.24,28.0
MAROONDAH,2002,190,,6.0,33,0.3,0.7,0.3,0.2,26.2,179 Maroondah Highway, Ringwood VIC 3134,-37.815,145.2285,24.24,28.0
MAROONDAH,2003,190,,6.0,33,0.3,0.7,0.3,0.2,26.2,179 Maroondah Highway, Ringwood VIC 3134,-37.815,145.2285,24.24,28.0
MAROONDAH,2003,190,,6.0,33,0.3,0.7,0.3,0.2,26.2,179 Maroondah Highway, Ringwood VIC 3134,-37.815,145.2285,24.24,28.0
MAROONDAH,2003,195,,6.0,33,0.3,0.7,0.3,0.2,26.2,179 Maroondah Highway, Ringwood VIC 3134,-37.815,145.2285,24.24,28.0
MAROONDAH,2003,195,,6.0,33,0.3,0.7,0.3,0.2,26.2,179 Maroondah Highway, Ringwood VIC 3134,-37.815,145.2285,24.24,28.0
MAROONDAH,2004,195,,6.0,33,0.3,0.7,0.3,0.2,26.2,179 Maroondah Highway, Ringwood VIC 3134,-37.815,145.2285,24.24,28.0
MAROONDAH,2004,195,,6.0,33,0.3,0.7,0.3,0.2,26.2,179 Maroondah Highway, Ringwood VIC 3134,-37.815,145.2285,24.24,28.0
MAROONDAH,2004,200,,6.0,33,0.3,0.7,0.3,0.2,26.2,179 Maroondah Highway, Ringwood VIC 3134,-37.815,145.2285,24.24,28.0
MAROONDAH,2004,200,,6.0,33,0.3,0.7,0.3,0.2,26.2,179 Maroondah Highway, Ringwood VIC 3134,-37.815,145.2285,24.24,28.0
MAROONDAH,2005,200,,6.0,33,0.3,0.7,0.3,0.2,26.2,179 Maroondah Highway, Ringwood VIC 3134,-37.815,145.2285,24.24,28.0
MAROONDAH,2005,210,,6.0,33,0.3,0.7,0.3,0.2,26.2,179 Maroondah Highway, Ringwood VIC 3134,-37.815,145.2285,24.24,28.0
MAROONDAH,2005,210,,6.0,33,0.3,0.7,0.3,0.2,26.2,179 Maroondah Highway, Ringwood VIC 3134,-37.815,145.2285,24.24,28.0
MAROONDAH,2005,215,,6.0,33,0.3,0.7,0.3,0.2,26.2,179 Maroondah Highway, Ringwood VIC 3134,-37.815,145.2285,24.24,28.0
MAROONDAH,2006,213,,6.0,33,0.3,0.7,0.3,0.2,26.2,179 Maroondah Highway, Ringwood VIC 3134,-37.815,145.2285,24.24,28.0
MAROONDAH,2006,220,,6.0,33,0.3,0.7,0.3,0.2,26.2,179 Maroondah Highway, Ringwood VIC 3134,-37.815,145.2285,24.24,28.0
MAROONDAH,2006,225,,6.0,33,0.3,0.7,0.3,0.2,26.2,179 Maroondah Highway, Ringwood VIC 3134,-37.815,145.2285,24.24,28.0
MAROONDAH,2006,230,,6.0,33,0.3,0.7,0.3,0.2,26.2,179 Maroondah Highway, Ringwood VIC 3134,-37.815,145.2285,24.24,28.0
MAROONDAH,2007,230,,6.0,33,0.3,0.7,0.3,0.2,26.2,179 Maroondah Highway, Ringwood VIC 3134,-37.815,145.2285,24.24,28.0
MAROONDAH,2007,240,,6.0,33,0.3,0.7,0.3,0.2,26.2,179 Maroondah Highway, Ringwood VIC 3134,-37.815,145.2285,24.24,28.0
MAROONDAH,2007,250,,6.0,33,0.3,0.7,0.3,0.2,26.2,179 Maroondah Highway, Ringwood VIC 3134,-37.815,145.2285,24.24,28.0
MAROONDAH,2007,255,,6.0,33,0.3,0.7,0.3,0.2,26.2,179 Maroondah Highway, Ringwood VIC 3134,-37.815,145.2285,24.24,28.0
MAROONDAH,2008,270,,6.0,33,0.3,0.7,0.3,0.2,26.2,179 Maroondah Highway, Ringwood VIC 3134,-37.815,145.2285,24.24,28.0
MAROONDAH,2008,273,,6.0,33,0.3,0.7,0.3,0.2,26.2,179 Maroondah Highway, Ringwood VIC 3134,-37.815,145.2285,24.24,28.0
MAROONDAH,2008,280,,6.0,33,0.3,0.7,0.3,0.2,26.2,179 Maroondah Highway, Ringwood VIC 3134,-37.815,145.2285,24.24,28.0
MAROONDAH,2008,280,,6.0,33,0.3,0.7,0.3,0.2,26.2,179 Maroondah Highway, Ringwood VIC 3134,-37.815,145.2285,24.24,28.0
MAROONDAH,2009,290,,6.0,33,0.3,0.7,0.3,0.2,26.2,179 Maroondah Highway, Ringwood VIC 3134,-37.815,145.2285,24.24,28.0
MAROONDAH,2009,295,,6.0,33,0.3,0.7,0.3,0.2,26.2,179 Maroondah Highway, Ringwood VIC 3134,-37.815,145.2285,24.24,28.0
MAROONDAH,2009,300,,6.0,33,0.3,0.7,0.3,0.2,26.2,179 Maroondah Highway, Ringwood VIC 3134,-37.815,145.2285,24.24,28.0
MAROONDAH,2009,300,,6.0,33,0.3,0.7,0.3,0.2,26.2,179 Maroondah Highway, Ringwood VIC 3134,-37.815,145.2285,24.24,28.0
MAROONDAH,2010,310,,6.0,33,0.3,0.7,0.3,0.2,26.2,179 Maroondah Highway, Ringwood VIC 3134,-37.815,145.2285,24.24,28.0
MAROONDAH,2010,320,,6.0,33,0.3,0.7,0.3,0.2,26.2,179 Maroondah Highway, Ringwood VIC 3134,-37.815,145.2285,24.24,28.0
MAROONDAH,2010,320,,6.0,33,0.3,0.7,0.3,0.2,26.2,179 Maroondah Highway, Ringwood VIC 3134,-37.815,145.2285,24.24,28.0
MAROONDAH,2010,320,,6.0,33,0.3,0.7,0.3,0.2,26.2,179 Maroondah Highway, Ringwood VIC 3134,-37.815,145.2285,24.24,28.0
MAROONDAH,2011,320,,6.0,33,0.3,0.7,0.3,0.2,26.2,179 Maroondah Highway, Ringwood VIC 3134,-37.815,145.2285,24.24,28.0
MAROONDAH,2011,330,,6.0,33,0.3,0.7,0.3,0.2,26.2,179 Maroondah Highway, Ringwood VIC 3134,-37.815,145.2285,24.24,28.0
MAROONDAH,2011,330,,6.0,33,0.3,0.7,0.3,0.2,26.2,179 Maroondah Highway, Ringwood VIC 3134,-37.815,145.2285,24.24,28.0
MAROONDAH,2011,330,,6.0,33,0.3,0.7,0.3,0.2,26.2,179 Maroondah Highway, Ringwood VIC 3134,-37.815,145.2285,24.24,28.0
MAROONDAH,2012,330,,6.0,33,0.3,0.7,0.3,0.2,26.2,179 Maroondah Highway, Ringwood VIC 3134,-37.815,145.2285,24.24,28.0
MAROONDAH,2012,330,,6.0,33,0.3,0.7,0.3,0.2,26.2,179 Maroondah Highway, Ringwood VIC 3134,-37.815,145.2285,24.24,28.0
MAROONDAH,2012,330,,6.0,33,0.3,0.7,0.3,0.2,26.2,179 Maroondah Highway, Ringwood VIC 3134,-37.815,145.2285,24.24,28.0
MAROONDAH,2012,330,,6.0,33,0.3,0.7,0.3,0.2,26.2,179 Maroondah Highway, Ringwood VIC 3134,-37.815,145.2285,24.24,28.0
MAROONDAH,2013,330,,6.0,33,0.3,0.7,0.3,0.2,26.2,179 Maroondah Highway, Ringwood VIC 3134,-37.815,145.2285,24.24,28.0
MAROONDAH,2013,335,,6.0,33,0.3,0.7,0.3,0.2,26.2,179 Maroondah Highway, Ringwood VIC 3134,-37.815,145.2285,24.24,28.0
MAROONDAH,2013,335,,6.0,33,0.3,0.7,0.3,0.2,26.2,179 Maroondah Highway, Ringwood VIC 3134,-37.815,145.2285,24.24,28.0
MAROONDAH,2013,340,,6.0,33,0.3,0.7,0.3,0.2,26.2,179 Maroondah Highway, Ringwood VIC 3134,-37.815,145.2285,24.24,28.0
MAROONDAH,2014,350,,6.0,33,0.3,0.7,0.3,0.2,26.2,179 Maroondah Highway, Ringwood VIC 3134,-37.815,145.2285,24.24,28.0
MAROONDAH,2014,350,,6.0,33,0.3,0.7,0.3,0.2,26.2,179 Maroondah Highway, Ringwood VIC 3134,-37.815,145.2285,24.24,28.0
MAROONDAH,2014,350,,6.0,33,0.3,0.7,0.3,0.2,26.2,179 Maroondah Highway, Ringwood VIC 3134,-37.815,145.2285,24.24,28.0
MAROONDAH,2014,350,,6.0,33,0.3,0.7,0.3,0.2,26.2,179 Maroondah Highway, Ringwood VIC 3134,-37.815,145.2285,24.24,28.0
MAROONDAH,2015,360,,6.0,33,0.3,0.7,0.3,0.2,26.2,179 Maroondah Highway, Ringwood VIC 3134,-37.815,145.2285,24.24,28.0
MAROONDAH,2015,350,,6.0,33,0.3,0.7,0.3,0.2,26.2,179 Maroondah Highway, Ringwood VIC 3134,-37.815,145.2285,24.24,28.0
MAROONDAH,2015,360,,6.0,33,0.3,0.7,0.3,0.2,26.2,179 Maroondah Highway, Ringwood VIC 3134,-37.815,145.2285,24.24,28.0
MAROONDAH,2015,360,,6.0,33,0.3,0.7,0.3,0.2,26.2,179 Maroondah Highway, Ringwood VIC 3134,-37.815,145.2285,24.24,28.0
MAROONDAH,2016,370,9203.0,6.0,33,0.3,0.7,0.3,0.2,26.2,179 Maroondah Highway, Ringwood VIC 3134,-37.815,145.2285,24.24,28.0
MAROONDAH,2016,365,9203.0,6.0,33,0.3,0.7,0.3,0.2,26.2,179 Maroondah Highway, Ringwood VIC 3134,-37.815,145.2285,24.24,28.0
MAROONDAH,2016,370,9203.0,6.0,33,0.3,0.7,0.3,0.2,26.2,179 Maroondah Highway, Ringwood VIC 3134,-37.815,145.2285,24.24,28.0
MAROONDAH,2016,370,9203.0,6.0,33,0.3,0.7,0.3,0.2,26.2,179 Maroondah Highway, Ringwood VIC 3134,-37.815,145.2285,24.24,28.0
MAROONDAH,2017,380,8287.0,6.0,33,0.3,0.7,0.3,0.2,26.2,179 Maroondah Highway, Ringwood VIC 3134,-37.815,145.2285,24.24,28.0
MAROONDAH,2017,380,8287.0,6.0,33,0.3,0.7,0.3,0.2,26.2,179 Maroondah Highway, Ringwood VIC 3134,-37.815,145.2285,24.24,28.0
MAROONDAH,2017,380,8287.0,6.0,33,0.3,0.7,0.3,0.2,26.2,179 Maroondah Highway, Ringwood VIC 3134,-37.815,145.2285,24.24,28.0
MAROONDAH,2017,395,8287.0,6.0,33,0.3,0.7,0.3,0.2,26.2,179 Maroondah Highway, Ringwood VIC 3134,-37.815,145.2285,24.24,28.0
MAROONDAH,2018,390,8099.0,6.0,33,0.3,0.7,0.3,0.2,26.2,179 Maroondah Highway, Ringwood VIC 3134,-37.815,145.2285,24.24,28.0
MAROONDAH,2018,395,8099.0,6.0,33,0.3,0.7,0.3,0.2,26.2,179 Maroondah Highway, Ringwood VIC 3134,-37.815,145.2285,24.24,28.0
MAROONDAH,2018,400,8099.0,6.0,33,0.3,0.7,0.3,0.2,26.2,179 Maroondah Highway, Ringwood VIC 3134,-37.815,145.2285,24.24,28.0
MAROONDAH,2018,400,8099.0,6.0,33,0.3,0.7,0.3,0.2,26.2,179 Maroondah Highway, Ringwood VIC 3134,-37.815,145.2285,24.24,28.0
MAROONDAH,2019,400,8176.0,6.0,33,0.3,0.7,0.3,0.2,26.2,179 Maroondah Highway, Ringwood VIC 3134,-37.815,145.2285,24.24,28.0
MAROONDAH,2019,400,8176.0,6.0,33,0.3,0.7,0.3,0.2,26.2,179 Maroondah Highway, Ringwood VIC 3134,-37.815,145.2285,24.24,28.0
MAROONDAH,2019,400,8176.0,6.0,33,0.3,0.7,0.3,0.2,26.2,179 Maroondah Highway, Ringwood VIC 3134,-37.815,145.2285,24.24,28.0
MAROONDAH,2019,405,8176.0,6.0,33,0.3,0.7,0.3,0.2,26.2,179 Maroondah Highway, Ringwood VIC 3134,-37.815,145.2285,24.24,28.0
MAROONDAH,2020,410,8010.0,6.0,33,0.3,0.7,0.3,0.2,26.2,179 Maroondah Highway, Ringwood VIC 3134,-37.815,145.2285,24.24,28.0
MAROONDAH,2020,400,8010.0,6.0,33,0.3,0.7,0.3,0.2,26.2,179 Maroondah Highway, Ringwood VIC 3134,-37.815,145.2285,24.24,28.0
MAROONDAH,2020,415,8010.0,6.0,33,0.3,0.7,0.3,0.2,26.2,179 Maroondah Highway, Ringwood VIC 3134,-37.815,145.2285,24.24,28.0
MAROONDAH,2020,410,8010.0,6.0,33,0.3,0.7,0.3,0.2,26.2,179 Maroondah Highway, Ringwood VIC 3134,-37.815,145.2285,24.24,28.0
MAROONDAH,2021,410,7455.0,6.0,33,0.3,0.7,0.3,0.2,26.2,179 Maroondah Highway, Ringwood VIC 3134,-37.815,145.2285,24.24,28.0
MAROONDAH,2021,415,7455.0,6.0,33,0.3,0.7,0.3,0.2,26.2,179 Maroondah Highway, Ringwood VIC 3134,-37.815,145.2285,24.24,28.0
MAROONDAH,2021,420,7455.0,6.0,33,0.3,0.7,0.3,0.2,26.2,179 Maroondah Highway, Ringwood VIC 3134,-37.815,145.2285,24.24,28.0
MAROONDAH,2021,430,7455.0,6.0,33,0.3,0.7,0.3,0.2,26.2,179 Maroondah Highway, Ringwood VIC 3134,-37.815,145.2285,24.24,28.0
MAROONDAH,2022,430,7520.0,6.0,33,0.3,0.7,0.3,0.2,26.2,179 Maroondah Highway, Ringwood VIC 3134,-37.815,145.2285,24.24,28.0
MAROONDAH,2022,440,7520.0,6.0,33,0.3,0.7,0.3,0.2,26.2,179 Maroondah Highway, Ringwood VIC 3134,-37.815,145.2285,24.24,28.0
MAROONDAH,2022,440,7520.0,6.0,33,0.3,0.7,0.3,0.2,26.2,179 Maroondah Highway, Ringwood VIC 3134,-37.815,145.2285,24.24,28.0
MAROONDAH,2022,450,7520.0,6.0,33,0.3,0.7,0.3,0.2,26.2,179 Maroondah Highway, Ringwood VIC 3134,-37.815,145.2285,24.24,28.0
MAROONDAH,2023,460,7668.0,6.0,33,0.3,0.7,0.3,0.2,26.2,179 Maroondah Highway, Ringwood VIC 3134,-37.815,145.2285,24.24,28.0
MAROONDAH,2023,480,7668.0,6.0,33,0.3,0.7,0.3,0.2,26.2,179 Maroondah Highway, Ringwood VIC 3134,-37.815,145.2285,24.24,28.0
MAROONDAH,2023,500,7668.0,6.0,33,0.3,0.7,0.3,0.2,26.2,179 Maroondah Highway, Ringwood VIC 3134,-37.815,145.2285,24.24,28.0
MAROONDAH,2023,520,7668.0,6.0,33,0.3,0.7,0.3,0.2,26.2,179 Maroondah Highway, Ringwood VIC 3134,-37.815,145.2285,24.24,28.0
MAROONDAH,2024,530,8642.0,6.0,33,0.3,0.7,0.3,0.2,26.2,179 Maroondah Highway, Ringwood VIC 3134,-37.815,145.2285,24.24,28.0
MAROONDAH,2024,549,8642.0,6.0,33,0.3,0.7,0.3,0.2,26.2,179 Maroondah Highway, Ringwood VIC 3134,-37.815,145.2285,24.24,28.0
MAROONDAH,2024,559,8642.0,6.0,33,0.3,0.7,0.3,0.2,26.2,179 Maroondah Highway, Ringwood VIC 3134,-37.815,145.2285,24.24,28.0
MAROONDAH,2024,550,8642.0,6.0,33,0.3,0.7,0.3,0.2,26.2,179 Maroondah Highway, Ringwood VIC 3134,-37.815,145.2285,24.24,28.0
MAROONDAH,2025,560,9033.0,6.0,33,0.3,0.7,0.3,0.2,26.2,179 Maroondah Highway, Ringwood VIC 3134,-37.815,145.2285,24.24,28.0
MAROONDAH,2025,575,9033.0,6.0,33,0.3,0.7,0.3,0.2,26.2,179 Maroondah Highway, Ringwood VIC 3134,-37.815,145.2285,24.24,28.0
MAROONDAH,2025,590,9033.0,6.0,33,0.3,0.7,0.3,0.2,26.2,179 Maroondah Highway, Ringwood VIC 3134,-37.815,145.2285,24.24,28.0
MELBOURNE,1999,270,,9.0,25,0.8,2.5,1.1,0.6,13.3, 120 Swanston St, Melbourne VIC 3000,-37.8149,144.9671,0.23,0.75
MELBOURNE,1999,270,,9.0,25,0.8,2.5,1.1,0.6,13.3, 120 Swanston St, Melbourne VIC 3000,-37.8149,144.9671,0.23,0.75
MELBOURNE,1999,270,,9.0,25,0.8,2.5,1.1,0.6,13.3, 120 Swanston St, Melbourne VIC 3000,-37.8149,144.9671,0.23,0.75
MELBOURNE,2000,280,,9.0,25,0.8,2.5,1.1,0.6,13.3, 120 Swanston St, Melbourne VIC 3000,-37.8149,144.9671,0.23,0.75
MELBOURNE,2000,280,,9.0,25,0.8,2.5,1.1,0.6,13.3, 120 Swanston St, Melbourne VIC 3000,-37.8149,144.9671,0.23,0.75
MELBOURNE,2000,280,,9.0,25,0.8,2.5,1.1,0.6,13.3, 120 Swanston St, Melbourne VIC 3000,-37.8149,144.9671,0.23,0.75
MELBOURNE,2000,280,,9.0,25,0.8,2.5,1.1,0.6,13.3, 120 Swanston St, Melbourne VIC 3000,-37.8149,144.9671,0.23,0.75
MELBOURNE,2001,290,,9.0,25,0.8,2.5,1.1,0.6,13.3, 120 Swanston St, Melbourne VIC 3000,-37.8149,144.9671,0.23,0.75
MELBOURNE,2001,300,,9.0,25,0.8,2.5,1.1,0.6,13.3, 120 Swanston St, Melbourne VIC 3000,-37.8149,144.9671,0.23,0.75
MELBOURNE,2001,295,,9.0,25,0.8,2.5,1.1,0.6,13.3, 120 Swanston St, Melbourne VIC 3000,-37.8149,144.9671,0.23,0.75
MELBOURNE,2001,290,,9.0,25,0.8,2.5,1.1,0.6,13.3, 120 Swanston St, Melbourne VIC 3000,-37.8149,144.9671,0.23,0.75
MELBOURNE,2002,300,,9.0,25,0.8,2.5,1.1,0.6,13.3, 120 Swanston St, Melbourne VIC 3000,-37.8149,144.9671,0.23,0.75
MELBOURNE,2002,300,,9.0,25,0.8,2.5,1.1,0.6,13.3, 120 Swanston St, Melbourne VIC 3000,-37.8149,144.9671,0.23,0.75
MELBOURNE,2002,303,,9.0,25,0.8,2.5,1.1,0.6,13.3, 120 Swanston St, Melbourne VIC 3000,-37.8149,144.9671,0.23,0.75
MELBOURNE,2002,303,,9.0,25,0.8,2.5,1.1,0.6,13.3, 120 Swanston St, Melbourne VIC 3000,-37.8149,144.9671,0.23,0.75
MELBOURNE,2003,300,,9.0,25,0.8,2.5,1.1,0.6,13.3, 120 Swanston St, Melbourne VIC 3000,-37.8149,144.9671,0.23,0.75
MELBOURNE,2003,300,,9.0,25,0.8,2.5,1.1,0.6,13.3, 120 Swanston St, Melbourne VIC 3000,-37.8149,144.9671,0.23,0.75
MELBOURNE,2003,300,,9.0,25,0.8,2.5,1.1,0.6,13.3, 120 Swanston St, Melbourne VIC 3000,-37.8149,144.9671,0.23,0.75
MELBOURNE,2003,300,,9.0,25,0.8,2.5,1.1,0.6,13.3, 120 Swanston St, Melbourne VIC 3000,-37.8149,144.9671,0.23,0.75
MELBOURNE,2004,300,,9.0,25,0.8,2.5,1.1,0.6,13.3, 120 Swanston St, Melbourne VIC 3000,-37.8149,144.9671,0.23,0.75
MELBOURNE,2004,300,,9.0,25,0.8,2.5,1.1,0.6,13.3, 120 Swanston St, Melbourne VIC 3000,-37.8149,144.9671,0.23,0.75
MELBOURNE,2004,300,,9.0,25,0.8,2.5,1.1,0.6,13.3, 120 Swanston St, Melbourne VIC 3000,-37.8149,144.9671,0.23,0.75
MELBOURNE,2004,310,,9.0,25,0.8,2.5,1.1,0.6,13.3, 120 Swanston St, Melbourne VIC 3000,-37.8149,144.9671,0.23,0.75
MELBOURNE,2005,310,,9.0,25,0.8,2.5,1.1,0.6,13.3, 120 Swanston St, Melbourne VIC 3000,-37.8149,144.9671,0.23,0.75
MELBOURNE,2005,320,,9.0,25,0.8,2.5,1.1,0.6,13.3, 120 Swanston St, Melbourne VIC 3000,-37.8149,144.9671,0.23,0.75
MELBOURNE,2005,310,,9.0,25,0.8,2.5,1.1,0.6,13.3, 120 Swanston St, Melbourne VIC 3000,-37.8149,144.9671,0.23,0.75
MELBOURNE,2005,320,,9.0,25,0.8,2.5,1.1,0.6,13.3, 120 Swanston St, Melbourne VIC 3000,-37.8149,144.9671,0.23,0.75
MELBOURNE,2006,320,,9.0,25,0.8,2.5,1.1,0.6,13.3, 120 Swanston St, Melbourne VIC 3000,-37.8149,144.9671,0.23,0.75
MELBOURNE,2006,330,,9.0,25,0.8,2.5,1.1,0.6,13.3, 120 Swanston St, Melbourne VIC 3000,-37.8149,144.9671,0.23,0.75
MELBOURNE,2006,330,,9.0,25,0.8,2.5,1.1,0.6,13.3, 120 Swanston St, Melbourne VIC 3000,-37.8149,144.9671,0.23,0.75
MELBOURNE,2006,340,,9.0,25,0.8,2.5,1.1,0.6,13.3, 120 Swanston St, Melbourne VIC 3000,-37.8149,144.9671,0.23,0.75
MELBOURNE,2007,350,,9.0,25,0.8,2.5,1.1,0.6,13.3, 120 Swanston St, Melbourne VIC 3000,-37.8149,144.9671,0.23,0.75
MELBOURNE,2007,370,,9.0,25,0.8,2.5,1.1,0.6,13.3, 120 Swanston St, Melbourne VIC 3000,-37.8149,144.9671,0.23,0.75
MELBOURNE,2007,370,,9.0,25,0.8,2.5,1.1,0.6,13.3, 120 Swanston St, Melbourne VIC 3000,-37.8149,144.9671,0.23,0.75
MELBOURNE,2007,380,,9.0,25,0.8,2.5,1.1,0.6,13.3, 120 Swanston St, Melbourne VIC 3000,-37.8149,144.9671,0.23,0.75
MELBOURNE,2008,380,,9.0,25,0.8,2.5,1.1,0.6,13.3, 120 Swanston St, Melbourne VIC 3000,-37.8149,144.9671,0.23,0.75
MELBOURNE,2008,410,,9.0,25,0.8,2.5,1.1,0.6,13.3, 120 Swanston St, Melbourne VIC 3000,-37.8149,144.9671,0.23,0.75
MELBOURNE,2008,400,,9.0,25,0.8,2.5,1.1,0.6,13.3, 120 Swanston St, Melbourne VIC 3000,-37.8149,144.9671,0.23,0.75
MELBOURNE,2008,400,,9.0,25,0.8,2.5,1.1,0.6,13.3, 120 Swanston St, Melbourne VIC 3000,-37.8149,144.9671,0.23,0.75
MELBOURNE,2009,410,,9.0,25,0.8,2.5,1.1,0.6,13.3, 120 Swanston St, Melbourne VIC 3000,-37.8149,144.9671,0.23,0.75
MELBOURNE,2009,420,,9.0,25,0.8,2.5,1.1,0.6,13.3, 120 Swanston St, Melbourne VIC 3000,-37.8149,144.9671,0.23,0.75
MELBOURNE,2009,420,,9.0,25,0.8,2.5,1.1,0.6,13.3, 120 Swanston St, Melbourne VIC 3000,-37.8149,144.9671,0.23,0.75
MELBOURNE,2009,425,,9.0,25,0.8,2.5,1.1,0.6,13.3, 120 Swanston St, Melbourne VIC 3000,-37.8149,144.9671,0.23,0.75
MELBOURNE,2010,430,,9.0,25,0.8,2.5,1.1,0.6,13.3, 120 Swanston St, Melbourne VIC 3000,-37.8149,144.9671,0.23,0.75
MELBOURNE,2010,440,,9.0,25,0.8,2.5,1.1,0.6,13.3, 120 Swanston St, Melbourne VIC 3000,-37.8149,144.9671,0.23,0.75
MELBOURNE,2010,440,,9.0,25,0.8,2.5,1.1,0.6,13.3, 120 Swanston St, Melbourne VIC 3000,-37.8149,144.9671,0.23,0.75
MELBOURNE,2010,440,,9.0,25,0.8,2.5,1.1,0.6,13.3, 120 Swanston St, Melbourne VIC 3000,-37.8149,144.9671,0.23,0.75
MELBOURNE,2011,450,,9.0,25,0.8,2.5,1.1,0.6,13.3, 120 Swanston St, Melbourne VIC 3000,-37.8149,144.9671,0.23,0.75
MELBOURNE,2011,450,,9.0,25,0.8,2.5,1.1,0.6,13.3, 120 Swanston St, Melbourne VIC 3000,-37.8149,144.9671,0.23,0.75
MELBOURNE,2011,450,,9.0,25,0.8,2.5,1.1,0.6,13.3, 120 Swanston St, Melbourne VIC 3000,-37.8149,144.9671,0.23,0.75
MELBOURNE,2011,450,,9.0,25,0.8,2.5,1.1,0.6,13.3, 120 Swanston St, Melbourne VIC 3000,-37.8149,144.9671,0.23,0.75
MELBOURNE,2012,460,,9.0,25,0.8,2.5,1.1,0.6,13.3, 120 Swanston St, Melbourne VIC 3000,-37.8149,144.9671,0.23,0.75
MELBOURNE,2012,460,,9.0,25,0.8,2.5,1.1,0.6,13.3, 120 Swanston St, Melbourne VIC 3000,-37.8149,144.9671,0.23,0.75
MELBOURNE,2012,450,,9.0,25,0.8,2.5,1.1,0.6,13.3, 120 Swanston St, Melbourne VIC 3000,-37.8149,144.9671,0.23,0.75
MELBOURNE,2012,450,,9.0,25,0.8,2.5,1.1,0.6,13.3, 120 Swanston St, Melbourne VIC 3000,-37.8149,144.9671,0.23,0.75
MELBOURNE,2013,465,,9.0,25,0.8,2.5,1.1,0.6,13.3, 120 Swanston St, Melbourne VIC 3000,-37.8149,144.9671,0.23,0.75
MELBOURNE,2013,450,,9.0,25,0.8,2.5,1.1,0.6,13.3, 120 Swanston St, Melbourne VIC 3000,-37.8149,144.9671,0.23,0.75
MELBOURNE,2013,450,,9.0,25,0.8,2.5,1.1,0.6,13.3, 120 Swanston St, Melbourne VIC 3000,-37.8149,144.9671,0.23,0.75
MELBOURNE,2013,445,,9.0,25,0.8,2.5,1.1,0.6,13.3, 120 Swanston St, Melbourne VIC 3000,-37.8149,144.9671,0.23,0.75
MELBOURNE,2014,450,,9.0,25,0.8,2.5,1.1,0.6,13.3, 120 Swanston St, Melbourne VIC 3000,-37.8149,144.9671,0.23,0.75
MELBOURNE,2014,450,,9.0,25,0.8,2.5,1.1,0.6,13.3, 120 Swanston St, Melbourne VIC 3000,-37.8149,144.9671,0.23,0.75
MELBOURNE,2014,450,,9.0,25,0.8,2.5,1.1,0.6,13.3, 120 Swanston St, Melbourne VIC 3000,-37.8149,144.9671,0.23,0.75
MELBOURNE,2014,450,,9.0,25,0.8,2.5,1.1,0.6,13.3, 120 Swanston St, Melbourne VIC 3000,-37.8149,144.9671,0.23,0.75
MELBOURNE,2015,461,,9.0,25,0.8,2.5,1.1,0.6,13.3, 120 Swanston St, Melbourne VIC 3000,-37.8149,144.9671,0.23,0.75
MELBOURNE,2015,465,,9.0,25,0.8,2.5,1.1,0.6,13.3, 120 Swanston St, Melbourne VIC 3000,-37.8149,144.9671,0.23,0.75
MELBOURNE,2015,470,,9.0,25,0.8,2.5,1.1,0.6,13.3, 120 Swanston St, Melbourne VIC 3000,-37.8149,144.9671,0.23,0.75
MELBOURNE,2015,450,,9.0,25,0.8,2.5,1.1,0.6,13.3, 120 Swanston St, Melbourne VIC 3000,-37.8149,144.9671,0.23,0.75
MELBOURNE,2016,480,37852.0,9.0,25,0.8,2.5,1.1,0.6,13.3, 120 Swanston St, Melbourne VIC 3000,-37.8149,144.9671,0.23,0.75
MELBOURNE,2016,480,37852.0,9.0,25,0.8,2.5,1.1,0.6,13.3, 120 Swanston St, Melbourne VIC 3000,-37.8149,144.9671,0.23,0.75
MELBOURNE,2016,480,37852.0,9.0,25,0.8,2.5,1.1,0.6,13.3, 120 Swanston St, Melbourne VIC 3000,-37.8149,144.9671,0.23,0.75
MELBOURNE,2016,470,37852.0,9.0,25,0.8,2.5,1.1,0.6,13.3, 120 Swanston St, Melbourne VIC 3000,-37.8149,144.9671,0.23,0.75
MELBOURNE,2017,490,36464.0,9.0,25,0.8,2.5,1.1,0.6,13.3, 120 Swanston St, Melbourne VIC 3000,-37.8149,144.9671,0.23,0.75
MELBOURNE,2017,500,36464.0,9.0,25,0.8,2.5,1.1,0.6,13.3, 120 Swanston St, Melbourne VIC 3000,-37.8149,144.9671,0.23,0.75
MELBOURNE,2017,495,36464.0,9.0,25,0.8,2.5,1.1,0.6,13.3, 120 Swanston St, Melbourne VIC 3000,-37.8149,144.9671,0.23,0.75
MELBOURNE,2017,500,36464.0,9.0,25,0.8,2.5,1.1,0.6,13.3, 120 Swanston St, Melbourne VIC 3000,-37.8149,144.9671,0.23,0.75
MELBOURNE,2018,520,36160.0,9.0,25,0.8,2.5,1.1,0.6,13.3, 120 Swanston St, Melbourne VIC 3000,-37.8149,144.9671,0.23,0.75
MELBOURNE,2018,500,36160.0,9.0,25,0.8,2.5,1.1,0.6,13.3, 120 Swanston St, Melbourne VIC 3000,-37.8149,144.9671,0.23,0.75
MELBOURNE,2018,510,36160.0,9.0,25,0.8,2.5,1.1,0.6,13.3, 120 Swanston St, Melbourne VIC 3000,-37.8149,144.9671,0.23,0.75
MELBOURNE,2018,500,36160.0,9.0,25,0.8,2.5,1.1,0.6,13.3, 120 Swanston St, Melbourne VIC 3000,-37.8149,144.9671,0.23,0.75
MELBOURNE,2019,540,36336.0,9.0,25,0.8,2.5,1.1,0.6,13.3, 120 Swanston St, Melbourne VIC 3000,-37.8149,144.9671,0.23,0.75
MELBOURNE,2019,530,36336.0,9.0,25,0.8,2.5,1.1,0.6,13.3, 120 Swanston St, Melbourne VIC 3000,-37.8149,144.9671,0.23,0.75
MELBOURNE,2019,530,36336.0,9.0,25,0.8,2.5,1.1,0.6,13.3, 120 Swanston St, Melbourne VIC 3000,-37.8149,144.9671,0.23,0.75
MELBOURNE,2019,525,36336.0,9.0,25,0.8,2.5,1.1,0.6,13.3, 120 Swanston St, Melbourne VIC 3000,-37.8149,144.9671,0.23,0.75
MELBOURNE,2020,540,36451.0,9.0,25,0.8,2.5,1.1,0.6,13.3, 120 Swanston St, Melbourne VIC 3000,-37.8149,144.9671,0.23,0.75
MELBOURNE,2020,445,36451.0,9.0,25,0.8,2.5,1.1,0.6,13.3, 120 Swanston St, Melbourne VIC 3000,-37.8149,144.9671,0.23,0.75
MELBOURNE,2020,400,36451.0,9.0,25,0.8,2.5,1.1,0.6,13.3, 120 Swanston St, Melbourne VIC 3000,-37.8149,144.9671,0.23,0.75
MELBOURNE,2020,380,36451.0,9.0,25,0.8,2.5,1.1,0.6,13.3, 120 Swanston St, Melbourne VIC 3000,-37.8149,144.9671,0.23,0.75
MELBOURNE,2021,380,33625.0,9.0,25,0.8,2.5,1.1,0.6,13.3, 120 Swanston St, Melbourne VIC 3000,-37.8149,144.9671,0.23,0.75
MELBOURNE,2021,360,33625.0,9.0,25,0.8,2.5,1.1,0.6,13.3, 120 Swanston St, Melbourne VIC 3000,-37.8149,144.9671,0.23,0.75
MELBOURNE,2021,370,33625.0,9.0,25,0.8,2.5,1.1,0.6,13.3, 120 Swanston St, Melbourne VIC 3000,-37.8149,144.9671,0.23,0.75
MELBOURNE,2021,380,33625.0,9.0,25,0.8,2.5,1.1,0.6,13.3, 120 Swanston St, Melbourne VIC 3000,-37.8149,144.9671,0.23,0.75
MELBOURNE,2022,440,34514.0,9.0,25,0.8,2.5,1.1,0.6,13.3, 120 Swanston St, Melbourne VIC 3000,-37.8149,144.9671,0.23,0.75
MELBOURNE,2022,480,34514.0,9.0,25,0.8,2.5,1.1,0.6,13.3, 120 Swanston St, Melbourne VIC 3000,-37.8149,144.9671,0.23,0.75
MELBOURNE,2022,510,34514.0,9.0,25,0.8,2.5,1.1,0.6,13.3, 120 Swanston St, Melbourne VIC 3000,-37.8149,144.9671,0.23,0.75
MELBOURNE,2022,540,34514.0,9.0,25,0.8,2.5,1.1,0.6,13.3, 120 Swanston St, Melbourne VIC 3000,-37.8149,144.9671,0.23,0.75
MELBOURNE,2023,600,37719.0,9.0,25,0.8,2.5,1.1,0.6,13.3, 120 Swanston St, Melbourne VIC 3000,-37.8149,144.9671,0.23,0.75
MELBOURNE,2023,600,37719.0,9.0,25,0.8,2.5,1.1,0.6,13.3, 120 Swanston St, Melbourne VIC 3000,-37.8149,144.9671,0.23,0.75
MELBOURNE,2023,620,37719.0,9.0,25,0.8,2.5,1.1,0.6,13.3, 120 Swanston St, Melbourne VIC 3000,-37.8149,144.9671,0.23,0.75
MELBOURNE,2023,600,37719.0,9.0,25,0.8,2.5,1.1,0.6,13.3, 120 Swanston St, Melbourne VIC 3000,-37.8149,144.9671,0.23,0.75
MELBOURNE,2024,660,42746.0,9.0,25,0.8,2.5,1.1,0.6,13.3, 120 Swanston St, Melbourne VIC 3000,-37.8149,144.9671,0.23,0.75
MELBOURNE,2024,630,42746.0,9.0,25,0.8,2.5,1.1,0.6,13.3, 120 Swanston St, Melbourne VIC 3000,-37.8149,144.9671,0.23,0.75
MELBOURNE,2024,640,42746.0,9.0,25,0.8,2.5,1.1,0.6,13.3, 120 Swanston St, Melbourne VIC 3000,-37.8149,144.9671,0.23,0.75
MELBOURNE,2024,615,42746.0,9.0,25,0.8,2.5,1.1,0.6,13.3, 120 Swanston St, Melbourne VIC 3000,-37.8149,144.9671,0.23,0.75
MELBOURNE,2025,680,46695.0,9.0,25,0.8,2.5,1.1,0.6,13.3, 120 Swanston St, Melbourne VIC 3000,-37.8149,144.9671,0.23,0.75
MELBOURNE,2025,650,46695.0,9.0,25,0.8,2.5,1.1,0.6,13.3, 120 Swanston St, Melbourne VIC 3000,-37.8149,144.9671,0.23,0.75
MELBOURNE,2025,670,46695.0,9.0,25,0.8,2.5,1.1,0.6,13.3, 120 Swanston St, Melbourne VIC 3000,-37.8149,144.9671,0.23,0.75
MELTON,1999,150,,6.0,47,0.1,0.2,0.1,0.1,21.8,232 High Street, Melton VIC 3337,-37.6835,144.5827,36.32,43.3
MELTON,1999,150,,6.0,47,0.1,0.2,0.1,0.1,21.8,232 High Street, Melton VIC 3337,-37.6835,144.5827,36.32,43.3
MELTON,1999,155,,6.0,47,0.1,0.2,0.1,0.1,21.8,232 High Street, Melton VIC 3337,-37.6835,144.5827,36.32,43.3
MELTON,2000,150,,6.0,47,0.1,0.2,0.1,0.1,21.8,232 High Street, Melton VIC 3337,-37.6835,144.5827,36.32,43.3
MELTON,2000,155,,6.0,47,0.1,0.2,0.1,0.1,21.8,232 High Street, Melton VIC 3337,-37.6835,144.5827,36.32,43.3
MELTON,2000,160,,6.0,47,0.1,0.2,0.1,0.1,21.8,232 High Street, Melton VIC 3337,-37.6835,144.5827,36.32,43.3
MELTON,2000,160,,6.0,47,0.1,0.2,0.1,0.1,21.8,232 High Street, Melton VIC 3337,-37.6835,144.5827,36.32,43.3
MELTON,2001,160,,6.0,47,0.1,0.2,0.1,0.1,21.8,232 High Street, Melton VIC 3337,-37.6835,144.5827,36.32,43.3
MELTON,2001,165,,6.0,47,0.1,0.2,0.1,0.1,21.8,232 High Street, Melton VIC 3337,-37.6835,144.5827,36.32,43.3
MELTON,2001,170,,6.0,47,0.1,0.2,0.1,0.1,21.8,232 High Street, Melton VIC 3337,-37.6835,144.5827,36.32,43.3
MELTON,2001,170,,6.0,47,0.1,0.2,0.1,0.1,21.8,232 High Street, Melton VIC 3337,-37.6835,144.5827,36.32,43.3
MELTON,2002,170,,6.0,47,0.1,0.2,0.1,0.1,21.8,232 High Street, Melton VIC 3337,-37.6835,144.5827,36.32,43.3
MELTON,2002,175,,6.0,47,0.1,0.2,0.1,0.1,21.8,232 High Street, Melton VIC 3337,-37.6835,144.5827,36.32,43.3
MELTON,2002,185,,6.0,47,0.1,0.2,0.1,0.1,21.8,232 High Street, Melton VIC 3337,-37.6835,144.5827,36.32,43.3
MELTON,2002,185,,6.0,47,0.1,0.2,0.1,0.1,21.8,232 High Street, Melton VIC 3337,-37.6835,144.5827,36.32,43.3
MELTON,2003,190,,6.0,47,0.1,0.2,0.1,0.1,21.8,232 High Street, Melton VIC 3337,-37.6835,144.5827,36.32,43.3
MELTON,2003,185,,6.0,47,0.1,0.2,0.1,0.1,21.8,232 High Street, Melton VIC 3337,-37.6835,144.5827,36.32,43.3
MELTON,2003,190,,6.0,47,0.1,0.2,0.1,0.1,21.8,232 High Street, Melton VIC 3337,-37.6835,144.5827,36.32,43.3
MELTON,2003,190,,6.0,47,0.1,0.2,0.1,0.1,21.8,232 High Street, Melton VIC 3337,-37.6835,144.5827,36.32,43.3
MELTON,2004,200,,6.0,47,0.1,0.2,0.1,0.1,21.8,232 High Street, Melton VIC 3337,-37.6835,144.5827,36.32,43.3
MELTON,2004,190,,6.0,47,0.1,0.2,0.1,0.1,21.8,232 High Street, Melton VIC 3337,-37.6835,144.5827,36.32,43.3
MELTON,2004,195,,6.0,47,0.1,0.2,0.1,0.1,21.8,232 High Street, Melton VIC 3337,-37.6835,144.5827,36.32,43.3
MELTON,2004,195,,6.0,47,0.1,0.2,0.1,0.1,21.8,232 High Street, Melton VIC 3337,-37.6835,144.5827,36.32,43.3
MELTON,2005,200,,6.0,47,0.1,0.2,0.1,0.1,21.8,232 High Street, Melton VIC 3337,-37.6835,144.5827,36.32,43.3
MELTON,2005,200,,6.0,47,0.1,0.2,0.1,0.1,21.8,232 High Street, Melton VIC 3337,-37.6835,144.5827,36.32,43.3
MELTON,2005,200,,6.0,47,0.1,0.2,0.1,0.1,21.8,232 High Street, Melton VIC 3337,-37.6835,144.5827,36.32,43.3
MELTON,2005,210,,6.0,47,0.1,0.2,0.1,0.1,21.8,232 High Street, Melton VIC 3337,-37.6835,144.5827,36.32,43.3
MELTON,2006,210,,6.0,47,0.1,0.2,0.1,0.1,21.8,232 High Street, Melton VIC 3337,-37.6835,144.5827,36.32,43.3
MELTON,2006,210,,6.0,47,0.1,0.2,0.1,0.1,21.8,232 High Street, Melton VIC 3337,-37.6835,144.5827,36.32,43.3
MELTON,2006,210,,6.0,47,0.1,0.2,0.1,0.1,21.8,232 High Street, Melton VIC 3337,-37.6835,144.5827,36.32,43.3
MELTON,2006,210,,6.0,47,0.1,0.2,0.1,0.1,21.8,232 High Street, Melton VIC 3337,-37.6835,144.5827,36.32,43.3
MELTON,2007,220,,6.0,47,0.1,0.2,0.1,0.1,21.8,232 High Street, Melton VIC 3337,-37.6835,144.5827,36.32,43.3
MELTON,2007,230,,6.0,47,0.1,0.2,0.1,0.1,21.8,232 High Street, Melton VIC 3337,-37.6835,144.5827,36.32,43.3
MELTON,2007,230,,6.0,47,0.1,0.2,0.1,0.1,21.8,232 High Street, Melton VIC 3337,-37.6835,144.5827,36.32,43.3
MELTON,2007,240,,6.0,47,0.1,0.2,0.1,0.1,21.8,232 High Street, Melton VIC 3337,-37.6835,144.5827,36.32,43.3
MELTON,2008,240,,6.0,47,0.1,0.2,0.1,0.1,21.8,232 High Street, Melton VIC 3337,-37.6835,144.5827,36.32,43.3
MELTON,2008,250,,6.0,47,0.1,0.2,0.1,0.1,21.8,232 High Street, Melton VIC 3337,-37.6835,144.5827,36.32,43.3
MELTON,2008,250,,6.0,47,0.1,0.2,0.1,0.1,21.8,232 High Street, Melton VIC 3337,-37.6835,144.5827,36.32,43.3
MELTON,2008,260,,6.0,47,0.1,0.2,0.1,0.1,21.8,232 High Street, Melton VIC 3337,-37.6835,144.5827,36.32,43.3
MELTON,2009,265,,6.0,47,0.1,0.2,0.1,0.1,21.8,232 High Street, Melton VIC 3337,-37.6835,144.5827,36.32,43.3
MELTON,2009,270,,6.0,47,0.1,0.2,0.1,0.1,21.8,232 High Street, Melton VIC 3337,-37.6835,144.5827,36.32,43.3
MELTON,2009,280,,6.0,47,0.1,0.2,0.1,0.1,21.8,232 High Street, Melton VIC 3337,-37.6835,144.5827,36.32,43.3
MELTON,2009,275,,6.0,47,0.1,0.2,0.1,0.1,21.8,232 High Street, Melton VIC 3337,-37.6835,144.5827,36.32,43.3
MELTON,2010,280,,6.0,47,0.1,0.2,0.1,0.1,21.8,232 High Street, Melton VIC 3337,-37.6835,144.5827,36.32,43.3
MELTON,2010,290,,6.0,47,0.1,0.2,0.1,0.1,21.8,232 High Street, Melton VIC 3337,-37.6835,144.5827,36.32,43.3
MELTON,2010,285,,6.0,47,0.1,0.2,0.1,0.1,21.8,232 High Street, Melton VIC 3337,-37.6835,144.5827,36.32,43.3
MELTON,2010,290,,6.0,47,0.1,0.2,0.1,0.1,21.8,232 High Street, Melton VIC 3337,-37.6835,144.5827,36.32,43.3
MELTON,2011,290,,6.0,47,0.1,0.2,0.1,0.1,21.8,232 High Street, Melton VIC 3337,-37.6835,144.5827,36.32,43.3
MELTON,2011,293,,6.0,47,0.1,0.2,0.1,0.1,21.8,232 High Street, Melton VIC 3337,-37.6835,144.5827,36.32,43.3
MELTON,2011,295,,6.0,47,0.1,0.2,0.1,0.1,21.8,232 High Street, Melton VIC 3337,-37.6835,144.5827,36.32,43.3
MELTON,2011,300,,6.0,47,0.1,0.2,0.1,0.1,21.8,232 High Street, Melton VIC 3337,-37.6835,144.5827,36.32,43.3
MELTON,2012,280,,6.0,47,0.1,0.2,0.1,0.1,21.8,232 High Street, Melton VIC 3337,-37.6835,144.5827,36.32,43.3
MELTON,2012,290,,6.0,47,0.1,0.2,0.1,0.1,21.8,232 High Street, Melton VIC 3337,-37.6835,144.5827,36.32,43.3
MELTON,2012,290,,6.0,47,0.1,0.2,0.1,0.1,21.8,232 High Street, Melton VIC 3337,-37.6835,144.5827,36.32,43.3
MELTON,2012,300,,6.0,47,0.1,0.2,0.1,0.1,21.8,232 High Street, Melton VIC 3337,-37.6835,144.5827,36.32,43.3
MELTON,2013,300,,6.0,47,0.1,0.2,0.1,0.1,21.8,232 High Street, Melton VIC 3337,-37.6835,144.5827,36.32,43.3
MELTON,2013,300,,6.0,47,0.1,0.2,0.1,0.1,21.8,232 High Street, Melton VIC 3337,-37.6835,144.5827,36.32,43.3
MELTON,2013,300,,6.0,47,0.1,0.2,0.1,0.1,21.8,232 High Street, Melton VIC 3337,-37.6835,144.5827,36.32,43.3
MELTON,2013,310,,6.0,47,0.1,0.2,0.1,0.1,21.8,232 High Street, Melton VIC 3337,-37.6835,144.5827,36.32,43.3
MELTON,2014,310,,6.0,47,0.1,0.2,0.1,0.1,21.8,232 High Street, Melton VIC 3337,-37.6835,144.5827,36.32,43.3
MELTON,2014,310,,6.0,47,0.1,0.2,0.1,0.1,21.8,232 High Street, Melton VIC 3337,-37.6835,144.5827,36.32,43.3
MELTON,2014,320,,6.0,47,0.1,0.2,0.1,0.1,21.8,232 High Street, Melton VIC 3337,-37.6835,144.5827,36.32,43.3
MELTON,2014,320,,6.0,47,0.1,0.2,0.1,0.1,21.8,232 High Street, Melton VIC 3337,-37.6835,144.5827,36.32,43.3
MELTON,2015,320,,6.0,47,0.1,0.2,0.1,0.1,21.8,232 High Street, Melton VIC 3337,-37.6835,144.5827,36.32,43.3
MELTON,2015,330,,6.0,47,0.1,0.2,0.1,0.1,21.8,232 High Street, Melton VIC 3337,-37.6835,144.5827,36.32,43.3
MELTON,2015,330,,6.0,47,0.1,0.2,0.1,0.1,21.8,232 High Street, Melton VIC 3337,-37.6835,144.5827,36.32,43.3
MELTON,2015,335,,6.0,47,0.1,0.2,0.1,0.1,21.8,232 High Street, Melton VIC 3337,-37.6835,144.5827,36.32,43.3
MELTON,2016,340,12047.0,6.0,47,0.1,0.2,0.1,0.1,21.8,232 High Street, Melton VIC 3337,-37.6835,144.5827,36.32,43.3
MELTON,2016,340,12047.0,6.0,47,0.1,0.2,0.1,0.1,21.8,232 High Street, Melton VIC 3337,-37.6835,144.5827,36.32,43.3
MELTON,2016,345,12047.0,6.0,47,0.1,0.2,0.1,0.1,21.8,232 High Street, Melton VIC 3337,-37.6835,144.5827,36.32,43.3
MELTON,2016,340,12047.0,6.0,47,0.1,0.2,0.1,0.1,21.8,232 High Street, Melton VIC 3337,-37.6835,144.5827,36.32,43.3
MELTON,2017,350,10636.0,6.0,47,0.1,0.2,0.1,0.1,21.8,232 High Street, Melton VIC 3337,-37.6835,144.5827,36.32,43.3
MELTON,2017,350,10636.0,6.0,47,0.1,0.2,0.1,0.1,21.8,232 High Street, Melton VIC 3337,-37.6835,144.5827,36.32,43.3
MELTON,2017,350,10636.0,6.0,47,0.1,0.2,0.1,0.1,21.8,232 High Street, Melton VIC 3337,-37.6835,144.5827,36.32,43.3
MELTON,2017,355,10636.0,6.0,47,0.1,0.2,0.1,0.1,21.8,232 High Street, Melton VIC 3337,-37.6835,144.5827,36.32,43.3
MELTON,2018,360,10672.0,6.0,47,0.1,0.2,0.1,0.1,21.8,232 High Street, Melton VIC 3337,-37.6835,144.5827,36.32,43.3
MELTON,2018,360,10672.0,6.0,47,0.1,0.2,0.1,0.1,21.8,232 High Street, Melton VIC 3337,-37.6835,144.5827,36.32,43.3
MELTON,2018,370,10672.0,6.0,47,0.1,0.2,0.1,0.1,21.8,232 High Street, Melton VIC 3337,-37.6835,144.5827,36.32,43.3
MELTON,2018,370,10672.0,6.0,47,0.1,0.2,0.1,0.1,21.8,232 High Street, Melton VIC 3337,-37.6835,144.5827,36.32,43.3
MELTON,2019,370,12591.0,6.0,47,0.1,0.2,0.1,0.1,21.8,232 High Street, Melton VIC 3337,-37.6835,144.5827,36.32,43.3
MELTON,2019,375,12591.0,6.0,47,0.1,0.2,0.1,0.1,21.8,232 High Street, Melton VIC 3337,-37.6835,144.5827,36.32,43.3
MELTON,2019,370,12591.0,6.0,47,0.1,0.2,0.1,0.1,21.8,232 High Street, Melton VIC 3337,-37.6835,144.5827,36.32,43.3
MELTON,2019,380,12591.0,6.0,47,0.1,0.2,0.1,0.1,21.8,232 High Street, Melton VIC 3337,-37.6835,144.5827,36.32,43.3
MELTON,2020,377,14343.0,6.0,47,0.1,0.2,0.1,0.1,21.8,232 High Street, Melton VIC 3337,-37.6835,144.5827,36.32,43.3
MELTON,2020,370,14343.0,6.0,47,0.1,0.2,0.1,0.1,21.8,232 High Street, Melton VIC 3337,-37.6835,144.5827,36.32,43.3
MELTON,2020,375,14343.0,6.0,47,0.1,0.2,0.1,0.1,21.8,232 High Street, Melton VIC 3337,-37.6835,144.5827,36.32,43.3
MELTON,2020,380,14343.0,6.0,47,0.1,0.2,0.1,0.1,21.8,232 High Street, Melton VIC 3337,-37.6835,144.5827,36.32,43.3
MELTON,2021,380,12080.0,6.0,47,0.1,0.2,0.1,0.1,21.8,232 High Street, Melton VIC 3337,-37.6835,144.5827,36.32,43.3
MELTON,2021,380,12080.0,6.0,47,0.1,0.2,0.1,0.1,21.8,232 High Street, Melton VIC 3337,-37.6835,144.5827,36.32,43.3
MELTON,2021,380,12080.0,6.0,47,0.1,0.2,0.1,0.1,21.8,232 High Street, Melton VIC 3337,-37.6835,144.5827,36.32,43.3
MELTON,2021,380,12080.0,6.0,47,0.1,0.2,0.1,0.1,21.8,232 High Street, Melton VIC 3337,-37.6835,144.5827,36.32,43.3
MELTON,2022,390,11972.0,6.0,47,0.1,0.2,0.1,0.1,21.8,232 High Street, Melton VIC 3337,-37.6835,144.5827,36.32,43.3
MELTON,2022,390,11972.0,6.0,47,0.1,0.2,0.1,0.1,21.8,232 High Street, Melton VIC 3337,-37.6835,144.5827,36.32,43.3
MELTON,2022,400,11972.0,6.0,47,0.1,0.2,0.1,0.1,21.8,232 High Street, Melton VIC 3337,-37.6835,144.5827,36.32,43.3
MELTON,2022,408,11972.0,6.0,47,0.1,0.2,0.1,0.1,21.8,232 High Street, Melton VIC 3337,-37.6835,144.5827,36.32,43.3
MELTON,2023,420,12762.0,6.0,47,0.1,0.2,0.1,0.1,21.8,232 High Street, Melton VIC 3337,-37.6835,144.5827,36.32,43.3
MELTON,2023,440,12762.0,6.0,47,0.1,0.2,0.1,0.1,21.8,232 High Street, Melton VIC 3337,-37.6835,144.5827,36.32,43.3
MELTON,2023,450,12762.0,6.0,47,0.1,0.2,0.1,0.1,21.8,232 High Street, Melton VIC 3337,-37.6835,144.5827,36.32,43.3
MELTON,2023,470,12762.0,6.0,47,0.1,0.2,0.1,0.1,21.8,232 High Street, Melton VIC 3337,-37.6835,144.5827,36.32,43.3
MELTON,2024,480,15212.0,6.0,47,0.1,0.2,0.1,0.1,21.8,232 High Street, Melton VIC 3337,-37.6835,144.5827,36.32,43.3
MELTON,2024,480,15212.0,6.0,47,0.1,0.2,0.1,0.1,21.8,232 High Street, Melton VIC 3337,-37.6835,144.5827,36.32,43.3
MELTON,2024,500,15212.0,6.0,47,0.1,0.2,0.1,0.1,21.8,232 High Street, Melton VIC 3337,-37.6835,144.5827,36.32,43.3
MELTON,2024,490,15212.0,6.0,47,0.1,0.2,0.1,0.1,21.8,232 High Street, Melton VIC 3337,-37.6835,144.5827,36.32,43.3
MELTON,2025,490,16851.0,6.0,47,0.1,0.2,0.1,0.1,21.8,232 High Street, Melton VIC 3337,-37.6835,144.5827,36.32,43.3
MELTON,2025,490,16851.0,6.0,47,0.1,0.2,0.1,0.1,21.8,232 High Street, Melton VIC 3337,-37.6835,144.5827,36.32,43.3
MELTON,2025,480,16851.0,6.0,47,0.1,0.2,0.1,0.1,21.8,232 High Street, Melton VIC 3337,-37.6835,144.5827,36.32,43.3
MERRI-BEK,1999,155,,4.0,45,0.4,0.9,0.2,0.3,26.4,90 Bell Street, Coburg VIC 3058,-37.742,144.9653,8.28,8.9
MERRI-BEK,1999,160,,4.0,45,0.4,0.9,0.2,0.3,26.4,90 Bell Street, Coburg VIC 3058,-37.742,144.9653,8.28,8.9
MERRI-BEK,1999,165,,4.0,45,0.4,0.9,0.2,0.3,26.4,90 Bell Street, Coburg VIC 3058,-37.742,144.9653,8.28,8.9
MERRI-BEK,2000,170,,4.0,45,0.4,0.9,0.2,0.3,26.4,90 Bell Street, Coburg VIC 3058,-37.742,144.9653,8.28,8.9
MERRI-BEK,2000,165,,4.0,45,0.4,0.9,0.2,0.3,26.4,90 Bell Street, Coburg VIC 3058,-37.742,144.9653,8.28,8.9
MERRI-BEK,2000,170,,4.0,45,0.4,0.9,0.2,0.3,26.4,90 Bell Street, Coburg VIC 3058,-37.742,144.9653,8.28,8.9
MERRI-BEK,2000,170,,4.0,45,0.4,0.9,0.2,0.3,26.4,90 Bell Street, Coburg VIC 3058,-37.742,144.9653,8.28,8.9
MERRI-BEK,2001,180,,4.0,45,0.4,0.9,0.2,0.3,26.4,90 Bell Street, Coburg VIC 3058,-37.742,144.9653,8.28,8.9
MERRI-BEK,2001,180,,4.0,45,0.4,0.9,0.2,0.3,26.4,90 Bell Street, Coburg VIC 3058,-37.742,144.9653,8.28,8.9
MERRI-BEK,2001,180,,4.0,45,0.4,0.9,0.2,0.3,26.4,90 Bell Street, Coburg VIC 3058,-37.742,144.9653,8.28,8.9
MERRI-BEK,2001,190,,4.0,45,0.4,0.9,0.2,0.3,26.4,90 Bell Street, Coburg VIC 3058,-37.742,144.9653,8.28,8.9
MERRI-BEK,2002,190,,4.0,45,0.4,0.9,0.2,0.3,26.4,90 Bell Street, Coburg VIC 3058,-37.742,144.9653,8.28,8.9
MERRI-BEK,2002,185,,4.0,45,0.4,0.9,0.2,0.3,26.4,90 Bell Street, Coburg VIC 3058,-37.742,144.9653,8.28,8.9
MERRI-BEK,2002,185,,4.0,45,0.4,0.9,0.2,0.3,26.4,90 Bell Street, Coburg VIC 3058,-37.742,144.9653,8.28,8.9
MERRI-BEK,2002,190,,4.0,45,0.4,0.9,0.2,0.3,26.4,90 Bell Street, Coburg VIC 3058,-37.742,144.9653,8.28,8.9
MERRI-BEK,2003,192,,4.0,45,0.4,0.9,0.2,0.3,26.4,90 Bell Street, Coburg VIC 3058,-37.742,144.9653,8.28,8.9
MERRI-BEK,2003,190,,4.0,45,0.4,0.9,0.2,0.3,26.4,90 Bell Street, Coburg VIC 3058,-37.742,144.9653,8.28,8.9
MERRI-BEK,2003,195,,4.0,45,0.4,0.9,0.2,0.3,26.4,90 Bell Street, Coburg VIC 3058,-37.742,144.9653,8.28,8.9
MERRI-BEK,2003,195,,4.0,45,0.4,0.9,0.2,0.3,26.4,90 Bell Street, Coburg VIC 3058,-37.742,144.9653,8.28,8.9
MERRI-BEK,2004,200,,4.0,45,0.4,0.9,0.2,0.3,26.4,90 Bell Street, Coburg VIC 3058,-37.742,144.9653,8.28,8.9
MERRI-BEK,2004,200,,4.0,45,0.4,0.9,0.2,0.3,26.4,90 Bell Street, Coburg VIC 3058,-37.742,144.9653,8.28,8.9
MERRI-BEK,2004,200,,4.0,45,0.4,0.9,0.2,0.3,26.4,90 Bell Street, Coburg VIC 3058,-37.742,144.9653,8.28,8.9
MERRI-BEK,2004,200,,4.0,45,0.4,0.9,0.2,0.3,26.4,90 Bell Street, Coburg VIC 3058,-37.742,144.9653,8.28,8.9
MERRI-BEK,2005,210,,4.0,45,0.4,0.9,0.2,0.3,26.4,90 Bell Street, Coburg VIC 3058,-37.742,144.9653,8.28,8.9
MERRI-BEK,2005,200,,4.0,45,0.4,0.9,0.2,0.3,26.4,90 Bell Street, Coburg VIC 3058,-37.742,144.9653,8.28,8.9
MERRI-BEK,2005,210,,4.0,45,0.4,0.9,0.2,0.3,26.4,90 Bell Street, Coburg VIC 3058,-37.742,144.9653,8.28,8.9
MERRI-BEK,2005,210,,4.0,45,0.4,0.9,0.2,0.3,26.4,90 Bell Street, Coburg VIC 3058,-37.742,144.9653,8.28,8.9
MERRI-BEK,2006,220,,4.0,45,0.4,0.9,0.2,0.3,26.4,90 Bell Street, Coburg VIC 3058,-37.742,144.9653,8.28,8.9
MERRI-BEK,2006,220,,4.0,45,0.4,0.9,0.2,0.3,26.4,90 Bell Street, Coburg VIC 3058,-37.742,144.9653,8.28,8.9
MERRI-BEK,2006,225,,4.0,45,0.4,0.9,0.2,0.3,26.4,90 Bell Street, Coburg VIC 3058,-37.742,144.9653,8.28,8.9
MERRI-BEK,2006,230,,4.0,45,0.4,0.9,0.2,0.3,26.4,90 Bell Street, Coburg VIC 3058,-37.742,144.9653,8.28,8.9
MERRI-BEK,2007,240,,4.0,45,0.4,0.9,0.2,0.3,26.4,90 Bell Street, Coburg VIC 3058,-37.742,144.9653,8.28,8.9
MERRI-BEK,2007,250,,4.0,45,0.4,0.9,0.2,0.3,26.4,90 Bell Street, Coburg VIC 3058,-37.742,144.9653,8.28,8.9
MERRI-BEK,2007,250,,4.0,45,0.4,0.9,0.2,0.3,26.4,90 Bell Street, Coburg VIC 3058,-37.742,144.9653,8.28,8.9
MERRI-BEK,2007,270,,4.0,45,0.4,0.9,0.2,0.3,26.4,90 Bell Street, Coburg VIC 3058,-37.742,144.9653,8.28,8.9
MERRI-BEK,2008,270,,4.0,45,0.4,0.9,0.2,0.3,26.4,90 Bell Street, Coburg VIC 3058,-37.742,144.9653,8.28,8.9
MERRI-BEK,2008,300,,4.0,45,0.4,0.9,0.2,0.3,26.4,90 Bell Street, Coburg VIC 3058,-37.742,144.9653,8.28,8.9
MERRI-BEK,2008,300,,4.0,45,0.4,0.9,0.2,0.3,26.4,90 Bell Street, Coburg VIC 3058,-37.742,144.9653,8.28,8.9
MERRI-BEK,2008,300,,4.0,45,0.4,0.9,0.2,0.3,26.4,90 Bell Street, Coburg VIC 3058,-37.742,144.9653,8.28,8.9
MERRI-BEK,2009,310,,4.0,45,0.4,0.9,0.2,0.3,26.4,90 Bell Street, Coburg VIC 3058,-37.742,144.9653,8.28,8.9
MERRI-BEK,2009,310,,4.0,45,0.4,0.9,0.2,0.3,26.4,90 Bell Street, Coburg VIC 3058,-37.742,144.9653,8.28,8.9
MERRI-BEK,2009,315,,4.0,45,0.4,0.9,0.2,0.3,26.4,90 Bell Street, Coburg VIC 3058,-37.742,144.9653,8.28,8.9
MERRI-BEK,2009,320,,4.0,45,0.4,0.9,0.2,0.3,26.4,90 Bell Street, Coburg VIC 3058,-37.742,144.9653,8.28,8.9
MERRI-BEK,2010,330,,4.0,45,0.4,0.9,0.2,0.3,26.4,90 Bell Street, Coburg VIC 3058,-37.742,144.9653,8.28,8.9
MERRI-BEK,2010,330,,4.0,45,0.4,0.9,0.2,0.3,26.4,90 Bell Street, Coburg VIC 3058,-37.742,144.9653,8.28,8.9
MERRI-BEK,2010,330,,4.0,45,0.4,0.9,0.2,0.3,26.4,90 Bell Street, Coburg VIC 3058,-37.742,144.9653,8.28,8.9
MERRI-BEK,2010,340,,4.0,45,0.4,0.9,0.2,0.3,26.4,90 Bell Street, Coburg VIC 3058,-37.742,144.9653,8.28,8.9
MERRI-BEK,2011,345,,4.0,45,0.4,0.9,0.2,0.3,26.4,90 Bell Street, Coburg VIC 3058,-37.742,144.9653,8.28,8.9
MERRI-BEK,2011,350,,4.0,45,0.4,0.9,0.2,0.3,26.4,90 Bell Street, Coburg VIC 3058,-37.742,144.9653,8.28,8.9
MERRI-BEK,2011,350,,4.0,45,0.4,0.9,0.2,0.3,26.4,90 Bell Street, Coburg VIC 3058,-37.742,144.9653,8.28,8.9
MERRI-BEK,2011,340,,4.0,45,0.4,0.9,0.2,0.3,26.4,90 Bell Street, Coburg VIC 3058,-37.742,144.9653,8.28,8.9
MERRI-BEK,2012,350,,4.0,45,0.4,0.9,0.2,0.3,26.4,90 Bell Street, Coburg VIC 3058,-37.742,144.9653,8.28,8.9
MERRI-BEK,2012,350,,4.0,45,0.4,0.9,0.2,0.3,26.4,90 Bell Street, Coburg VIC 3058,-37.742,144.9653,8.28,8.9
MERRI-BEK,2012,350,,4.0,45,0.4,0.9,0.2,0.3,26.4,90 Bell Street, Coburg VIC 3058,-37.742,144.9653,8.28,8.9
MERRI-BEK,2012,350,,4.0,45,0.4,0.9,0.2,0.3,26.4,90 Bell Street, Coburg VIC 3058,-37.742,144.9653,8.28,8.9
MERRI-BEK,2013,350,,4.0,45,0.4,0.9,0.2,0.3,26.4,90 Bell Street, Coburg VIC 3058,-37.742,144.9653,8.28,8.9
MERRI-BEK,2013,350,,4.0,45,0.4,0.9,0.2,0.3,26.4,90 Bell Street, Coburg VIC 3058,-37.742,144.9653,8.28,8.9
MERRI-BEK,2013,350,,4.0,45,0.4,0.9,0.2,0.3,26.4,90 Bell Street, Coburg VIC 3058,-37.742,144.9653,8.28,8.9
MERRI-BEK,2013,350,,4.0,45,0.4,0.9,0.2,0.3,26.4,90 Bell Street, Coburg VIC 3058,-37.742,144.9653,8.28,8.9
MERRI-BEK,2014,350,,4.0,45,0.4,0.9,0.2,0.3,26.4,90 Bell Street, Coburg VIC 3058,-37.742,144.9653,8.28,8.9
MERRI-BEK,2014,360,,4.0,45,0.4,0.9,0.2,0.3,26.4,90 Bell Street, Coburg VIC 3058,-37.742,144.9653,8.28,8.9
MERRI-BEK,2014,350,,4.0,45,0.4,0.9,0.2,0.3,26.4,90 Bell Street, Coburg VIC 3058,-37.742,144.9653,8.28,8.9
MERRI-BEK,2014,360,,4.0,45,0.4,0.9,0.2,0.3,26.4,90 Bell Street, Coburg VIC 3058,-37.742,144.9653,8.28,8.9
MERRI-BEK,2015,360,,4.0,45,0.4,0.9,0.2,0.3,26.4,90 Bell Street, Coburg VIC 3058,-37.742,144.9653,8.28,8.9
MERRI-BEK,2015,360,,4.0,45,0.4,0.9,0.2,0.3,26.4,90 Bell Street, Coburg VIC 3058,-37.742,144.9653,8.28,8.9
MERRI-BEK,2015,360,,4.0,45,0.4,0.9,0.2,0.3,26.4,90 Bell Street, Coburg VIC 3058,-37.742,144.9653,8.28,8.9
MERRI-BEK,2015,370,,4.0,45,0.4,0.9,0.2,0.3,26.4,90 Bell Street, Coburg VIC 3058,-37.742,144.9653,8.28,8.9
MERRI-BEK,2016,380,14864.0,4.0,45,0.4,0.9,0.2,0.3,26.4,90 Bell Street, Coburg VIC 3058,-37.742,144.9653,8.28,8.9
MERRI-BEK,2016,370,14864.0,4.0,45,0.4,0.9,0.2,0.3,26.4,90 Bell Street, Coburg VIC 3058,-37.742,144.9653,8.28,8.9
MERRI-BEK,2016,380,14864.0,4.0,45,0.4,0.9,0.2,0.3,26.4,90 Bell Street, Coburg VIC 3058,-37.742,144.9653,8.28,8.9
MERRI-BEK,2016,380,14864.0,4.0,45,0.4,0.9,0.2,0.3,26.4,90 Bell Street, Coburg VIC 3058,-37.742,144.9653,8.28,8.9
MERRI-BEK,2017,390,12742.0,4.0,45,0.4,0.9,0.2,0.3,26.4,90 Bell Street, Coburg VIC 3058,-37.742,144.9653,8.28,8.9
MERRI-BEK,2017,400,12742.0,4.0,45,0.4,0.9,0.2,0.3,26.4,90 Bell Street, Coburg VIC 3058,-37.742,144.9653,8.28,8.9
MERRI-BEK,2017,400,12742.0,4.0,45,0.4,0.9,0.2,0.3,26.4,90 Bell Street, Coburg VIC 3058,-37.742,144.9653,8.28,8.9
MERRI-BEK,2017,400,12742.0,4.0,45,0.4,0.9,0.2,0.3,26.4,90 Bell Street, Coburg VIC 3058,-37.742,144.9653,8.28,8.9
MERRI-BEK,2018,400,14544.0,4.0,45,0.4,0.9,0.2,0.3,26.4,90 Bell Street, Coburg VIC 3058,-37.742,144.9653,8.28,8.9
MERRI-BEK,2018,400,14544.0,4.0,45,0.4,0.9,0.2,0.3,26.4,90 Bell Street, Coburg VIC 3058,-37.742,144.9653,8.28,8.9
MERRI-BEK,2018,410,14544.0,4.0,45,0.4,0.9,0.2,0.3,26.4,90 Bell Street, Coburg VIC 3058,-37.742,144.9653,8.28,8.9
MERRI-BEK,2018,420,14544.0,4.0,45,0.4,0.9,0.2,0.3,26.4,90 Bell Street, Coburg VIC 3058,-37.742,144.9653,8.28,8.9
MERRI-BEK,2019,420,14360.0,4.0,45,0.4,0.9,0.2,0.3,26.4,90 Bell Street, Coburg VIC 3058,-37.742,144.9653,8.28,8.9
MERRI-BEK,2019,420,14360.0,4.0,45,0.4,0.9,0.2,0.3,26.4,90 Bell Street, Coburg VIC 3058,-37.742,144.9653,8.28,8.9
MERRI-BEK,2019,420,14360.0,4.0,45,0.4,0.9,0.2,0.3,26.4,90 Bell Street, Coburg VIC 3058,-37.742,144.9653,8.28,8.9
MERRI-BEK,2019,420,14360.0,4.0,45,0.4,0.9,0.2,0.3,26.4,90 Bell Street, Coburg VIC 3058,-37.742,144.9653,8.28,8.9
MERRI-BEK,2020,430,13782.0,4.0,45,0.4,0.9,0.2,0.3,26.4,90 Bell Street, Coburg VIC 3058,-37.742,144.9653,8.28,8.9
MERRI-BEK,2020,405,13782.0,4.0,45,0.4,0.9,0.2,0.3,26.4,90 Bell Street, Coburg VIC 3058,-37.742,144.9653,8.28,8.9
MERRI-BEK,2020,400,13782.0,4.0,45,0.4,0.9,0.2,0.3,26.4,90 Bell Street, Coburg VIC 3058,-37.742,144.9653,8.28,8.9
MERRI-BEK,2020,400,13782.0,4.0,45,0.4,0.9,0.2,0.3,26.4,90 Bell Street, Coburg VIC 3058,-37.742,144.9653,8.28,8.9
MERRI-BEK,2021,400,11635.0,4.0,45,0.4,0.9,0.2,0.3,26.4,90 Bell Street, Coburg VIC 3058,-37.742,144.9653,8.28,8.9
MERRI-BEK,2021,380,11635.0,4.0,45,0.4,0.9,0.2,0.3,26.4,90 Bell Street, Coburg VIC 3058,-37.742,144.9653,8.28,8.9
MERRI-BEK,2021,390,11635.0,4.0,45,0.4,0.9,0.2,0.3,26.4,90 Bell Street, Coburg VIC 3058,-37.742,144.9653,8.28,8.9
MERRI-BEK,2021,395,11635.0,4.0,45,0.4,0.9,0.2,0.3,26.4,90 Bell Street, Coburg VIC 3058,-37.742,144.9653,8.28,8.9
MERRI-BEK,2022,400,11923.0,4.0,45,0.4,0.9,0.2,0.3,26.4,90 Bell Street, Coburg VIC 3058,-37.742,144.9653,8.28,8.9
MERRI-BEK,2022,400,11923.0,4.0,45,0.4,0.9,0.2,0.3,26.4,90 Bell Street, Coburg VIC 3058,-37.742,144.9653,8.28,8.9
MERRI-BEK,2022,420,11923.0,4.0,45,0.4,0.9,0.2,0.3,26.4,90 Bell Street, Coburg VIC 3058,-37.742,144.9653,8.28,8.9
MERRI-BEK,2022,430,11923.0,4.0,45,0.4,0.9,0.2,0.3,26.4,90 Bell Street, Coburg VIC 3058,-37.742,144.9653,8.28,8.9
MERRI-BEK,2023,460,12749.0,4.0,45,0.4,0.9,0.2,0.3,26.4,90 Bell Street, Coburg VIC 3058,-37.742,144.9653,8.28,8.9
MERRI-BEK,2023,480,12749.0,4.0,45,0.4,0.9,0.2,0.3,26.4,90 Bell Street, Coburg VIC 3058,-37.742,144.9653,8.28,8.9
MERRI-BEK,2023,500,12749.0,4.0,45,0.4,0.9,0.2,0.3,26.4,90 Bell Street, Coburg VIC 3058,-37.742,144.9653,8.28,8.9
MERRI-BEK,2023,500,12749.0,4.0,45,0.4,0.9,0.2,0.3,26.4,90 Bell Street, Coburg VIC 3058,-37.742,144.9653,8.28,8.9
MERRI-BEK,2024,550,15297.0,4.0,45,0.4,0.9,0.2,0.3,26.4,90 Bell Street, Coburg VIC 3058,-37.742,144.9653,8.28,8.9
MERRI-BEK,2024,540,15297.0,4.0,45,0.4,0.9,0.2,0.3,26.4,90 Bell Street, Coburg VIC 3058,-37.742,144.9653,8.28,8.9
MERRI-BEK,2024,550,15297.0,4.0,45,0.4,0.9,0.2,0.3,26.4,90 Bell Street, Coburg VIC 3058,-37.742,144.9653,8.28,8.9
MERRI-BEK,2024,550,15297.0,4.0,45,0.4,0.9,0.2,0.3,26.4,90 Bell Street, Coburg VIC 3058,-37.742,144.9653,8.28,8.9
MERRI-BEK,2025,550,14671.0,4.0,45,0.4,0.9,0.2,0.3,26.4,90 Bell Street, Coburg VIC 3058,-37.742,144.9653,8.28,8.9
MERRI-BEK,2025,550,14671.0,4.0,45,0.4,0.9,0.2,0.3,26.4,90 Bell Street, Coburg VIC 3058,-37.742,144.9653,8.28,8.9
MERRI-BEK,2025,550,14671.0,4.0,45,0.4,0.9,0.2,0.3,26.4,90 Bell Street, Coburg VIC 3058,-37.742,144.9653,8.28,8.9
MILDURA,1999,130,,3.0,31,0.3,1.1,0.2,0.2,26.2,,,,,,
MILDURA,1999,140,,3.0,31,0.3,1.1,0.2,0.2,26.2,,,,,,
MILDURA,1999,135,,3.0,31,0.3,1.1,0.2,0.2,26.2,,,,,,
MILDURA,2000,140,,3.0,31,0.3,1.1,0.2,0.2,26.2,,,,,,
MILDURA,2000,140,,3.0,31,0.3,1.1,0.2,0.2,26.2,,,,,,
MILDURA,2000,145,,3.0,31,0.3,1.1,0.2,0.2,26.2,,,,,,
MILDURA,2000,145,,3.0,31,0.3,1.1,0.2,0.2,26.2,,,,,,
MILDURA,2001,150,,3.0,31,0.3,1.1,0.2,0.2,26.2,,,,,,
MILDURA,2001,145,,3.0,31,0.3,1.1,0.2,0.2,26.2,,,,,,
MILDURA,2001,145,,3.0,31,0.3,1.1,0.2,0.2,26.2,,,,,,
MILDURA,2001,150,,3.0,31,0.3,1.1,0.2,0.2,26.2,,,,,,
MILDURA,2002,150,,3.0,31,0.3,1.1,0.2,0.2,26.2,,,,,,
MILDURA,2002,155,,3.0,31,0.3,1.1,0.2,0.2,26.2,,,,,,
MILDURA,2002,151,,3.0,31,0.3,1.1,0.2,0.2,26.2,,,,,,
MILDURA,2002,160,,3.0,31,0.3,1.1,0.2,0.2,26.2,,,,,,
MILDURA,2003,160,,3.0,31,0.3,1.1,0.2,0.2,26.2,,,,,,
MILDURA,2003,160,,3.0,31,0.3,1.1,0.2,0.2,26.2,,,,,,
MILDURA,2003,160,,3.0,31,0.3,1.1,0.2,0.2,26.2,,,,,,
MILDURA,2003,160,,3.0,31,0.3,1.1,0.2,0.2,26.2,,,,,,
MILDURA,2004,165,,3.0,31,0.3,1.1,0.2,0.2,26.2,,,,,,
MILDURA,2004,165,,3.0,31,0.3,1.1,0.2,0.2,26.2,,,,,,
MILDURA,2004,165,,3.0,31,0.3,1.1,0.2,0.2,26.2,,,,,,
MILDURA,2004,170,,3.0,31,0.3,1.1,0.2,0.2,26.2,,,,,,
MILDURA,2005,170,,3.0,31,0.3,1.1,0.2,0.2,26.2,,,,,,
MILDURA,2005,170,,3.0,31,0.3,1.1,0.2,0.2,26.2,,,,,,
MILDURA,2005,170,,3.0,31,0.3,1.1,0.2,0.2,26.2,,,,,,
MILDURA,2005,175,,3.0,31,0.3,1.1,0.2,0.2,26.2,,,,,,
MILDURA,2006,180,,3.0,31,0.3,1.1,0.2,0.2,26.2,,,,,,
MILDURA,2006,175,,3.0,31,0.3,1.1,0.2,0.2,26.2,,,,,,
MILDURA,2006,185,,3.0,31,0.3,1.1,0.2,0.2,26.2,,,,,,
MILDURA,2006,185,,3.0,31,0.3,1.1,0.2,0.2,26.2,,,,,,
MILDURA,2007,190,,3.0,31,0.3,1.1,0.2,0.2,26.2,,,,,,
MILDURA,2007,190,,3.0,31,0.3,1.1,0.2,0.2,26.2,,,,,,
MILDURA,2007,190,,3.0,31,0.3,1.1,0.2,0.2,26.2,,,,,,
MILDURA,2007,190,,3.0,31,0.3,1.1,0.2,0.2,26.2,,,,,,
MILDURA,2008,190,,3.0,31,0.3,1.1,0.2,0.2,26.2,,,,,,
MILDURA,2008,195,,3.0,31,0.3,1.1,0.2,0.2,26.2,,,,,,
MILDURA,2008,190,,3.0,31,0.3,1.1,0.2,0.2,26.2,,,,,,
MILDURA,2008,190,,3.0,31,0.3,1.1,0.2,0.2,26.2,,,,,,
MILDURA,2009,190,,3.0,31,0.3,1.1,0.2,0.2,26.2,,,,,,
MILDURA,2009,190,,3.0,31,0.3,1.1,0.2,0.2,26.2,,,,,,
MILDURA,2009,190,,3.0,31,0.3,1.1,0.2,0.2,26.2,,,,,,
MILDURA,2009,200,,3.0,31,0.3,1.1,0.2,0.2,26.2,,,,,,
MILDURA,2010,195,,3.0,31,0.3,1.1,0.2,0.2,26.2,,,,,,
MILDURA,2010,205,,3.0,31,0.3,1.1,0.2,0.2,26.2,,,,,,
MILDURA,2010,200,,3.0,31,0.3,1.1,0.2,0.2,26.2,,,,,,
MILDURA,2010,200,,3.0,31,0.3,1.1,0.2,0.2,26.2,,,,,,
MILDURA,2011,210,,3.0,31,0.3,1.1,0.2,0.2,26.2,,,,,,
MILDURA,2011,200,,3.0,31,0.3,1.1,0.2,0.2,26.2,,,,,,
MILDURA,2011,230,,3.0,31,0.3,1.1,0.2,0.2,26.2,,,,,,
MILDURA,2011,220,,3.0,31,0.3,1.1,0.2,0.2,26.2,,,,,,
MILDURA,2012,225,,3.0,31,0.3,1.1,0.2,0.2,26.2,,,,,,
MILDURA,2012,220,,3.0,31,0.3,1.1,0.2,0.2,26.2,,,,,,
MILDURA,2012,225,,3.0,31,0.3,1.1,0.2,0.2,26.2,,,,,,
MILDURA,2012,230,,3.0,31,0.3,1.1,0.2,0.2,26.2,,,,,,
MILDURA,2013,232,,3.0,31,0.3,1.1,0.2,0.2,26.2,,,,,,
MILDURA,2013,230,,3.0,31,0.3,1.1,0.2,0.2,26.2,,,,,,
MILDURA,2013,240,,3.0,31,0.3,1.1,0.2,0.2,26.2,,,,,,
MILDURA,2013,230,,3.0,31,0.3,1.1,0.2,0.2,26.2,,,,,,
MILDURA,2014,250,,3.0,31,0.3,1.1,0.2,0.2,26.2,,,,,,
MILDURA,2014,250,,3.0,31,0.3,1.1,0.2,0.2,26.2,,,,,,
MILDURA,2014,250,,3.0,31,0.3,1.1,0.2,0.2,26.2,,,,,,
MILDURA,2014,245,,3.0,31,0.3,1.1,0.2,0.2,26.2,,,,,,
MILDURA,2015,255,,3.0,31,0.3,1.1,0.2,0.2,26.2,,,,,,
MILDURA,2015,250,,3.0,31,0.3,1.1,0.2,0.2,26.2,,,,,,
MILDURA,2015,260,,3.0,31,0.3,1.1,0.2,0.2,26.2,,,,,,
MILDURA,2015,250,,3.0,31,0.3,1.1,0.2,0.2,26.2,,,,,,
MILDURA,2016,265,6517.0,3.0,31,0.3,1.1,0.2,0.2,26.2,,,,,,
MILDURA,2016,260,6517.0,3.0,31,0.3,1.1,0.2,0.2,26.2,,,,,,
MILDURA,2016,270,6517.0,3.0,31,0.3,1.1,0.2,0.2,26.2,,,,,,
MILDURA,2016,270,6517.0,3.0,31,0.3,1.1,0.2,0.2,26.2,,,,,,
MILDURA,2017,275,6468.0,3.0,31,0.3,1.1,0.2,0.2,26.2,,,,,,
MILDURA,2017,270,6468.0,3.0,31,0.3,1.1,0.2,0.2,26.2,,,,,,
MILDURA,2017,280,6468.0,3.0,31,0.3,1.1,0.2,0.2,26.2,,,,,,
MILDURA,2017,280,6468.0,3.0,31,0.3,1.1,0.2,0.2,26.2,,,,,,
MILDURA,2018,270,7325.0,3.0,31,0.3,1.1,0.2,0.2,26.2,,,,,,
MILDURA,2018,285,7325.0,3.0,31,0.3,1.1,0.2,0.2,26.2,,,,,,
MILDURA,2018,283,7325.0,3.0,31,0.3,1.1,0.2,0.2,26.2,,,,,,
MILDURA,2018,285,7325.0,3.0,31,0.3,1.1,0.2,0.2,26.2,,,,,,
MILDURA,2019,300,7424.0,3.0,31,0.3,1.1,0.2,0.2,26.2,,,,,,
MILDURA,2019,310,7424.0,3.0,31,0.3,1.1,0.2,0.2,26.2,,,,,,
MILDURA,2019,295,7424.0,3.0,31,0.3,1.1,0.2,0.2,26.2,,,,,,
MILDURA,2019,302,7424.0,3.0,31,0.3,1.1,0.2,0.2,26.2,,,,,,
MILDURA,2020,310,6570.0,3.0,31,0.3,1.1,0.2,0.2,26.2,,,,,,
MILDURA,2020,300,6570.0,3.0,31,0.3,1.1,0.2,0.2,26.2,,,,,,
MILDURA,2020,310,6570.0,3.0,31,0.3,1.1,0.2,0.2,26.2,,,,,,
MILDURA,2020,330,6570.0,3.0,31,0.3,1.1,0.2,0.2,26.2,,,,,,
MILDURA,2021,320,6591.0,3.0,31,0.3,1.1,0.2,0.2,26.2,,,,,,
MILDURA,2021,330,6591.0,3.0,31,0.3,1.1,0.2,0.2,26.2,,,,,,
MILDURA,2021,340,6591.0,3.0,31,0.3,1.1,0.2,0.2,26.2,,,,,,
MILDURA,2021,330,6591.0,3.0,31,0.3,1.1,0.2,0.2,26.2,,,,,,
MILDURA,2022,350,7363.0,3.0,31,0.3,1.1,0.2,0.2,26.2,,,,,,
MILDURA,2022,350,7363.0,3.0,31,0.3,1.1,0.2,0.2,26.2,,,,,,
MILDURA,2022,350,7363.0,3.0,31,0.3,1.1,0.2,0.2,26.2,,,,,,
MILDURA,2022,350,7363.0,3.0,31,0.3,1.1,0.2,0.2,26.2,,,,,,
MILDURA,2023,366,8043.0,3.0,31,0.3,1.1,0.2,0.2,26.2,,,,,,
MILDURA,2023,380,8043.0,3.0,31,0.3,1.1,0.2,0.2,26.2,,,,,,
MILDURA,2023,380,8043.0,3.0,31,0.3,1.1,0.2,0.2,26.2,,,,,,
MILDURA,2023,380,8043.0,3.0,31,0.3,1.1,0.2,0.2,26.2,,,,,,
MILDURA,2024,400,8590.0,3.0,31,0.3,1.1,0.2,0.2,26.2,,,,,,
MILDURA,2024,400,8590.0,3.0,31,0.3,1.1,0.2,0.2,26.2,,,,,,
MILDURA,2024,440,8590.0,3.0,31,0.3,1.1,0.2,0.2,26.2,,,,,,
MILDURA,2024,450,8590.0,3.0,31,0.3,1.1,0.2,0.2,26.2,,,,,,
MILDURA,2025,458,8180.0,3.0,31,0.3,1.1,0.2,0.2,26.2,,,,,,
MILDURA,2025,450,8180.0,3.0,31,0.3,1.1,0.2,0.2,26.2,,,,,,
MILDURA,2025,465,8180.0,3.0,31,0.3,1.1,0.2,0.2,26.2,,,,,,
MITCHELL,1999,128,,,17,0.3,0.9,0.2,0.3,23.2,,,,,,
MITCHELL,1999,130,,,17,0.3,0.9,0.2,0.3,23.2,,,,,,
MITCHELL,1999,130,,,17,0.3,0.9,0.2,0.3,23.2,,,,,,
MITCHELL,2000,135,,,17,0.3,0.9,0.2,0.3,23.2,,,,,,
MITCHELL,2000,135,,,17,0.3,0.9,0.2,0.3,23.2,,,,,,
MITCHELL,2000,135,,,17,0.3,0.9,0.2,0.3,23.2,,,,,,
MITCHELL,2000,135,,,17,0.3,0.9,0.2,0.3,23.2,,,,,,
MITCHELL,2001,135,,,17,0.3,0.9,0.2,0.3,23.2,,,,,,
MITCHELL,2001,140,,,17,0.3,0.9,0.2,0.3,23.2,,,,,,
MITCHELL,2001,140,,,17,0.3,0.9,0.2,0.3,23.2,,,,,,
MITCHELL,2001,145,,,17,0.3,0.9,0.2,0.3,23.2,,,,,,
MITCHELL,2002,140,,,17,0.3,0.9,0.2,0.3,23.2,,,,,,
MITCHELL,2002,150,,,17,0.3,0.9,0.2,0.3,23.2,,,,,,
MITCHELL,2002,150,,,17,0.3,0.9,0.2,0.3,23.2,,,,,,
MITCHELL,2002,150,,,17,0.3,0.9,0.2,0.3,23.2,,,,,,
MITCHELL,2003,165,,,17,0.3,0.9,0.2,0.3,23.2,,,,,,
MITCHELL,2003,160,,,17,0.3,0.9,0.2,0.3,23.2,,,,,,
MITCHELL,2003,160,,,17,0.3,0.9,0.2,0.3,23.2,,,,,,
MITCHELL,2003,170,,,17,0.3,0.9,0.2,0.3,23.2,,,,,,
MITCHELL,2004,170,,,17,0.3,0.9,0.2,0.3,23.2,,,,,,
MITCHELL,2004,180,,,17,0.3,0.9,0.2,0.3,23.2,,,,,,
MITCHELL,2004,165,,,17,0.3,0.9,0.2,0.3,23.2,,,,,,
MITCHELL,2004,180,,,17,0.3,0.9,0.2,0.3,23.2,,,,,,
MITCHELL,2005,180,,,17,0.3,0.9,0.2,0.3,23.2,,,,,,
MITCHELL,2005,175,,,17,0.3,0.9,0.2,0.3,23.2,,,,,,
MITCHELL,2005,180,,,17,0.3,0.9,0.2,0.3,23.2,,,,,,
MITCHELL,2005,180,,,17,0.3,0.9,0.2,0.3,23.2,,,,,,
MITCHELL,2006,190,,,17,0.3,0.9,0.2,0.3,23.2,,,,,,
MITCHELL,2006,175,,,17,0.3,0.9,0.2,0.3,23.2,,,,,,
MITCHELL,2006,190,,,17,0.3,0.9,0.2,0.3,23.2,,,,,,
MITCHELL,2006,180,,,17,0.3,0.9,0.2,0.3,23.2,,,,,,
MITCHELL,2007,190,,,17,0.3,0.9,0.2,0.3,23.2,,,,,,
MITCHELL,2007,198,,,17,0.3,0.9,0.2,0.3,23.2,,,,,,
MITCHELL,2007,200,,,17,0.3,0.9,0.2,0.3,23.2,,,,,,
MITCHELL,2007,210,,,17,0.3,0.9,0.2,0.3,23.2,,,,,,
MITCHELL,2008,200,,,17,0.3,0.9,0.2,0.3,23.2,,,,,,
MITCHELL,2008,220,,,17,0.3,0.9,0.2,0.3,23.2,,,,,,
MITCHELL,2008,223,,,17,0.3,0.9,0.2,0.3,23.2,,,,,,
MITCHELL,2008,235,,,17,0.3,0.9,0.2,0.3,23.2,,,,,,
MITCHELL,2009,240,,,17,0.3,0.9,0.2,0.3,23.2,,,,,,
MITCHELL,2009,240,,,17,0.3,0.9,0.2,0.3,23.2,,,,,,
MITCHELL,2009,240,,,17,0.3,0.9,0.2,0.3,23.2,,,,,,
MITCHELL,2009,240,,,17,0.3,0.9,0.2,0.3,23.2,,,,,,
MITCHELL,2010,250,,,17,0.3,0.9,0.2,0.3,23.2,,,,,,
MITCHELL,2010,250,,,17,0.3,0.9,0.2,0.3,23.2,,,,,,
MITCHELL,2010,260,,,17,0.3,0.9,0.2,0.3,23.2,,,,,,
MITCHELL,2010,270,,,17,0.3,0.9,0.2,0.3,23.2,,,,,,
MITCHELL,2011,270,,,17,0.3,0.9,0.2,0.3,23.2,,,,,,
MITCHELL,2011,280,,,17,0.3,0.9,0.2,0.3,23.2,,,,,,
MITCHELL,2011,285,,,17,0.3,0.9,0.2,0.3,23.2,,,,,,
MITCHELL,2011,280,,,17,0.3,0.9,0.2,0.3,23.2,,,,,,
MITCHELL,2012,290,,,17,0.3,0.9,0.2,0.3,23.2,,,,,,
MITCHELL,2012,300,,,17,0.3,0.9,0.2,0.3,23.2,,,,,,
MITCHELL,2012,290,,,17,0.3,0.9,0.2,0.3,23.2,,,,,,
MITCHELL,2012,285,,,17,0.3,0.9,0.2,0.3,23.2,,,,,,
MITCHELL,2013,290,,,17,0.3,0.9,0.2,0.3,23.2,,,,,,
MITCHELL,2013,285,,,17,0.3,0.9,0.2,0.3,23.2,,,,,,
MITCHELL,2013,295,,,17,0.3,0.9,0.2,0.3,23.2,,,,,,
MITCHELL,2013,285,,,17,0.3,0.9,0.2,0.3,23.2,,,,,,
MITCHELL,2014,298,,,17,0.3,0.9,0.2,0.3,23.2,,,,,,
MITCHELL,2014,295,,,17,0.3,0.9,0.2,0.3,23.2,,,,,,
MITCHELL,2014,290,,,17,0.3,0.9,0.2,0.3,23.2,,,,,,
MITCHELL,2014,290,,,17,0.3,0.9,0.2,0.3,23.2,,,,,,
MITCHELL,2015,290,,,17,0.3,0.9,0.2,0.3,23.2,,,,,,
MITCHELL,2015,295,,,17,0.3,0.9,0.2,0.3,23.2,,,,,,
MITCHELL,2015,305,,,17,0.3,0.9,0.2,0.3,23.2,,,,,,
MITCHELL,2015,300,,,17,0.3,0.9,0.2,0.3,23.2,,,,,,
MITCHELL,2016,300,4713.0,,17,0.3,0.9,0.2,0.3,23.2,,,,,,
MITCHELL,2016,300,4713.0,,17,0.3,0.9,0.2,0.3,23.2,,,,,,
MITCHELL,2016,300,4713.0,,17,0.3,0.9,0.2,0.3,23.2,,,,,,
MITCHELL,2016,300,4713.0,,17,0.3,0.9,0.2,0.3,23.2,,,,,,
MITCHELL,2017,315,4403.0,,17,0.3,0.9,0.2,0.3,23.2,,,,,,
MITCHELL,2017,320,4403.0,,17,0.3,0.9,0.2,0.3,23.2,,,,,,
MITCHELL,2017,330,4403.0,,17,0.3,0.9,0.2,0.3,23.2,,,,,,
MITCHELL,2017,330,4403.0,,17,0.3,0.9,0.2,0.3,23.2,,,,,,
MITCHELL,2018,340,4316.0,,17,0.3,0.9,0.2,0.3,23.2,,,,,,
MITCHELL,2018,340,4316.0,,17,0.3,0.9,0.2,0.3,23.2,,,,,,
MITCHELL,2018,350,4316.0,,17,0.3,0.9,0.2,0.3,23.2,,,,,,
MITCHELL,2018,340,4316.0,,17,0.3,0.9,0.2,0.3,23.2,,,,,,
MITCHELL,2019,340,4820.0,,17,0.3,0.9,0.2,0.3,23.2,,,,,,
MITCHELL,2019,340,4820.0,,17,0.3,0.9,0.2,0.3,23.2,,,,,,
MITCHELL,2019,350,4820.0,,17,0.3,0.9,0.2,0.3,23.2,,,,,,
MITCHELL,2019,350,4820.0,,17,0.3,0.9,0.2,0.3,23.2,,,,,,
MITCHELL,2020,358,5334.0,,17,0.3,0.9,0.2,0.3,23.2,,,,,,
MITCHELL,2020,360,5334.0,,17,0.3,0.9,0.2,0.3,23.2,,,,,,
MITCHELL,2020,360,5334.0,,17,0.3,0.9,0.2,0.3,23.2,,,,,,
MITCHELL,2020,360,5334.0,,17,0.3,0.9,0.2,0.3,23.2,,,,,,
MITCHELL,2021,370,3687.0,,17,0.3,0.9,0.2,0.3,23.2,,,,,,
MITCHELL,2021,380,3687.0,,17,0.3,0.9,0.2,0.3,23.2,,,,,,
MITCHELL,2021,380,3687.0,,17,0.3,0.9,0.2,0.3,23.2,,,,,,
MITCHELL,2021,380,3687.0,,17,0.3,0.9,0.2,0.3,23.2,,,,,,
MITCHELL,2022,390,3876.0,,17,0.3,0.9,0.2,0.3,23.2,,,,,,
MITCHELL,2022,400,3876.0,,17,0.3,0.9,0.2,0.3,23.2,,,,,,
MITCHELL,2022,400,3876.0,,17,0.3,0.9,0.2,0.3,23.2,,,,,,
MITCHELL,2022,400,3876.0,,17,0.3,0.9,0.2,0.3,23.2,,,,,,
MITCHELL,2023,410,4150.0,,17,0.3,0.9,0.2,0.3,23.2,,,,,,
MITCHELL,2023,430,4150.0,,17,0.3,0.9,0.2,0.3,23.2,,,,,,
MITCHELL,2023,450,4150.0,,17,0.3,0.9,0.2,0.3,23.2,,,,,,
MITCHELL,2023,440,4150.0,,17,0.3,0.9,0.2,0.3,23.2,,,,,,
MITCHELL,2024,440,5705.0,,17,0.3,0.9,0.2,0.3,23.2,,,,,,
MITCHELL,2024,460,5705.0,,17,0.3,0.9,0.2,0.3,23.2,,,,,,
MITCHELL,2024,470,5705.0,,17,0.3,0.9,0.2,0.3,23.2,,,,,,
MITCHELL,2024,470,5705.0,,17,0.3,0.9,0.2,0.3,23.2,,,,,,
MITCHELL,2025,470,5591.0,,17,0.3,0.9,0.2,0.3,23.2,,,,,,
MITCHELL,2025,460,5591.0,,17,0.3,0.9,0.2,0.3,23.2,,,,,,
MITCHELL,2025,460,5591.0,,17,0.3,0.9,0.2,0.3,23.2,,,,,,
MOIRA,1999,125,,1.0,20,0.3,0.9,0.2,0.2,35.6,,,,,,
MOIRA,1999,125,,1.0,20,0.3,0.9,0.2,0.2,35.6,,,,,,
MOIRA,1999,130,,1.0,20,0.3,0.9,0.2,0.2,35.6,,,,,,
MOIRA,2000,120,,1.0,20,0.3,0.9,0.2,0.2,35.6,,,,,,
MOIRA,2000,125,,1.0,20,0.3,0.9,0.2,0.2,35.6,,,,,,
MOIRA,2000,125,,1.0,20,0.3,0.9,0.2,0.2,35.6,,,,,,
MOIRA,2000,130,,1.0,20,0.3,0.9,0.2,0.2,35.6,,,,,,
MOIRA,2001,125,,1.0,20,0.3,0.9,0.2,0.2,35.6,,,,,,
MOIRA,2001,130,,1.0,20,0.3,0.9,0.2,0.2,35.6,,,,,,
MOIRA,2001,125,,1.0,20,0.3,0.9,0.2,0.2,35.6,,,,,,
MOIRA,2001,130,,1.0,20,0.3,0.9,0.2,0.2,35.6,,,,,,
MOIRA,2002,120,,1.0,20,0.3,0.9,0.2,0.2,35.6,,,,,,
MOIRA,2002,135,,1.0,20,0.3,0.9,0.2,0.2,35.6,,,,,,
MOIRA,2002,135,,1.0,20,0.3,0.9,0.2,0.2,35.6,,,,,,
MOIRA,2002,140,,1.0,20,0.3,0.9,0.2,0.2,35.6,,,,,,
MOIRA,2003,140,,1.0,20,0.3,0.9,0.2,0.2,35.6,,,,,,
MOIRA,2003,145,,1.0,20,0.3,0.9,0.2,0.2,35.6,,,,,,
MOIRA,2003,145,,1.0,20,0.3,0.9,0.2,0.2,35.6,,,,,,
MOIRA,2003,150,,1.0,20,0.3,0.9,0.2,0.2,35.6,,,,,,
MOIRA,2004,143,,1.0,20,0.3,0.9,0.2,0.2,35.6,,,,,,
MOIRA,2004,155,,1.0,20,0.3,0.9,0.2,0.2,35.6,,,,,,
MOIRA,2004,150,,1.0,20,0.3,0.9,0.2,0.2,35.6,,,,,,
MOIRA,2004,150,,1.0,20,0.3,0.9,0.2,0.2,35.6,,,,,,
MOIRA,2005,150,,1.0,20,0.3,0.9,0.2,0.2,35.6,,,,,,
MOIRA,2005,165,,1.0,20,0.3,0.9,0.2,0.2,35.6,,,,,,
MOIRA,2005,160,,1.0,20,0.3,0.9,0.2,0.2,35.6,,,,,,
MOIRA,2005,160,,1.0,20,0.3,0.9,0.2,0.2,35.6,,,,,,
MOIRA,2006,165,,1.0,20,0.3,0.9,0.2,0.2,35.6,,,,,,
MOIRA,2006,170,,1.0,20,0.3,0.9,0.2,0.2,35.6,,,,,,
MOIRA,2006,170,,1.0,20,0.3,0.9,0.2,0.2,35.6,,,,,,
MOIRA,2006,168,,1.0,20,0.3,0.9,0.2,0.2,35.6,,,,,,
MOIRA,2007,170,,1.0,20,0.3,0.9,0.2,0.2,35.6,,,,,,
MOIRA,2007,165,,1.0,20,0.3,0.9,0.2,0.2,35.6,,,,,,
MOIRA,2007,180,,1.0,20,0.3,0.9,0.2,0.2,35.6,,,,,,
MOIRA,2007,170,,1.0,20,0.3,0.9,0.2,0.2,35.6,,,,,,
MOIRA,2008,180,,1.0,20,0.3,0.9,0.2,0.2,35.6,,,,,,
MOIRA,2008,185,,1.0,20,0.3,0.9,0.2,0.2,35.6,,,,,,
MOIRA,2008,180,,1.0,20,0.3,0.9,0.2,0.2,35.6,,,,,,
MOIRA,2008,180,,1.0,20,0.3,0.9,0.2,0.2,35.6,,,,,,
MOIRA,2009,180,,1.0,20,0.3,0.9,0.2,0.2,35.6,,,,,,
MOIRA,2009,180,,1.0,20,0.3,0.9,0.2,0.2,35.6,,,,,,
MOIRA,2009,190,,1.0,20,0.3,0.9,0.2,0.2,35.6,,,,,,
MOIRA,2009,190,,1.0,20,0.3,0.9,0.2,0.2,35.6,,,,,,
MOIRA,2010,190,,1.0,20,0.3,0.9,0.2,0.2,35.6,,,,,,
MOIRA,2010,195,,1.0,20,0.3,0.9,0.2,0.2,35.6,,,,,,
MOIRA,2010,200,,1.0,20,0.3,0.9,0.2,0.2,35.6,,,,,,
MOIRA,2010,200,,1.0,20,0.3,0.9,0.2,0.2,35.6,,,,,,
MOIRA,2011,200,,1.0,20,0.3,0.9,0.2,0.2,35.6,,,,,,
MOIRA,2011,200,,1.0,20,0.3,0.9,0.2,0.2,35.6,,,,,,
MOIRA,2011,210,,1.0,20,0.3,0.9,0.2,0.2,35.6,,,,,,
MOIRA,2011,220,,1.0,20,0.3,0.9,0.2,0.2,35.6,,,,,,
MOIRA,2012,210,,1.0,20,0.3,0.9,0.2,0.2,35.6,,,,,,
MOIRA,2012,218,,1.0,20,0.3,0.9,0.2,0.2,35.6,,,,,,
MOIRA,2012,228,,1.0,20,0.3,0.9,0.2,0.2,35.6,,,,,,
MOIRA,2012,223,,1.0,20,0.3,0.9,0.2,0.2,35.6,,,,,,
MOIRA,2013,225,,1.0,20,0.3,0.9,0.2,0.2,35.6,,,,,,
MOIRA,2013,210,,1.0,20,0.3,0.9,0.2,0.2,35.6,,,,,,
MOIRA,2013,220,,1.0,20,0.3,0.9,0.2,0.2,35.6,,,,,,
MOIRA,2013,230,,1.0,20,0.3,0.9,0.2,0.2,35.6,,,,,,
MOIRA,2014,220,,1.0,20,0.3,0.9,0.2,0.2,35.6,,,,,,
MOIRA,2014,240,,1.0,20,0.3,0.9,0.2,0.2,35.6,,,,,,
MOIRA,2014,230,,1.0,20,0.3,0.9,0.2,0.2,35.6,,,,,,
MOIRA,2014,238,,1.0,20,0.3,0.9,0.2,0.2,35.6,,,,,,
MOIRA,2015,248,,1.0,20,0.3,0.9,0.2,0.2,35.6,,,,,,
MOIRA,2015,230,,1.0,20,0.3,0.9,0.2,0.2,35.6,,,,,,
MOIRA,2015,235,,1.0,20,0.3,0.9,0.2,0.2,35.6,,,,,,
MOIRA,2015,235,,1.0,20,0.3,0.9,0.2,0.2,35.6,,,,,,
MOIRA,2016,250,1944.0,1.0,20,0.3,0.9,0.2,0.2,35.6,,,,,,
MOIRA,2016,250,1944.0,1.0,20,0.3,0.9,0.2,0.2,35.6,,,,,,
MOIRA,2016,250,1944.0,1.0,20,0.3,0.9,0.2,0.2,35.6,,,,,,
MOIRA,2016,250,1944.0,1.0,20,0.3,0.9,0.2,0.2,35.6,,,,,,
MOIRA,2017,250,1927.0,1.0,20,0.3,0.9,0.2,0.2,35.6,,,,,,
MOIRA,2017,240,1927.0,1.0,20,0.3,0.9,0.2,0.2,35.6,,,,,,
MOIRA,2017,240,1927.0,1.0,20,0.3,0.9,0.2,0.2,35.6,,,,,,
MOIRA,2017,270,1927.0,1.0,20,0.3,0.9,0.2,0.2,35.6,,,,,,
MOIRA,2018,250,2115.0,1.0,20,0.3,0.9,0.2,0.2,35.6,,,,,,
MOIRA,2018,270,2115.0,1.0,20,0.3,0.9,0.2,0.2,35.6,,,,,,
MOIRA,2018,260,2115.0,1.0,20,0.3,0.9,0.2,0.2,35.6,,,,,,
MOIRA,2018,270,2115.0,1.0,20,0.3,0.9,0.2,0.2,35.6,,,,,,
MOIRA,2019,270,2540.0,1.0,20,0.3,0.9,0.2,0.2,35.6,,,,,,
MOIRA,2019,265,2540.0,1.0,20,0.3,0.9,0.2,0.2,35.6,,,,,,
MOIRA,2019,270,2540.0,1.0,20,0.3,0.9,0.2,0.2,35.6,,,,,,
MOIRA,2019,275,2540.0,1.0,20,0.3,0.9,0.2,0.2,35.6,,,,,,
MOIRA,2020,275,2270.0,1.0,20,0.3,0.9,0.2,0.2,35.6,,,,,,
MOIRA,2020,280,2270.0,1.0,20,0.3,0.9,0.2,0.2,35.6,,,,,,
MOIRA,2020,290,2270.0,1.0,20,0.3,0.9,0.2,0.2,35.6,,,,,,
MOIRA,2020,280,2270.0,1.0,20,0.3,0.9,0.2,0.2,35.6,,,,,,
MOIRA,2021,283,2347.0,1.0,20,0.3,0.9,0.2,0.2,35.6,,,,,,
MOIRA,2021,300,2347.0,1.0,20,0.3,0.9,0.2,0.2,35.6,,,,,,
MOIRA,2021,320,2347.0,1.0,20,0.3,0.9,0.2,0.2,35.6,,,,,,
MOIRA,2021,300,2347.0,1.0,20,0.3,0.9,0.2,0.2,35.6,,,,,,
MOIRA,2022,330,2046.0,1.0,20,0.3,0.9,0.2,0.2,35.6,,,,,,
MOIRA,2022,320,2046.0,1.0,20,0.3,0.9,0.2,0.2,35.6,,,,,,
MOIRA,2022,380,2046.0,1.0,20,0.3,0.9,0.2,0.2,35.6,,,,,,
MOIRA,2022,350,2046.0,1.0,20,0.3,0.9,0.2,0.2,35.6,,,,,,
MOIRA,2023,380,2574.0,1.0,20,0.3,0.9,0.2,0.2,35.6,,,,,,
MOIRA,2023,380,2574.0,1.0,20,0.3,0.9,0.2,0.2,35.6,,,,,,
MOIRA,2023,390,2574.0,1.0,20,0.3,0.9,0.2,0.2,35.6,,,,,,
MOIRA,2023,420,2574.0,1.0,20,0.3,0.9,0.2,0.2,35.6,,,,,,
MOIRA,2024,400,2661.0,1.0,20,0.3,0.9,0.2,0.2,35.6,,,,,,
MOIRA,2024,430,2661.0,1.0,20,0.3,0.9,0.2,0.2,35.6,,,,,,
MOIRA,2024,435,2661.0,1.0,20,0.3,0.9,0.2,0.2,35.6,,,,,,
MOIRA,2024,420,2661.0,1.0,20,0.3,0.9,0.2,0.2,35.6,,,,,,
MOIRA,2025,440,2751.0,1.0,20,0.3,0.9,0.2,0.2,35.6,,,,,,
MOIRA,2025,440,2751.0,1.0,20,0.3,0.9,0.2,0.2,35.6,,,,,,
MOIRA,2025,460,2751.0,1.0,20,0.3,0.9,0.2,0.2,35.6,,,,,,
MONASH,1999,190,,4.0,54,0.3,0.9,0.3,0.3,27.3,293 Springvale Road, Glen Waverley VIC 3150,-37.8823,145.1652,19.14,24.6
MONASH,1999,190,,4.0,54,0.3,0.9,0.3,0.3,27.3,293 Springvale Road, Glen Waverley VIC 3150,-37.8823,145.1652,19.14,24.6
MONASH,1999,200,,4.0,54,0.3,0.9,0.3,0.3,27.3,293 Springvale Road, Glen Waverley VIC 3150,-37.8823,145.1652,19.14,24.6
MONASH,2000,200,,4.0,54,0.3,0.9,0.3,0.3,27.3,293 Springvale Road, Glen Waverley VIC 3150,-37.8823,145.1652,19.14,24.6
MONASH,2000,200,,4.0,54,0.3,0.9,0.3,0.3,27.3,293 Springvale Road, Glen Waverley VIC 3150,-37.8823,145.1652,19.14,24.6
MONASH,2000,200,,4.0,54,0.3,0.9,0.3,0.3,27.3,293 Springvale Road, Glen Waverley VIC 3150,-37.8823,145.1652,19.14,24.6
MONASH,2000,200,,4.0,54,0.3,0.9,0.3,0.3,27.3,293 Springvale Road, Glen Waverley VIC 3150,-37.8823,145.1652,19.14,24.6
MONASH,2001,210,,4.0,54,0.3,0.9,0.3,0.3,27.3,293 Springvale Road, Glen Waverley VIC 3150,-37.8823,145.1652,19.14,24.6
MONASH,2001,210,,4.0,54,0.3,0.9,0.3,0.3,27.3,293 Springvale Road, Glen Waverley VIC 3150,-37.8823,145.1652,19.14,24.6
MONASH,2001,210,,4.0,54,0.3,0.9,0.3,0.3,27.3,293 Springvale Road, Glen Waverley VIC 3150,-37.8823,145.1652,19.14,24.6
MONASH,2001,220,,4.0,54,0.3,0.9,0.3,0.3,27.3,293 Springvale Road, Glen Waverley VIC 3150,-37.8823,145.1652,19.14,24.6
MONASH,2002,220,,4.0,54,0.3,0.9,0.3,0.3,27.3,293 Springvale Road, Glen Waverley VIC 3150,-37.8823,145.1652,19.14,24.6
MONASH,2002,220,,4.0,54,0.3,0.9,0.3,0.3,27.3,293 Springvale Road, Glen Waverley VIC 3150,-37.8823,145.1652,19.14,24.6
MONASH,2002,220,,4.0,54,0.3,0.9,0.3,0.3,27.3,293 Springvale Road, Glen Waverley VIC 3150,-37.8823,145.1652,19.14,24.6
MONASH,2002,220,,4.0,54,0.3,0.9,0.3,0.3,27.3,293 Springvale Road, Glen Waverley VIC 3150,-37.8823,145.1652,19.14,24.6
MONASH,2003,230,,4.0,54,0.3,0.9,0.3,0.3,27.3,293 Springvale Road, Glen Waverley VIC 3150,-37.8823,145.1652,19.14,24.6
MONASH,2003,225,,4.0,54,0.3,0.9,0.3,0.3,27.3,293 Springvale Road, Glen Waverley VIC 3150,-37.8823,145.1652,19.14,24.6
MONASH,2003,230,,4.0,54,0.3,0.9,0.3,0.3,27.3,293 Springvale Road, Glen Waverley VIC 3150,-37.8823,145.1652,19.14,24.6
MONASH,2003,230,,4.0,54,0.3,0.9,0.3,0.3,27.3,293 Springvale Road, Glen Waverley VIC 3150,-37.8823,145.1652,19.14,24.6
MONASH,2004,230,,4.0,54,0.3,0.9,0.3,0.3,27.3,293 Springvale Road, Glen Waverley VIC 3150,-37.8823,145.1652,19.14,24.6
MONASH,2004,238,,4.0,54,0.3,0.9,0.3,0.3,27.3,293 Springvale Road, Glen Waverley VIC 3150,-37.8823,145.1652,19.14,24.6
MONASH,2004,230,,4.0,54,0.3,0.9,0.3,0.3,27.3,293 Springvale Road, Glen Waverley VIC 3150,-37.8823,145.1652,19.14,24.6
MONASH,2004,240,,4.0,54,0.3,0.9,0.3,0.3,27.3,293 Springvale Road, Glen Waverley VIC 3150,-37.8823,145.1652,19.14,24.6
MONASH,2005,240,,4.0,54,0.3,0.9,0.3,0.3,27.3,293 Springvale Road, Glen Waverley VIC 3150,-37.8823,145.1652,19.14,24.6
MONASH,2005,240,,4.0,54,0.3,0.9,0.3,0.3,27.3,293 Springvale Road, Glen Waverley VIC 3150,-37.8823,145.1652,19.14,24.6
MONASH,2005,240,,4.0,54,0.3,0.9,0.3,0.3,27.3,293 Springvale Road, Glen Waverley VIC 3150,-37.8823,145.1652,19.14,24.6
MONASH,2005,250,,4.0,54,0.3,0.9,0.3,0.3,27.3,293 Springvale Road, Glen Waverley VIC 3150,-37.8823,145.1652,19.14,24.6
MONASH,2006,250,,4.0,54,0.3,0.9,0.3,0.3,27.3,293 Springvale Road, Glen Waverley VIC 3150,-37.8823,145.1652,19.14,24.6
MONASH,2006,260,,4.0,54,0.3,0.9,0.3,0.3,27.3,293 Springvale Road, Glen Waverley VIC 3150,-37.8823,145.1652,19.14,24.6
MONASH,2006,260,,4.0,54,0.3,0.9,0.3,0.3,27.3,293 Springvale Road, Glen Waverley VIC 3150,-37.8823,145.1652,19.14,24.6
MONASH,2006,260,,4.0,54,0.3,0.9,0.3,0.3,27.3,293 Springvale Road, Glen Waverley VIC 3150,-37.8823,145.1652,19.14,24.6
MONASH,2007,280,,4.0,54,0.3,0.9,0.3,0.3,27.3,293 Springvale Road, Glen Waverley VIC 3150,-37.8823,145.1652,19.14,24.6
MONASH,2007,300,,4.0,54,0.3,0.9,0.3,0.3,27.3,293 Springvale Road, Glen Waverley VIC 3150,-37.8823,145.1652,19.14,24.6
MONASH,2007,300,,4.0,54,0.3,0.9,0.3,0.3,27.3,293 Springvale Road, Glen Waverley VIC 3150,-37.8823,145.1652,19.14,24.6
MONASH,2007,300,,4.0,54,0.3,0.9,0.3,0.3,27.3,293 Springvale Road, Glen Waverley VIC 3150,-37.8823,145.1652,19.14,24.6
MONASH,2008,320,,4.0,54,0.3,0.9,0.3,0.3,27.3,293 Springvale Road, Glen Waverley VIC 3150,-37.8823,145.1652,19.14,24.6
MONASH,2008,330,,4.0,54,0.3,0.9,0.3,0.3,27.3,293 Springvale Road, Glen Waverley VIC 3150,-37.8823,145.1652,19.14,24.6
MONASH,2008,340,,4.0,54,0.3,0.9,0.3,0.3,27.3,293 Springvale Road, Glen Waverley VIC 3150,-37.8823,145.1652,19.14,24.6
MONASH,2008,350,,4.0,54,0.3,0.9,0.3,0.3,27.3,293 Springvale Road, Glen Waverley VIC 3150,-37.8823,145.1652,19.14,24.6
MONASH,2009,350,,4.0,54,0.3,0.9,0.3,0.3,27.3,293 Springvale Road, Glen Waverley VIC 3150,-37.8823,145.1652,19.14,24.6
MONASH,2009,346,,4.0,54,0.3,0.9,0.3,0.3,27.3,293 Springvale Road, Glen Waverley VIC 3150,-37.8823,145.1652,19.14,24.6
MONASH,2009,350,,4.0,54,0.3,0.9,0.3,0.3,27.3,293 Springvale Road, Glen Waverley VIC 3150,-37.8823,145.1652,19.14,24.6
MONASH,2009,360,,4.0,54,0.3,0.9,0.3,0.3,27.3,293 Springvale Road, Glen Waverley VIC 3150,-37.8823,145.1652,19.14,24.6
MONASH,2010,360,,4.0,54,0.3,0.9,0.3,0.3,27.3,293 Springvale Road, Glen Waverley VIC 3150,-37.8823,145.1652,19.14,24.6
MONASH,2010,360,,4.0,54,0.3,0.9,0.3,0.3,27.3,293 Springvale Road, Glen Waverley VIC 3150,-37.8823,145.1652,19.14,24.6
MONASH,2010,360,,4.0,54,0.3,0.9,0.3,0.3,27.3,293 Springvale Road, Glen Waverley VIC 3150,-37.8823,145.1652,19.14,24.6
MONASH,2010,365,,4.0,54,0.3,0.9,0.3,0.3,27.3,293 Springvale Road, Glen Waverley VIC 3150,-37.8823,145.1652,19.14,24.6
MONASH,2011,370,,4.0,54,0.3,0.9,0.3,0.3,27.3,293 Springvale Road, Glen Waverley VIC 3150,-37.8823,145.1652,19.14,24.6
MONASH,2011,370,,4.0,54,0.3,0.9,0.3,0.3,27.3,293 Springvale Road, Glen Waverley VIC 3150,-37.8823,145.1652,19.14,24.6
MONASH,2011,375,,4.0,54,0.3,0.9,0.3,0.3,27.3,293 Springvale Road, Glen Waverley VIC 3150,-37.8823,145.1652,19.14,24.6
MONASH,2011,380,,4.0,54,0.3,0.9,0.3,0.3,27.3,293 Springvale Road, Glen Waverley VIC 3150,-37.8823,145.1652,19.14,24.6
MONASH,2012,380,,4.0,54,0.3,0.9,0.3,0.3,27.3,293 Springvale Road, Glen Waverley VIC 3150,-37.8823,145.1652,19.14,24.6
MONASH,2012,380,,4.0,54,0.3,0.9,0.3,0.3,27.3,293 Springvale Road, Glen Waverley VIC 3150,-37.8823,145.1652,19.14,24.6
MONASH,2012,380,,4.0,54,0.3,0.9,0.3,0.3,27.3,293 Springvale Road, Glen Waverley VIC 3150,-37.8823,145.1652,19.14,24.6
MONASH,2012,375,,4.0,54,0.3,0.9,0.3,0.3,27.3,293 Springvale Road, Glen Waverley VIC 3150,-37.8823,145.1652,19.14,24.6
MONASH,2013,380,,4.0,54,0.3,0.9,0.3,0.3,27.3,293 Springvale Road, Glen Waverley VIC 3150,-37.8823,145.1652,19.14,24.6
MONASH,2013,380,,4.0,54,0.3,0.9,0.3,0.3,27.3,293 Springvale Road, Glen Waverley VIC 3150,-37.8823,145.1652,19.14,24.6
MONASH,2013,385,,4.0,54,0.3,0.9,0.3,0.3,27.3,293 Springvale Road, Glen Waverley VIC 3150,-37.8823,145.1652,19.14,24.6
MONASH,2013,385,,4.0,54,0.3,0.9,0.3,0.3,27.3,293 Springvale Road, Glen Waverley VIC 3150,-37.8823,145.1652,19.14,24.6
MONASH,2014,390,,4.0,54,0.3,0.9,0.3,0.3,27.3,293 Springvale Road, Glen Waverley VIC 3150,-37.8823,145.1652,19.14,24.6
MONASH,2014,390,,4.0,54,0.3,0.9,0.3,0.3,27.3,293 Springvale Road, Glen Waverley VIC 3150,-37.8823,145.1652,19.14,24.6
MONASH,2014,395,,4.0,54,0.3,0.9,0.3,0.3,27.3,293 Springvale Road, Glen Waverley VIC 3150,-37.8823,145.1652,19.14,24.6
MONASH,2014,399,,4.0,54,0.3,0.9,0.3,0.3,27.3,293 Springvale Road, Glen Waverley VIC 3150,-37.8823,145.1652,19.14,24.6
MONASH,2015,400,,4.0,54,0.3,0.9,0.3,0.3,27.3,293 Springvale Road, Glen Waverley VIC 3150,-37.8823,145.1652,19.14,24.6
MONASH,2015,400,,4.0,54,0.3,0.9,0.3,0.3,27.3,293 Springvale Road, Glen Waverley VIC 3150,-37.8823,145.1652,19.14,24.6
MONASH,2015,400,,4.0,54,0.3,0.9,0.3,0.3,27.3,293 Springvale Road, Glen Waverley VIC 3150,-37.8823,145.1652,19.14,24.6
MONASH,2015,410,,4.0,54,0.3,0.9,0.3,0.3,27.3,293 Springvale Road, Glen Waverley VIC 3150,-37.8823,145.1652,19.14,24.6
MONASH,2016,420,12512.0,4.0,54,0.3,0.9,0.3,0.3,27.3,293 Springvale Road, Glen Waverley VIC 3150,-37.8823,145.1652,19.14,24.6
MONASH,2016,410,12512.0,4.0,54,0.3,0.9,0.3,0.3,27.3,293 Springvale Road, Glen Waverley VIC 3150,-37.8823,145.1652,19.14,24.6
MONASH,2016,420,12512.0,4.0,54,0.3,0.9,0.3,0.3,27.3,293 Springvale Road, Glen Waverley VIC 3150,-37.8823,145.1652,19.14,24.6
MONASH,2016,420,12512.0,4.0,54,0.3,0.9,0.3,0.3,27.3,293 Springvale Road, Glen Waverley VIC 3150,-37.8823,145.1652,19.14,24.6
MONASH,2017,430,11089.0,4.0,54,0.3,0.9,0.3,0.3,27.3,293 Springvale Road, Glen Waverley VIC 3150,-37.8823,145.1652,19.14,24.6
MONASH,2017,430,11089.0,4.0,54,0.3,0.9,0.3,0.3,27.3,293 Springvale Road, Glen Waverley VIC 3150,-37.8823,145.1652,19.14,24.6
MONASH,2017,430,11089.0,4.0,54,0.3,0.9,0.3,0.3,27.3,293 Springvale Road, Glen Waverley VIC 3150,-37.8823,145.1652,19.14,24.6
MONASH,2017,435,11089.0,4.0,54,0.3,0.9,0.3,0.3,27.3,293 Springvale Road, Glen Waverley VIC 3150,-37.8823,145.1652,19.14,24.6
MONASH,2018,450,10303.0,4.0,54,0.3,0.9,0.3,0.3,27.3,293 Springvale Road, Glen Waverley VIC 3150,-37.8823,145.1652,19.14,24.6
MONASH,2018,445,10303.0,4.0,54,0.3,0.9,0.3,0.3,27.3,293 Springvale Road, Glen Waverley VIC 3150,-37.8823,145.1652,19.14,24.6
MONASH,2018,450,10303.0,4.0,54,0.3,0.9,0.3,0.3,27.3,293 Springvale Road, Glen Waverley VIC 3150,-37.8823,145.1652,19.14,24.6
MONASH,2018,450,10303.0,4.0,54,0.3,0.9,0.3,0.3,27.3,293 Springvale Road, Glen Waverley VIC 3150,-37.8823,145.1652,19.14,24.6
MONASH,2019,450,11706.0,4.0,54,0.3,0.9,0.3,0.3,27.3,293 Springvale Road, Glen Waverley VIC 3150,-37.8823,145.1652,19.14,24.6
MONASH,2019,460,11706.0,4.0,54,0.3,0.9,0.3,0.3,27.3,293 Springvale Road, Glen Waverley VIC 3150,-37.8823,145.1652,19.14,24.6
MONASH,2019,450,11706.0,4.0,54,0.3,0.9,0.3,0.3,27.3,293 Springvale Road, Glen Waverley VIC 3150,-37.8823,145.1652,19.14,24.6
MONASH,2019,460,11706.0,4.0,54,0.3,0.9,0.3,0.3,27.3,293 Springvale Road, Glen Waverley VIC 3150,-37.8823,145.1652,19.14,24.6
MONASH,2020,470,12772.0,4.0,54,0.3,0.9,0.3,0.3,27.3,293 Springvale Road, Glen Waverley VIC 3150,-37.8823,145.1652,19.14,24.6
MONASH,2020,450,12772.0,4.0,54,0.3,0.9,0.3,0.3,27.3,293 Springvale Road, Glen Waverley VIC 3150,-37.8823,145.1652,19.14,24.6
MONASH,2020,430,12772.0,4.0,54,0.3,0.9,0.3,0.3,27.3,293 Springvale Road, Glen Waverley VIC 3150,-37.8823,145.1652,19.14,24.6
MONASH,2020,425,12772.0,4.0,54,0.3,0.9,0.3,0.3,27.3,293 Springvale Road, Glen Waverley VIC 3150,-37.8823,145.1652,19.14,24.6
MONASH,2021,420,11462.0,4.0,54,0.3,0.9,0.3,0.3,27.3,293 Springvale Road, Glen Waverley VIC 3150,-37.8823,145.1652,19.14,24.6
MONASH,2021,420,11462.0,4.0,54,0.3,0.9,0.3,0.3,27.3,293 Springvale Road, Glen Waverley VIC 3150,-37.8823,145.1652,19.14,24.6
MONASH,2021,425,11462.0,4.0,54,0.3,0.9,0.3,0.3,27.3,293 Springvale Road, Glen Waverley VIC 3150,-37.8823,145.1652,19.14,24.6
MONASH,2021,430,11462.0,4.0,54,0.3,0.9,0.3,0.3,27.3,293 Springvale Road, Glen Waverley VIC 3150,-37.8823,145.1652,19.14,24.6
MONASH,2022,450,11793.0,4.0,54,0.3,0.9,0.3,0.3,27.3,293 Springvale Road, Glen Waverley VIC 3150,-37.8823,145.1652,19.14,24.6
MONASH,2022,460,11793.0,4.0,54,0.3,0.9,0.3,0.3,27.3,293 Springvale Road, Glen Waverley VIC 3150,-37.8823,145.1652,19.14,24.6
MONASH,2022,475,11793.0,4.0,54,0.3,0.9,0.3,0.3,27.3,293 Springvale Road, Glen Waverley VIC 3150,-37.8823,145.1652,19.14,24.6
MONASH,2022,490,11793.0,4.0,54,0.3,0.9,0.3,0.3,27.3,293 Springvale Road, Glen Waverley VIC 3150,-37.8823,145.1652,19.14,24.6
MONASH,2023,510,13599.0,4.0,54,0.3,0.9,0.3,0.3,27.3,293 Springvale Road, Glen Waverley VIC 3150,-37.8823,145.1652,19.14,24.6
MONASH,2023,550,13599.0,4.0,54,0.3,0.9,0.3,0.3,27.3,293 Springvale Road, Glen Waverley VIC 3150,-37.8823,145.1652,19.14,24.6
MONASH,2023,560,13599.0,4.0,54,0.3,0.9,0.3,0.3,27.3,293 Springvale Road, Glen Waverley VIC 3150,-37.8823,145.1652,19.14,24.6
MONASH,2023,580,13599.0,4.0,54,0.3,0.9,0.3,0.3,27.3,293 Springvale Road, Glen Waverley VIC 3150,-37.8823,145.1652,19.14,24.6
MONASH,2024,600,14965.0,4.0,54,0.3,0.9,0.3,0.3,27.3,293 Springvale Road, Glen Waverley VIC 3150,-37.8823,145.1652,19.14,24.6
MONASH,2024,620,14965.0,4.0,54,0.3,0.9,0.3,0.3,27.3,293 Springvale Road, Glen Waverley VIC 3150,-37.8823,145.1652,19.14,24.6
MONASH,2024,620,14965.0,4.0,54,0.3,0.9,0.3,0.3,27.3,293 Springvale Road, Glen Waverley VIC 3150,-37.8823,145.1652,19.14,24.6
MONASH,2024,600,14965.0,4.0,54,0.3,0.9,0.3,0.3,27.3,293 Springvale Road, Glen Waverley VIC 3150,-37.8823,145.1652,19.14,24.6
MONASH,2025,630,15092.0,4.0,54,0.3,0.9,0.3,0.3,27.3,293 Springvale Road, Glen Waverley VIC 3150,-37.8823,145.1652,19.14,24.6
MONASH,2025,647,15092.0,4.0,54,0.3,0.9,0.3,0.3,27.3,293 Springvale Road, Glen Waverley VIC 3150,-37.8823,145.1652,19.14,24.6
MONASH,2025,650,15092.0,4.0,54,0.3,0.9,0.3,0.3,27.3,293 Springvale Road, Glen Waverley VIC 3150,-37.8823,145.1652,19.14,24.6
MOONEE VALLEY,1999,170,,2.0,36,0.4,1.3,0.4,0.3,25.8,9 Kellaway Avenue, Moonee Ponds VIC 3039,-37.7657,144.9225,6.65,6.7
MOONEE VALLEY,1999,175,,2.0,36,0.4,1.3,0.4,0.3,25.8,9 Kellaway Avenue, Moonee Ponds VIC 3039,-37.7657,144.9225,6.65,6.7
MOONEE VALLEY,1999,180,,2.0,36,0.4,1.3,0.4,0.3,25.8,9 Kellaway Avenue, Moonee Ponds VIC 3039,-37.7657,144.9225,6.65,6.7
MOONEE VALLEY,2000,180,,2.0,36,0.4,1.3,0.4,0.3,25.8,9 Kellaway Avenue, Moonee Ponds VIC 3039,-37.7657,144.9225,6.65,6.7
MOONEE VALLEY,2000,180,,2.0,36,0.4,1.3,0.4,0.3,25.8,9 Kellaway Avenue, Moonee Ponds VIC 3039,-37.7657,144.9225,6.65,6.7
MOONEE VALLEY,2000,180,,2.0,36,0.4,1.3,0.4,0.3,25.8,9 Kellaway Avenue, Moonee Ponds VIC 3039,-37.7657,144.9225,6.65,6.7
MOONEE VALLEY,2000,190,,2.0,36,0.4,1.3,0.4,0.3,25.8,9 Kellaway Avenue, Moonee Ponds VIC 3039,-37.7657,144.9225,6.65,6.7
MOONEE VALLEY,2001,190,,2.0,36,0.4,1.3,0.4,0.3,25.8,9 Kellaway Avenue, Moonee Ponds VIC 3039,-37.7657,144.9225,6.65,6.7
MOONEE VALLEY,2001,195,,2.0,36,0.4,1.3,0.4,0.3,25.8,9 Kellaway Avenue, Moonee Ponds VIC 3039,-37.7657,144.9225,6.65,6.7
MOONEE VALLEY,2001,200,,2.0,36,0.4,1.3,0.4,0.3,25.8,9 Kellaway Avenue, Moonee Ponds VIC 3039,-37.7657,144.9225,6.65,6.7
MOONEE VALLEY,2001,200,,2.0,36,0.4,1.3,0.4,0.3,25.8,9 Kellaway Avenue, Moonee Ponds VIC 3039,-37.7657,144.9225,6.65,6.7
MOONEE VALLEY,2002,210,,2.0,36,0.4,1.3,0.4,0.3,25.8,9 Kellaway Avenue, Moonee Ponds VIC 3039,-37.7657,144.9225,6.65,6.7
MOONEE VALLEY,2002,200,,2.0,36,0.4,1.3,0.4,0.3,25.8,9 Kellaway Avenue, Moonee Ponds VIC 3039,-37.7657,144.9225,6.65,6.7
MOONEE VALLEY,2002,200,,2.0,36,0.4,1.3,0.4,0.3,25.8,9 Kellaway Avenue, Moonee Ponds VIC 3039,-37.7657,144.9225,6.65,6.7
MOONEE VALLEY,2002,210,,2.0,36,0.4,1.3,0.4,0.3,25.8,9 Kellaway Avenue, Moonee Ponds VIC 3039,-37.7657,144.9225,6.65,6.7
MOONEE VALLEY,2003,205,,2.0,36,0.4,1.3,0.4,0.3,25.8,9 Kellaway Avenue, Moonee Ponds VIC 3039,-37.7657,144.9225,6.65,6.7
MOONEE VALLEY,2003,200,,2.0,36,0.4,1.3,0.4,0.3,25.8,9 Kellaway Avenue, Moonee Ponds VIC 3039,-37.7657,144.9225,6.65,6.7
MOONEE VALLEY,2003,200,,2.0,36,0.4,1.3,0.4,0.3,25.8,9 Kellaway Avenue, Moonee Ponds VIC 3039,-37.7657,144.9225,6.65,6.7
MOONEE VALLEY,2003,210,,2.0,36,0.4,1.3,0.4,0.3,25.8,9 Kellaway Avenue, Moonee Ponds VIC 3039,-37.7657,144.9225,6.65,6.7
MOONEE VALLEY,2004,215,,2.0,36,0.4,1.3,0.4,0.3,25.8,9 Kellaway Avenue, Moonee Ponds VIC 3039,-37.7657,144.9225,6.65,6.7
MOONEE VALLEY,2004,210,,2.0,36,0.4,1.3,0.4,0.3,25.8,9 Kellaway Avenue, Moonee Ponds VIC 3039,-37.7657,144.9225,6.65,6.7
MOONEE VALLEY,2004,210,,2.0,36,0.4,1.3,0.4,0.3,25.8,9 Kellaway Avenue, Moonee Ponds VIC 3039,-37.7657,144.9225,6.65,6.7
MOONEE VALLEY,2004,210,,2.0,36,0.4,1.3,0.4,0.3,25.8,9 Kellaway Avenue, Moonee Ponds VIC 3039,-37.7657,144.9225,6.65,6.7
MOONEE VALLEY,2005,215,,2.0,36,0.4,1.3,0.4,0.3,25.8,9 Kellaway Avenue, Moonee Ponds VIC 3039,-37.7657,144.9225,6.65,6.7
MOONEE VALLEY,2005,215,,2.0,36,0.4,1.3,0.4,0.3,25.8,9 Kellaway Avenue, Moonee Ponds VIC 3039,-37.7657,144.9225,6.65,6.7
MOONEE VALLEY,2005,220,,2.0,36,0.4,1.3,0.4,0.3,25.8,9 Kellaway Avenue, Moonee Ponds VIC 3039,-37.7657,144.9225,6.65,6.7
MOONEE VALLEY,2005,230,,2.0,36,0.4,1.3,0.4,0.3,25.8,9 Kellaway Avenue, Moonee Ponds VIC 3039,-37.7657,144.9225,6.65,6.7
MOONEE VALLEY,2006,230,,2.0,36,0.4,1.3,0.4,0.3,25.8,9 Kellaway Avenue, Moonee Ponds VIC 3039,-37.7657,144.9225,6.65,6.7
MOONEE VALLEY,2006,230,,2.0,36,0.4,1.3,0.4,0.3,25.8,9 Kellaway Avenue, Moonee Ponds VIC 3039,-37.7657,144.9225,6.65,6.7
MOONEE VALLEY,2006,230,,2.0,36,0.4,1.3,0.4,0.3,25.8,9 Kellaway Avenue, Moonee Ponds VIC 3039,-37.7657,144.9225,6.65,6.7
MOONEE VALLEY,2006,240,,2.0,36,0.4,1.3,0.4,0.3,25.8,9 Kellaway Avenue, Moonee Ponds VIC 3039,-37.7657,144.9225,6.65,6.7
MOONEE VALLEY,2007,250,,2.0,36,0.4,1.3,0.4,0.3,25.8,9 Kellaway Avenue, Moonee Ponds VIC 3039,-37.7657,144.9225,6.65,6.7
MOONEE VALLEY,2007,260,,2.0,36,0.4,1.3,0.4,0.3,25.8,9 Kellaway Avenue, Moonee Ponds VIC 3039,-37.7657,144.9225,6.65,6.7
MOONEE VALLEY,2007,260,,2.0,36,0.4,1.3,0.4,0.3,25.8,9 Kellaway Avenue, Moonee Ponds VIC 3039,-37.7657,144.9225,6.65,6.7
MOONEE VALLEY,2007,280,,2.0,36,0.4,1.3,0.4,0.3,25.8,9 Kellaway Avenue, Moonee Ponds VIC 3039,-37.7657,144.9225,6.65,6.7
MOONEE VALLEY,2008,300,,2.0,36,0.4,1.3,0.4,0.3,25.8,9 Kellaway Avenue, Moonee Ponds VIC 3039,-37.7657,144.9225,6.65,6.7
MOONEE VALLEY,2008,300,,2.0,36,0.4,1.3,0.4,0.3,25.8,9 Kellaway Avenue, Moonee Ponds VIC 3039,-37.7657,144.9225,6.65,6.7
MOONEE VALLEY,2008,300,,2.0,36,0.4,1.3,0.4,0.3,25.8,9 Kellaway Avenue, Moonee Ponds VIC 3039,-37.7657,144.9225,6.65,6.7
MOONEE VALLEY,2008,310,,2.0,36,0.4,1.3,0.4,0.3,25.8,9 Kellaway Avenue, Moonee Ponds VIC 3039,-37.7657,144.9225,6.65,6.7
MOONEE VALLEY,2009,315,,2.0,36,0.4,1.3,0.4,0.3,25.8,9 Kellaway Avenue, Moonee Ponds VIC 3039,-37.7657,144.9225,6.65,6.7
MOONEE VALLEY,2009,320,,2.0,36,0.4,1.3,0.4,0.3,25.8,9 Kellaway Avenue, Moonee Ponds VIC 3039,-37.7657,144.9225,6.65,6.7
MOONEE VALLEY,2009,320,,2.0,36,0.4,1.3,0.4,0.3,25.8,9 Kellaway Avenue, Moonee Ponds VIC 3039,-37.7657,144.9225,6.65,6.7
MOONEE VALLEY,2009,330,,2.0,36,0.4,1.3,0.4,0.3,25.8,9 Kellaway Avenue, Moonee Ponds VIC 3039,-37.7657,144.9225,6.65,6.7
MOONEE VALLEY,2010,339,,2.0,36,0.4,1.3,0.4,0.3,25.8,9 Kellaway Avenue, Moonee Ponds VIC 3039,-37.7657,144.9225,6.65,6.7
MOONEE VALLEY,2010,330,,2.0,36,0.4,1.3,0.4,0.3,25.8,9 Kellaway Avenue, Moonee Ponds VIC 3039,-37.7657,144.9225,6.65,6.7
MOONEE VALLEY,2010,340,,2.0,36,0.4,1.3,0.4,0.3,25.8,9 Kellaway Avenue, Moonee Ponds VIC 3039,-37.7657,144.9225,6.65,6.7
MOONEE VALLEY,2010,350,,2.0,36,0.4,1.3,0.4,0.3,25.8,9 Kellaway Avenue, Moonee Ponds VIC 3039,-37.7657,144.9225,6.65,6.7
MOONEE VALLEY,2011,350,,2.0,36,0.4,1.3,0.4,0.3,25.8,9 Kellaway Avenue, Moonee Ponds VIC 3039,-37.7657,144.9225,6.65,6.7
MOONEE VALLEY,2011,350,,2.0,36,0.4,1.3,0.4,0.3,25.8,9 Kellaway Avenue, Moonee Ponds VIC 3039,-37.7657,144.9225,6.65,6.7
MOONEE VALLEY,2011,350,,2.0,36,0.4,1.3,0.4,0.3,25.8,9 Kellaway Avenue, Moonee Ponds VIC 3039,-37.7657,144.9225,6.65,6.7
MOONEE VALLEY,2011,350,,2.0,36,0.4,1.3,0.4,0.3,25.8,9 Kellaway Avenue, Moonee Ponds VIC 3039,-37.7657,144.9225,6.65,6.7
MOONEE VALLEY,2012,360,,2.0,36,0.4,1.3,0.4,0.3,25.8,9 Kellaway Avenue, Moonee Ponds VIC 3039,-37.7657,144.9225,6.65,6.7
MOONEE VALLEY,2012,350,,2.0,36,0.4,1.3,0.4,0.3,25.8,9 Kellaway Avenue, Moonee Ponds VIC 3039,-37.7657,144.9225,6.65,6.7
MOONEE VALLEY,2012,350,,2.0,36,0.4,1.3,0.4,0.3,25.8,9 Kellaway Avenue, Moonee Ponds VIC 3039,-37.7657,144.9225,6.65,6.7
MOONEE VALLEY,2012,350,,2.0,36,0.4,1.3,0.4,0.3,25.8,9 Kellaway Avenue, Moonee Ponds VIC 3039,-37.7657,144.9225,6.65,6.7
MOONEE VALLEY,2013,353,,2.0,36,0.4,1.3,0.4,0.3,25.8,9 Kellaway Avenue, Moonee Ponds VIC 3039,-37.7657,144.9225,6.65,6.7
MOONEE VALLEY,2013,350,,2.0,36,0.4,1.3,0.4,0.3,25.8,9 Kellaway Avenue, Moonee Ponds VIC 3039,-37.7657,144.9225,6.65,6.7
MOONEE VALLEY,2013,350,,2.0,36,0.4,1.3,0.4,0.3,25.8,9 Kellaway Avenue, Moonee Ponds VIC 3039,-37.7657,144.9225,6.65,6.7
MOONEE VALLEY,2013,360,,2.0,36,0.4,1.3,0.4,0.3,25.8,9 Kellaway Avenue, Moonee Ponds VIC 3039,-37.7657,144.9225,6.65,6.7
MOONEE VALLEY,2014,360,,2.0,36,0.4,1.3,0.4,0.3,25.8,9 Kellaway Avenue, Moonee Ponds VIC 3039,-37.7657,144.9225,6.65,6.7
MOONEE VALLEY,2014,350,,2.0,36,0.4,1.3,0.4,0.3,25.8,9 Kellaway Avenue, Moonee Ponds VIC 3039,-37.7657,144.9225,6.65,6.7
MOONEE VALLEY,2014,364,,2.0,36,0.4,1.3,0.4,0.3,25.8,9 Kellaway Avenue, Moonee Ponds VIC 3039,-37.7657,144.9225,6.65,6.7
MOONEE VALLEY,2014,370,,2.0,36,0.4,1.3,0.4,0.3,25.8,9 Kellaway Avenue, Moonee Ponds VIC 3039,-37.7657,144.9225,6.65,6.7
MOONEE VALLEY,2015,370,,2.0,36,0.4,1.3,0.4,0.3,25.8,9 Kellaway Avenue, Moonee Ponds VIC 3039,-37.7657,144.9225,6.65,6.7
MOONEE VALLEY,2015,360,,2.0,36,0.4,1.3,0.4,0.3,25.8,9 Kellaway Avenue, Moonee Ponds VIC 3039,-37.7657,144.9225,6.65,6.7
MOONEE VALLEY,2015,370,,2.0,36,0.4,1.3,0.4,0.3,25.8,9 Kellaway Avenue, Moonee Ponds VIC 3039,-37.7657,144.9225,6.65,6.7
MOONEE VALLEY,2015,375,,2.0,36,0.4,1.3,0.4,0.3,25.8,9 Kellaway Avenue, Moonee Ponds VIC 3039,-37.7657,144.9225,6.65,6.7
MOONEE VALLEY,2016,380,9635.0,2.0,36,0.4,1.3,0.4,0.3,25.8,9 Kellaway Avenue, Moonee Ponds VIC 3039,-37.7657,144.9225,6.65,6.7
MOONEE VALLEY,2016,380,9635.0,2.0,36,0.4,1.3,0.4,0.3,25.8,9 Kellaway Avenue, Moonee Ponds VIC 3039,-37.7657,144.9225,6.65,6.7
MOONEE VALLEY,2016,385,9635.0,2.0,36,0.4,1.3,0.4,0.3,25.8,9 Kellaway Avenue, Moonee Ponds VIC 3039,-37.7657,144.9225,6.65,6.7
MOONEE VALLEY,2016,380,9635.0,2.0,36,0.4,1.3,0.4,0.3,25.8,9 Kellaway Avenue, Moonee Ponds VIC 3039,-37.7657,144.9225,6.65,6.7
MOONEE VALLEY,2017,400,8609.0,2.0,36,0.4,1.3,0.4,0.3,25.8,9 Kellaway Avenue, Moonee Ponds VIC 3039,-37.7657,144.9225,6.65,6.7
MOONEE VALLEY,2017,390,8609.0,2.0,36,0.4,1.3,0.4,0.3,25.8,9 Kellaway Avenue, Moonee Ponds VIC 3039,-37.7657,144.9225,6.65,6.7
MOONEE VALLEY,2017,395,8609.0,2.0,36,0.4,1.3,0.4,0.3,25.8,9 Kellaway Avenue, Moonee Ponds VIC 3039,-37.7657,144.9225,6.65,6.7
MOONEE VALLEY,2017,395,8609.0,2.0,36,0.4,1.3,0.4,0.3,25.8,9 Kellaway Avenue, Moonee Ponds VIC 3039,-37.7657,144.9225,6.65,6.7
MOONEE VALLEY,2018,410,8609.0,2.0,36,0.4,1.3,0.4,0.3,25.8,9 Kellaway Avenue, Moonee Ponds VIC 3039,-37.7657,144.9225,6.65,6.7
MOONEE VALLEY,2018,400,8609.0,2.0,36,0.4,1.3,0.4,0.3,25.8,9 Kellaway Avenue, Moonee Ponds VIC 3039,-37.7657,144.9225,6.65,6.7
MOONEE VALLEY,2018,410,8609.0,2.0,36,0.4,1.3,0.4,0.3,25.8,9 Kellaway Avenue, Moonee Ponds VIC 3039,-37.7657,144.9225,6.65,6.7
MOONEE VALLEY,2018,400,8609.0,2.0,36,0.4,1.3,0.4,0.3,25.8,9 Kellaway Avenue, Moonee Ponds VIC 3039,-37.7657,144.9225,6.65,6.7
MOONEE VALLEY,2019,420,8294.0,2.0,36,0.4,1.3,0.4,0.3,25.8,9 Kellaway Avenue, Moonee Ponds VIC 3039,-37.7657,144.9225,6.65,6.7
MOONEE VALLEY,2019,415,8294.0,2.0,36,0.4,1.3,0.4,0.3,25.8,9 Kellaway Avenue, Moonee Ponds VIC 3039,-37.7657,144.9225,6.65,6.7
MOONEE VALLEY,2019,400,8294.0,2.0,36,0.4,1.3,0.4,0.3,25.8,9 Kellaway Avenue, Moonee Ponds VIC 3039,-37.7657,144.9225,6.65,6.7
MOONEE VALLEY,2019,415,8294.0,2.0,36,0.4,1.3,0.4,0.3,25.8,9 Kellaway Avenue, Moonee Ponds VIC 3039,-37.7657,144.9225,6.65,6.7
MOONEE VALLEY,2020,420,8416.0,2.0,36,0.4,1.3,0.4,0.3,25.8,9 Kellaway Avenue, Moonee Ponds VIC 3039,-37.7657,144.9225,6.65,6.7
MOONEE VALLEY,2020,395,8416.0,2.0,36,0.4,1.3,0.4,0.3,25.8,9 Kellaway Avenue, Moonee Ponds VIC 3039,-37.7657,144.9225,6.65,6.7
MOONEE VALLEY,2020,400,8416.0,2.0,36,0.4,1.3,0.4,0.3,25.8,9 Kellaway Avenue, Moonee Ponds VIC 3039,-37.7657,144.9225,6.65,6.7
MOONEE VALLEY,2020,385,8416.0,2.0,36,0.4,1.3,0.4,0.3,25.8,9 Kellaway Avenue, Moonee Ponds VIC 3039,-37.7657,144.9225,6.65,6.7
MOONEE VALLEY,2021,385,7887.0,2.0,36,0.4,1.3,0.4,0.3,25.8,9 Kellaway Avenue, Moonee Ponds VIC 3039,-37.7657,144.9225,6.65,6.7
MOONEE VALLEY,2021,370,7887.0,2.0,36,0.4,1.3,0.4,0.3,25.8,9 Kellaway Avenue, Moonee Ponds VIC 3039,-37.7657,144.9225,6.65,6.7
MOONEE VALLEY,2021,380,7887.0,2.0,36,0.4,1.3,0.4,0.3,25.8,9 Kellaway Avenue, Moonee Ponds VIC 3039,-37.7657,144.9225,6.65,6.7
MOONEE VALLEY,2021,390,7887.0,2.0,36,0.4,1.3,0.4,0.3,25.8,9 Kellaway Avenue, Moonee Ponds VIC 3039,-37.7657,144.9225,6.65,6.7
MOONEE VALLEY,2022,390,7572.0,2.0,36,0.4,1.3,0.4,0.3,25.8,9 Kellaway Avenue, Moonee Ponds VIC 3039,-37.7657,144.9225,6.65,6.7
MOONEE VALLEY,2022,400,7572.0,2.0,36,0.4,1.3,0.4,0.3,25.8,9 Kellaway Avenue, Moonee Ponds VIC 3039,-37.7657,144.9225,6.65,6.7
MOONEE VALLEY,2022,410,7572.0,2.0,36,0.4,1.3,0.4,0.3,25.8,9 Kellaway Avenue, Moonee Ponds VIC 3039,-37.7657,144.9225,6.65,6.7
MOONEE VALLEY,2022,440,7572.0,2.0,36,0.4,1.3,0.4,0.3,25.8,9 Kellaway Avenue, Moonee Ponds VIC 3039,-37.7657,144.9225,6.65,6.7
MOONEE VALLEY,2023,450,8040.0,2.0,36,0.4,1.3,0.4,0.3,25.8,9 Kellaway Avenue, Moonee Ponds VIC 3039,-37.7657,144.9225,6.65,6.7
MOONEE VALLEY,2023,478,8040.0,2.0,36,0.4,1.3,0.4,0.3,25.8,9 Kellaway Avenue, Moonee Ponds VIC 3039,-37.7657,144.9225,6.65,6.7
MOONEE VALLEY,2023,485,8040.0,2.0,36,0.4,1.3,0.4,0.3,25.8,9 Kellaway Avenue, Moonee Ponds VIC 3039,-37.7657,144.9225,6.65,6.7
MOONEE VALLEY,2023,500,8040.0,2.0,36,0.4,1.3,0.4,0.3,25.8,9 Kellaway Avenue, Moonee Ponds VIC 3039,-37.7657,144.9225,6.65,6.7
MOONEE VALLEY,2024,520,9888.0,2.0,36,0.4,1.3,0.4,0.3,25.8,9 Kellaway Avenue, Moonee Ponds VIC 3039,-37.7657,144.9225,6.65,6.7
MOONEE VALLEY,2024,500,9888.0,2.0,36,0.4,1.3,0.4,0.3,25.8,9 Kellaway Avenue, Moonee Ponds VIC 3039,-37.7657,144.9225,6.65,6.7
MOONEE VALLEY,2024,500,9888.0,2.0,36,0.4,1.3,0.4,0.3,25.8,9 Kellaway Avenue, Moonee Ponds VIC 3039,-37.7657,144.9225,6.65,6.7
MOONEE VALLEY,2024,520,9888.0,2.0,36,0.4,1.3,0.4,0.3,25.8,9 Kellaway Avenue, Moonee Ponds VIC 3039,-37.7657,144.9225,6.65,6.7
MOONEE VALLEY,2025,550,10329.0,2.0,36,0.4,1.3,0.4,0.3,25.8,9 Kellaway Avenue, Moonee Ponds VIC 3039,-37.7657,144.9225,6.65,6.7
MOONEE VALLEY,2025,550,10329.0,2.0,36,0.4,1.3,0.4,0.3,25.8,9 Kellaway Avenue, Moonee Ponds VIC 3039,-37.7657,144.9225,6.65,6.7
MOONEE VALLEY,2025,550,10329.0,2.0,36,0.4,1.3,0.4,0.3,25.8,9 Kellaway Avenue, Moonee Ponds VIC 3039,-37.7657,144.9225,6.65,6.7
MOORABOOL,1999,145,,1.0,18,0.3,0.7,0.1,0.1,24.9,,,,,,
MOORABOOL,1999,148,,1.0,18,0.3,0.7,0.1,0.1,24.9,,,,,,
MOORABOOL,1999,145,,1.0,18,0.3,0.7,0.1,0.1,24.9,,,,,,
MOORABOOL,2000,145,,1.0,18,0.3,0.7,0.1,0.1,24.9,,,,,,
MOORABOOL,2000,140,,1.0,18,0.3,0.7,0.1,0.1,24.9,,,,,,
MOORABOOL,2000,145,,1.0,18,0.3,0.7,0.1,0.1,24.9,,,,,,
MOORABOOL,2000,145,,1.0,18,0.3,0.7,0.1,0.1,24.9,,,,,,
MOORABOOL,2001,145,,1.0,18,0.3,0.7,0.1,0.1,24.9,,,,,,
MOORABOOL,2001,145,,1.0,18,0.3,0.7,0.1,0.1,24.9,,,,,,
MOORABOOL,2001,150,,1.0,18,0.3,0.7,0.1,0.1,24.9,,,,,,
MOORABOOL,2001,165,,1.0,18,0.3,0.7,0.1,0.1,24.9,,,,,,
MOORABOOL,2002,153,,1.0,18,0.3,0.7,0.1,0.1,24.9,,,,,,
MOORABOOL,2002,160,,1.0,18,0.3,0.7,0.1,0.1,24.9,,,,,,
MOORABOOL,2002,160,,1.0,18,0.3,0.7,0.1,0.1,24.9,,,,,,
MOORABOOL,2002,160,,1.0,18,0.3,0.7,0.1,0.1,24.9,,,,,,
MOORABOOL,2003,165,,1.0,18,0.3,0.7,0.1,0.1,24.9,,,,,,
MOORABOOL,2003,170,,1.0,18,0.3,0.7,0.1,0.1,24.9,,,,,,
MOORABOOL,2003,170,,1.0,18,0.3,0.7,0.1,0.1,24.9,,,,,,
MOORABOOL,2003,175,,1.0,18,0.3,0.7,0.1,0.1,24.9,,,,,,
MOORABOOL,2004,170,,1.0,18,0.3,0.7,0.1,0.1,24.9,,,,,,
MOORABOOL,2004,170,,1.0,18,0.3,0.7,0.1,0.1,24.9,,,,,,
MOORABOOL,2004,180,,1.0,18,0.3,0.7,0.1,0.1,24.9,,,,,,
MOORABOOL,2004,178,,1.0,18,0.3,0.7,0.1,0.1,24.9,,,,,,
MOORABOOL,2005,180,,1.0,18,0.3,0.7,0.1,0.1,24.9,,,,,,
MOORABOOL,2005,180,,1.0,18,0.3,0.7,0.1,0.1,24.9,,,,,,
MOORABOOL,2005,180,,1.0,18,0.3,0.7,0.1,0.1,24.9,,,,,,
MOORABOOL,2005,180,,1.0,18,0.3,0.7,0.1,0.1,24.9,,,,,,
MOORABOOL,2006,190,,1.0,18,0.3,0.7,0.1,0.1,24.9,,,,,,
MOORABOOL,2006,185,,1.0,18,0.3,0.7,0.1,0.1,24.9,,,,,,
MOORABOOL,2006,185,,1.0,18,0.3,0.7,0.1,0.1,24.9,,,,,,
MOORABOOL,2006,190,,1.0,18,0.3,0.7,0.1,0.1,24.9,,,,,,
MOORABOOL,2007,195,,1.0,18,0.3,0.7,0.1,0.1,24.9,,,,,,
MOORABOOL,2007,190,,1.0,18,0.3,0.7,0.1,0.1,24.9,,,,,,
MOORABOOL,2007,215,,1.0,18,0.3,0.7,0.1,0.1,24.9,,,,,,
MOORABOOL,2007,200,,1.0,18,0.3,0.7,0.1,0.1,24.9,,,,,,
MOORABOOL,2008,215,,1.0,18,0.3,0.7,0.1,0.1,24.9,,,,,,
MOORABOOL,2008,230,,1.0,18,0.3,0.7,0.1,0.1,24.9,,,,,,
MOORABOOL,2008,210,,1.0,18,0.3,0.7,0.1,0.1,24.9,,,,,,
MOORABOOL,2008,240,,1.0,18,0.3,0.7,0.1,0.1,24.9,,,,,,
MOORABOOL,2009,225,,1.0,18,0.3,0.7,0.1,0.1,24.9,,,,,,
MOORABOOL,2009,240,,1.0,18,0.3,0.7,0.1,0.1,24.9,,,,,,
MOORABOOL,2009,250,,1.0,18,0.3,0.7,0.1,0.1,24.9,,,,,,
MOORABOOL,2009,250,,1.0,18,0.3,0.7,0.1,0.1,24.9,,,,,,
MOORABOOL,2010,250,,1.0,18,0.3,0.7,0.1,0.1,24.9,,,,,,
MOORABOOL,2010,255,,1.0,18,0.3,0.7,0.1,0.1,24.9,,,,,,
MOORABOOL,2010,260,,1.0,18,0.3,0.7,0.1,0.1,24.9,,,,,,
MOORABOOL,2010,273,,1.0,18,0.3,0.7,0.1,0.1,24.9,,,,,,
MOORABOOL,2011,275,,1.0,18,0.3,0.7,0.1,0.1,24.9,,,,,,
MOORABOOL,2011,285,,1.0,18,0.3,0.7,0.1,0.1,24.9,,,,,,
MOORABOOL,2011,280,,1.0,18,0.3,0.7,0.1,0.1,24.9,,,,,,
MOORABOOL,2011,280,,1.0,18,0.3,0.7,0.1,0.1,24.9,,,,,,
MOORABOOL,2012,270,,1.0,18,0.3,0.7,0.1,0.1,24.9,,,,,,
MOORABOOL,2012,280,,1.0,18,0.3,0.7,0.1,0.1,24.9,,,,,,
MOORABOOL,2012,290,,1.0,18,0.3,0.7,0.1,0.1,24.9,,,,,,
MOORABOOL,2012,299,,1.0,18,0.3,0.7,0.1,0.1,24.9,,,,,,
MOORABOOL,2013,280,,1.0,18,0.3,0.7,0.1,0.1,24.9,,,,,,
MOORABOOL,2013,290,,1.0,18,0.3,0.7,0.1,0.1,24.9,,,,,,
MOORABOOL,2013,290,,1.0,18,0.3,0.7,0.1,0.1,24.9,,,,,,
MOORABOOL,2013,290,,1.0,18,0.3,0.7,0.1,0.1,24.9,,,,,,
MOORABOOL,2014,290,,1.0,18,0.3,0.7,0.1,0.1,24.9,,,,,,
MOORABOOL,2014,290,,1.0,18,0.3,0.7,0.1,0.1,24.9,,,,,,
MOORABOOL,2014,300,,1.0,18,0.3,0.7,0.1,0.1,24.9,,,,,,
MOORABOOL,2014,300,,1.0,18,0.3,0.7,0.1,0.1,24.9,,,,,,
MOORABOOL,2015,298,,1.0,18,0.3,0.7,0.1,0.1,24.9,,,,,,
MOORABOOL,2015,295,,1.0,18,0.3,0.7,0.1,0.1,24.9,,,,,,
MOORABOOL,2015,300,,1.0,18,0.3,0.7,0.1,0.1,24.9,,,,,,
MOORABOOL,2015,313,,1.0,18,0.3,0.7,0.1,0.1,24.9,,,,,,
MOORABOOL,2016,310,2529.0,1.0,18,0.3,0.7,0.1,0.1,24.9,,,,,,
MOORABOOL,2016,310,2529.0,1.0,18,0.3,0.7,0.1,0.1,24.9,,,,,,
MOORABOOL,2016,308,2529.0,1.0,18,0.3,0.7,0.1,0.1,24.9,,,,,,
MOORABOOL,2016,320,2529.0,1.0,18,0.3,0.7,0.1,0.1,24.9,,,,,,
MOORABOOL,2017,310,2144.0,1.0,18,0.3,0.7,0.1,0.1,24.9,,,,,,
MOORABOOL,2017,320,2144.0,1.0,18,0.3,0.7,0.1,0.1,24.9,,,,,,
MOORABOOL,2017,335,2144.0,1.0,18,0.3,0.7,0.1,0.1,24.9,,,,,,
MOORABOOL,2017,330,2144.0,1.0,18,0.3,0.7,0.1,0.1,24.9,,,,,,
MOORABOOL,2018,350,2440.0,1.0,18,0.3,0.7,0.1,0.1,24.9,,,,,,
MOORABOOL,2018,345,2440.0,1.0,18,0.3,0.7,0.1,0.1,24.9,,,,,,
MOORABOOL,2018,350,2440.0,1.0,18,0.3,0.7,0.1,0.1,24.9,,,,,,
MOORABOOL,2018,360,2440.0,1.0,18,0.3,0.7,0.1,0.1,24.9,,,,,,
MOORABOOL,2019,355,2125.0,1.0,18,0.3,0.7,0.1,0.1,24.9,,,,,,
MOORABOOL,2019,360,2125.0,1.0,18,0.3,0.7,0.1,0.1,24.9,,,,,,
MOORABOOL,2019,360,2125.0,1.0,18,0.3,0.7,0.1,0.1,24.9,,,,,,
MOORABOOL,2019,360,2125.0,1.0,18,0.3,0.7,0.1,0.1,24.9,,,,,,
MOORABOOL,2020,350,2686.0,1.0,18,0.3,0.7,0.1,0.1,24.9,,,,,,
MOORABOOL,2020,350,2686.0,1.0,18,0.3,0.7,0.1,0.1,24.9,,,,,,
MOORABOOL,2020,365,2686.0,1.0,18,0.3,0.7,0.1,0.1,24.9,,,,,,
MOORABOOL,2020,360,2686.0,1.0,18,0.3,0.7,0.1,0.1,24.9,,,,,,
MOORABOOL,2021,380,2120.0,1.0,18,0.3,0.7,0.1,0.1,24.9,,,,,,
MOORABOOL,2021,390,2120.0,1.0,18,0.3,0.7,0.1,0.1,24.9,,,,,,
MOORABOOL,2021,390,2120.0,1.0,18,0.3,0.7,0.1,0.1,24.9,,,,,,
MOORABOOL,2021,400,2120.0,1.0,18,0.3,0.7,0.1,0.1,24.9,,,,,,
MOORABOOL,2022,400,2019.0,1.0,18,0.3,0.7,0.1,0.1,24.9,,,,,,
MOORABOOL,2022,415,2019.0,1.0,18,0.3,0.7,0.1,0.1,24.9,,,,,,
MOORABOOL,2022,405,2019.0,1.0,18,0.3,0.7,0.1,0.1,24.9,,,,,,
MOORABOOL,2022,400,2019.0,1.0,18,0.3,0.7,0.1,0.1,24.9,,,,,,
MOORABOOL,2023,420,2588.0,1.0,18,0.3,0.7,0.1,0.1,24.9,,,,,,
MOORABOOL,2023,425,2588.0,1.0,18,0.3,0.7,0.1,0.1,24.9,,,,,,
MOORABOOL,2023,440,2588.0,1.0,18,0.3,0.7,0.1,0.1,24.9,,,,,,
MOORABOOL,2023,440,2588.0,1.0,18,0.3,0.7,0.1,0.1,24.9,,,,,,
MOORABOOL,2024,470,2590.0,1.0,18,0.3,0.7,0.1,0.1,24.9,,,,,,
MOORABOOL,2024,460,2590.0,1.0,18,0.3,0.7,0.1,0.1,24.9,,,,,,
MOORABOOL,2024,475,2590.0,1.0,18,0.3,0.7,0.1,0.1,24.9,,,,,,
MOORABOOL,2024,470,2590.0,1.0,18,0.3,0.7,0.1,0.1,24.9,,,,,,
MOORABOOL,2025,470,3502.0,1.0,18,0.3,0.7,0.1,0.1,24.9,,,,,,
MOORABOOL,2025,480,3502.0,1.0,18,0.3,0.7,0.1,0.1,24.9,,,,,,
MOORABOOL,2025,480,3502.0,1.0,18,0.3,0.7,0.1,0.1,24.9,,,,,,
MORNINGTON PENINSULA,1999,140,,5.0,49,0.3,1.1,0.3,0.3,33.6,90 Besgrove Street, Rosebud VIC 3939,-38.3585,144.9068,62.11,84.8
MORNINGTON PENINSULA,1999,145,,5.0,49,0.3,1.1,0.3,0.3,33.6,90 Besgrove Street, Rosebud VIC 3939,-38.3585,144.9068,62.11,84.8
MORNINGTON PENINSULA,1999,150,,5.0,49,0.3,1.1,0.3,0.3,33.6,90 Besgrove Street, Rosebud VIC 3939,-38.3585,144.9068,62.11,84.8
MORNINGTON PENINSULA,2000,150,,5.0,49,0.3,1.1,0.3,0.3,33.6,90 Besgrove Street, Rosebud VIC 3939,-38.3585,144.9068,62.11,84.8
MORNINGTON PENINSULA,2000,150,,5.0,49,0.3,1.1,0.3,0.3,33.6,90 Besgrove Street, Rosebud VIC 3939,-38.3585,144.9068,62.11,84.8
MORNINGTON PENINSULA,2000,150,,5.0,49,0.3,1.1,0.3,0.3,33.6,90 Besgrove Street, Rosebud VIC 3939,-38.3585,144.9068,62.11,84.8
MORNINGTON PENINSULA,2000,160,,5.0,49,0.3,1.1,0.3,0.3,33.6,90 Besgrove Street, Rosebud VIC 3939,-38.3585,144.9068,62.11,84.8
MORNINGTON PENINSULA,2001,160,,5.0,49,0.3,1.1,0.3,0.3,33.6,90 Besgrove Street, Rosebud VIC 3939,-38.3585,144.9068,62.11,84.8
MORNINGTON PENINSULA,2001,160,,5.0,49,0.3,1.1,0.3,0.3,33.6,90 Besgrove Street, Rosebud VIC 3939,-38.3585,144.9068,62.11,84.8
MORNINGTON PENINSULA,2001,165,,5.0,49,0.3,1.1,0.3,0.3,33.6,90 Besgrove Street, Rosebud VIC 3939,-38.3585,144.9068,62.11,84.8
MORNINGTON PENINSULA,2001,170,,5.0,49,0.3,1.1,0.3,0.3,33.6,90 Besgrove Street, Rosebud VIC 3939,-38.3585,144.9068,62.11,84.8
MORNINGTON PENINSULA,2002,175,,5.0,49,0.3,1.1,0.3,0.3,33.6,90 Besgrove Street, Rosebud VIC 3939,-38.3585,144.9068,62.11,84.8
MORNINGTON PENINSULA,2002,175,,5.0,49,0.3,1.1,0.3,0.3,33.6,90 Besgrove Street, Rosebud VIC 3939,-38.3585,144.9068,62.11,84.8
MORNINGTON PENINSULA,2002,180,,5.0,49,0.3,1.1,0.3,0.3,33.6,90 Besgrove Street, Rosebud VIC 3939,-38.3585,144.9068,62.11,84.8
MORNINGTON PENINSULA,2002,180,,5.0,49,0.3,1.1,0.3,0.3,33.6,90 Besgrove Street, Rosebud VIC 3939,-38.3585,144.9068,62.11,84.8
MORNINGTON PENINSULA,2003,180,,5.0,49,0.3,1.1,0.3,0.3,33.6,90 Besgrove Street, Rosebud VIC 3939,-38.3585,144.9068,62.11,84.8
MORNINGTON PENINSULA,2003,180,,5.0,49,0.3,1.1,0.3,0.3,33.6,90 Besgrove Street, Rosebud VIC 3939,-38.3585,144.9068,62.11,84.8
MORNINGTON PENINSULA,2003,185,,5.0,49,0.3,1.1,0.3,0.3,33.6,90 Besgrove Street, Rosebud VIC 3939,-38.3585,144.9068,62.11,84.8
MORNINGTON PENINSULA,2003,185,,5.0,49,0.3,1.1,0.3,0.3,33.6,90 Besgrove Street, Rosebud VIC 3939,-38.3585,144.9068,62.11,84.8
MORNINGTON PENINSULA,2004,190,,5.0,49,0.3,1.1,0.3,0.3,33.6,90 Besgrove Street, Rosebud VIC 3939,-38.3585,144.9068,62.11,84.8
MORNINGTON PENINSULA,2004,190,,5.0,49,0.3,1.1,0.3,0.3,33.6,90 Besgrove Street, Rosebud VIC 3939,-38.3585,144.9068,62.11,84.8
MORNINGTON PENINSULA,2004,190,,5.0,49,0.3,1.1,0.3,0.3,33.6,90 Besgrove Street, Rosebud VIC 3939,-38.3585,144.9068,62.11,84.8
MORNINGTON PENINSULA,2004,190,,5.0,49,0.3,1.1,0.3,0.3,33.6,90 Besgrove Street, Rosebud VIC 3939,-38.3585,144.9068,62.11,84.8
MORNINGTON PENINSULA,2005,195,,5.0,49,0.3,1.1,0.3,0.3,33.6,90 Besgrove Street, Rosebud VIC 3939,-38.3585,144.9068,62.11,84.8
MORNINGTON PENINSULA,2005,195,,5.0,49,0.3,1.1,0.3,0.3,33.6,90 Besgrove Street, Rosebud VIC 3939,-38.3585,144.9068,62.11,84.8
MORNINGTON PENINSULA,2005,200,,5.0,49,0.3,1.1,0.3,0.3,33.6,90 Besgrove Street, Rosebud VIC 3939,-38.3585,144.9068,62.11,84.8
MORNINGTON PENINSULA,2005,195,,5.0,49,0.3,1.1,0.3,0.3,33.6,90 Besgrove Street, Rosebud VIC 3939,-38.3585,144.9068,62.11,84.8
MORNINGTON PENINSULA,2006,200,,5.0,49,0.3,1.1,0.3,0.3,33.6,90 Besgrove Street, Rosebud VIC 3939,-38.3585,144.9068,62.11,84.8
MORNINGTON PENINSULA,2006,210,,5.0,49,0.3,1.1,0.3,0.3,33.6,90 Besgrove Street, Rosebud VIC 3939,-38.3585,144.9068,62.11,84.8
MORNINGTON PENINSULA,2006,210,,5.0,49,0.3,1.1,0.3,0.3,33.6,90 Besgrove Street, Rosebud VIC 3939,-38.3585,144.9068,62.11,84.8
MORNINGTON PENINSULA,2006,210,,5.0,49,0.3,1.1,0.3,0.3,33.6,90 Besgrove Street, Rosebud VIC 3939,-38.3585,144.9068,62.11,84.8
MORNINGTON PENINSULA,2007,220,,5.0,49,0.3,1.1,0.3,0.3,33.6,90 Besgrove Street, Rosebud VIC 3939,-38.3585,144.9068,62.11,84.8
MORNINGTON PENINSULA,2007,220,,5.0,49,0.3,1.1,0.3,0.3,33.6,90 Besgrove Street, Rosebud VIC 3939,-38.3585,144.9068,62.11,84.8
MORNINGTON PENINSULA,2007,230,,5.0,49,0.3,1.1,0.3,0.3,33.6,90 Besgrove Street, Rosebud VIC 3939,-38.3585,144.9068,62.11,84.8
MORNINGTON PENINSULA,2007,240,,5.0,49,0.3,1.1,0.3,0.3,33.6,90 Besgrove Street, Rosebud VIC 3939,-38.3585,144.9068,62.11,84.8
MORNINGTON PENINSULA,2008,250,,5.0,49,0.3,1.1,0.3,0.3,33.6,90 Besgrove Street, Rosebud VIC 3939,-38.3585,144.9068,62.11,84.8
MORNINGTON PENINSULA,2008,250,,5.0,49,0.3,1.1,0.3,0.3,33.6,90 Besgrove Street, Rosebud VIC 3939,-38.3585,144.9068,62.11,84.8
MORNINGTON PENINSULA,2008,260,,5.0,49,0.3,1.1,0.3,0.3,33.6,90 Besgrove Street, Rosebud VIC 3939,-38.3585,144.9068,62.11,84.8
MORNINGTON PENINSULA,2008,265,,5.0,49,0.3,1.1,0.3,0.3,33.6,90 Besgrove Street, Rosebud VIC 3939,-38.3585,144.9068,62.11,84.8
MORNINGTON PENINSULA,2009,270,,5.0,49,0.3,1.1,0.3,0.3,33.6,90 Besgrove Street, Rosebud VIC 3939,-38.3585,144.9068,62.11,84.8
MORNINGTON PENINSULA,2009,270,,5.0,49,0.3,1.1,0.3,0.3,33.6,90 Besgrove Street, Rosebud VIC 3939,-38.3585,144.9068,62.11,84.8
MORNINGTON PENINSULA,2009,275,,5.0,49,0.3,1.1,0.3,0.3,33.6,90 Besgrove Street, Rosebud VIC 3939,-38.3585,144.9068,62.11,84.8
MORNINGTON PENINSULA,2009,280,,5.0,49,0.3,1.1,0.3,0.3,33.6,90 Besgrove Street, Rosebud VIC 3939,-38.3585,144.9068,62.11,84.8
MORNINGTON PENINSULA,2010,295,,5.0,49,0.3,1.1,0.3,0.3,33.6,90 Besgrove Street, Rosebud VIC 3939,-38.3585,144.9068,62.11,84.8
MORNINGTON PENINSULA,2010,295,,5.0,49,0.3,1.1,0.3,0.3,33.6,90 Besgrove Street, Rosebud VIC 3939,-38.3585,144.9068,62.11,84.8
MORNINGTON PENINSULA,2010,295,,5.0,49,0.3,1.1,0.3,0.3,33.6,90 Besgrove Street, Rosebud VIC 3939,-38.3585,144.9068,62.11,84.8
MORNINGTON PENINSULA,2010,310,,5.0,49,0.3,1.1,0.3,0.3,33.6,90 Besgrove Street, Rosebud VIC 3939,-38.3585,144.9068,62.11,84.8
MORNINGTON PENINSULA,2011,320,,5.0,49,0.3,1.1,0.3,0.3,33.6,90 Besgrove Street, Rosebud VIC 3939,-38.3585,144.9068,62.11,84.8
MORNINGTON PENINSULA,2011,310,,5.0,49,0.3,1.1,0.3,0.3,33.6,90 Besgrove Street, Rosebud VIC 3939,-38.3585,144.9068,62.11,84.8
MORNINGTON PENINSULA,2011,300,,5.0,49,0.3,1.1,0.3,0.3,33.6,90 Besgrove Street, Rosebud VIC 3939,-38.3585,144.9068,62.11,84.8
MORNINGTON PENINSULA,2011,310,,5.0,49,0.3,1.1,0.3,0.3,33.6,90 Besgrove Street, Rosebud VIC 3939,-38.3585,144.9068,62.11,84.8
MORNINGTON PENINSULA,2012,320,,5.0,49,0.3,1.1,0.3,0.3,33.6,90 Besgrove Street, Rosebud VIC 3939,-38.3585,144.9068,62.11,84.8
MORNINGTON PENINSULA,2012,320,,5.0,49,0.3,1.1,0.3,0.3,33.6,90 Besgrove Street, Rosebud VIC 3939,-38.3585,144.9068,62.11,84.8
MORNINGTON PENINSULA,2012,315,,5.0,49,0.3,1.1,0.3,0.3,33.6,90 Besgrove Street, Rosebud VIC 3939,-38.3585,144.9068,62.11,84.8
MORNINGTON PENINSULA,2012,320,,5.0,49,0.3,1.1,0.3,0.3,33.6,90 Besgrove Street, Rosebud VIC 3939,-38.3585,144.9068,62.11,84.8
MORNINGTON PENINSULA,2013,320,,5.0,49,0.3,1.1,0.3,0.3,33.6,90 Besgrove Street, Rosebud VIC 3939,-38.3585,144.9068,62.11,84.8
MORNINGTON PENINSULA,2013,320,,5.0,49,0.3,1.1,0.3,0.3,33.6,90 Besgrove Street, Rosebud VIC 3939,-38.3585,144.9068,62.11,84.8
MORNINGTON PENINSULA,2013,320,,5.0,49,0.3,1.1,0.3,0.3,33.6,90 Besgrove Street, Rosebud VIC 3939,-38.3585,144.9068,62.11,84.8
MORNINGTON PENINSULA,2013,320,,5.0,49,0.3,1.1,0.3,0.3,33.6,90 Besgrove Street, Rosebud VIC 3939,-38.3585,144.9068,62.11,84.8
MORNINGTON PENINSULA,2014,335,,5.0,49,0.3,1.1,0.3,0.3,33.6,90 Besgrove Street, Rosebud VIC 3939,-38.3585,144.9068,62.11,84.8
MORNINGTON PENINSULA,2014,335,,5.0,49,0.3,1.1,0.3,0.3,33.6,90 Besgrove Street, Rosebud VIC 3939,-38.3585,144.9068,62.11,84.8
MORNINGTON PENINSULA,2014,330,,5.0,49,0.3,1.1,0.3,0.3,33.6,90 Besgrove Street, Rosebud VIC 3939,-38.3585,144.9068,62.11,84.8
MORNINGTON PENINSULA,2014,335,,5.0,49,0.3,1.1,0.3,0.3,33.6,90 Besgrove Street, Rosebud VIC 3939,-38.3585,144.9068,62.11,84.8
MORNINGTON PENINSULA,2015,350,,5.0,49,0.3,1.1,0.3,0.3,33.6,90 Besgrove Street, Rosebud VIC 3939,-38.3585,144.9068,62.11,84.8
MORNINGTON PENINSULA,2015,340,,5.0,49,0.3,1.1,0.3,0.3,33.6,90 Besgrove Street, Rosebud VIC 3939,-38.3585,144.9068,62.11,84.8
MORNINGTON PENINSULA,2015,350,,5.0,49,0.3,1.1,0.3,0.3,33.6,90 Besgrove Street, Rosebud VIC 3939,-38.3585,144.9068,62.11,84.8
MORNINGTON PENINSULA,2015,350,,5.0,49,0.3,1.1,0.3,0.3,33.6,90 Besgrove Street, Rosebud VIC 3939,-38.3585,144.9068,62.11,84.8
MORNINGTON PENINSULA,2016,355,12005.0,5.0,49,0.3,1.1,0.3,0.3,33.6,90 Besgrove Street, Rosebud VIC 3939,-38.3585,144.9068,62.11,84.8
MORNINGTON PENINSULA,2016,355,12005.0,5.0,49,0.3,1.1,0.3,0.3,33.6,90 Besgrove Street, Rosebud VIC 3939,-38.3585,144.9068,62.11,84.8
MORNINGTON PENINSULA,2016,360,12005.0,5.0,49,0.3,1.1,0.3,0.3,33.6,90 Besgrove Street, Rosebud VIC 3939,-38.3585,144.9068,62.11,84.8
MORNINGTON PENINSULA,2016,365,12005.0,5.0,49,0.3,1.1,0.3,0.3,33.6,90 Besgrove Street, Rosebud VIC 3939,-38.3585,144.9068,62.11,84.8
MORNINGTON PENINSULA,2017,380,10893.0,5.0,49,0.3,1.1,0.3,0.3,33.6,90 Besgrove Street, Rosebud VIC 3939,-38.3585,144.9068,62.11,84.8
MORNINGTON PENINSULA,2017,375,10893.0,5.0,49,0.3,1.1,0.3,0.3,33.6,90 Besgrove Street, Rosebud VIC 3939,-38.3585,144.9068,62.11,84.8
MORNINGTON PENINSULA,2017,380,10893.0,5.0,49,0.3,1.1,0.3,0.3,33.6,90 Besgrove Street, Rosebud VIC 3939,-38.3585,144.9068,62.11,84.8
MORNINGTON PENINSULA,2017,390,10893.0,5.0,49,0.3,1.1,0.3,0.3,33.6,90 Besgrove Street, Rosebud VIC 3939,-38.3585,144.9068,62.11,84.8
MORNINGTON PENINSULA,2018,395,10797.0,5.0,49,0.3,1.1,0.3,0.3,33.6,90 Besgrove Street, Rosebud VIC 3939,-38.3585,144.9068,62.11,84.8
MORNINGTON PENINSULA,2018,390,10797.0,5.0,49,0.3,1.1,0.3,0.3,33.6,90 Besgrove Street, Rosebud VIC 3939,-38.3585,144.9068,62.11,84.8
MORNINGTON PENINSULA,2018,385,10797.0,5.0,49,0.3,1.1,0.3,0.3,33.6,90 Besgrove Street, Rosebud VIC 3939,-38.3585,144.9068,62.11,84.8
MORNINGTON PENINSULA,2018,400,10797.0,5.0,49,0.3,1.1,0.3,0.3,33.6,90 Besgrove Street, Rosebud VIC 3939,-38.3585,144.9068,62.11,84.8
MORNINGTON PENINSULA,2019,400,11210.0,5.0,49,0.3,1.1,0.3,0.3,33.6,90 Besgrove Street, Rosebud VIC 3939,-38.3585,144.9068,62.11,84.8
MORNINGTON PENINSULA,2019,400,11210.0,5.0,49,0.3,1.1,0.3,0.3,33.6,90 Besgrove Street, Rosebud VIC 3939,-38.3585,144.9068,62.11,84.8
MORNINGTON PENINSULA,2019,400,11210.0,5.0,49,0.3,1.1,0.3,0.3,33.6,90 Besgrove Street, Rosebud VIC 3939,-38.3585,144.9068,62.11,84.8
MORNINGTON PENINSULA,2019,400,11210.0,5.0,49,0.3,1.1,0.3,0.3,33.6,90 Besgrove Street, Rosebud VIC 3939,-38.3585,144.9068,62.11,84.8
MORNINGTON PENINSULA,2020,420,11308.0,5.0,49,0.3,1.1,0.3,0.3,33.6,90 Besgrove Street, Rosebud VIC 3939,-38.3585,144.9068,62.11,84.8
MORNINGTON PENINSULA,2020,400,11308.0,5.0,49,0.3,1.1,0.3,0.3,33.6,90 Besgrove Street, Rosebud VIC 3939,-38.3585,144.9068,62.11,84.8
MORNINGTON PENINSULA,2020,430,11308.0,5.0,49,0.3,1.1,0.3,0.3,33.6,90 Besgrove Street, Rosebud VIC 3939,-38.3585,144.9068,62.11,84.8
MORNINGTON PENINSULA,2020,450,11308.0,5.0,49,0.3,1.1,0.3,0.3,33.6,90 Besgrove Street, Rosebud VIC 3939,-38.3585,144.9068,62.11,84.8
MORNINGTON PENINSULA,2021,460,9008.0,5.0,49,0.3,1.1,0.3,0.3,33.6,90 Besgrove Street, Rosebud VIC 3939,-38.3585,144.9068,62.11,84.8
MORNINGTON PENINSULA,2021,470,9008.0,5.0,49,0.3,1.1,0.3,0.3,33.6,90 Besgrove Street, Rosebud VIC 3939,-38.3585,144.9068,62.11,84.8
MORNINGTON PENINSULA,2021,496,9008.0,5.0,49,0.3,1.1,0.3,0.3,33.6,90 Besgrove Street, Rosebud VIC 3939,-38.3585,144.9068,62.11,84.8
MORNINGTON PENINSULA,2021,500,9008.0,5.0,49,0.3,1.1,0.3,0.3,33.6,90 Besgrove Street, Rosebud VIC 3939,-38.3585,144.9068,62.11,84.8
MORNINGTON PENINSULA,2022,510,9294.0,5.0,49,0.3,1.1,0.3,0.3,33.6,90 Besgrove Street, Rosebud VIC 3939,-38.3585,144.9068,62.11,84.8
MORNINGTON PENINSULA,2022,520,9294.0,5.0,49,0.3,1.1,0.3,0.3,33.6,90 Besgrove Street, Rosebud VIC 3939,-38.3585,144.9068,62.11,84.8
MORNINGTON PENINSULA,2022,525,9294.0,5.0,49,0.3,1.1,0.3,0.3,33.6,90 Besgrove Street, Rosebud VIC 3939,-38.3585,144.9068,62.11,84.8
MORNINGTON PENINSULA,2022,530,9294.0,5.0,49,0.3,1.1,0.3,0.3,33.6,90 Besgrove Street, Rosebud VIC 3939,-38.3585,144.9068,62.11,84.8
MORNINGTON PENINSULA,2023,550,9915.0,5.0,49,0.3,1.1,0.3,0.3,33.6,90 Besgrove Street, Rosebud VIC 3939,-38.3585,144.9068,62.11,84.8
MORNINGTON PENINSULA,2023,530,9915.0,5.0,49,0.3,1.1,0.3,0.3,33.6,90 Besgrove Street, Rosebud VIC 3939,-38.3585,144.9068,62.11,84.8
MORNINGTON PENINSULA,2023,530,9915.0,5.0,49,0.3,1.1,0.3,0.3,33.6,90 Besgrove Street, Rosebud VIC 3939,-38.3585,144.9068,62.11,84.8
MORNINGTON PENINSULA,2023,550,9915.0,5.0,49,0.3,1.1,0.3,0.3,33.6,90 Besgrove Street, Rosebud VIC 3939,-38.3585,144.9068,62.11,84.8
MORNINGTON PENINSULA,2024,580,12726.0,5.0,49,0.3,1.1,0.3,0.3,33.6,90 Besgrove Street, Rosebud VIC 3939,-38.3585,144.9068,62.11,84.8
MORNINGTON PENINSULA,2024,560,12726.0,5.0,49,0.3,1.1,0.3,0.3,33.6,90 Besgrove Street, Rosebud VIC 3939,-38.3585,144.9068,62.11,84.8
MORNINGTON PENINSULA,2024,580,12726.0,5.0,49,0.3,1.1,0.3,0.3,33.6,90 Besgrove Street, Rosebud VIC 3939,-38.3585,144.9068,62.11,84.8
MORNINGTON PENINSULA,2024,590,12726.0,5.0,49,0.3,1.1,0.3,0.3,33.6,90 Besgrove Street, Rosebud VIC 3939,-38.3585,144.9068,62.11,84.8
MORNINGTON PENINSULA,2025,600,12194.0,5.0,49,0.3,1.1,0.3,0.3,33.6,90 Besgrove Street, Rosebud VIC 3939,-38.3585,144.9068,62.11,84.8
MORNINGTON PENINSULA,2025,600,12194.0,5.0,49,0.3,1.1,0.3,0.3,33.6,90 Besgrove Street, Rosebud VIC 3939,-38.3585,144.9068,62.11,84.8
MORNINGTON PENINSULA,2025,600,12194.0,5.0,49,0.3,1.1,0.3,0.3,33.6,90 Besgrove Street, Rosebud VIC 3939,-38.3585,144.9068,62.11,84.8
MOUNT ALEXANDER,1999,120,,2.0,15,0.3,1.2,0.2,0.3,25.5,,,,,,
MOUNT ALEXANDER,1999,130,,2.0,15,0.3,1.2,0.2,0.3,25.5,,,,,,
MOUNT ALEXANDER,1999,125,,2.0,15,0.3,1.2,0.2,0.3,25.5,,,,,,
MOUNT ALEXANDER,2000,130,,2.0,15,0.3,1.2,0.2,0.3,25.5,,,,,,
MOUNT ALEXANDER,2000,130,,2.0,15,0.3,1.2,0.2,0.3,25.5,,,,,,
MOUNT ALEXANDER,2000,130,,2.0,15,0.3,1.2,0.2,0.3,25.5,,,,,,
MOUNT ALEXANDER,2000,130,,2.0,15,0.3,1.2,0.2,0.3,25.5,,,,,,
MOUNT ALEXANDER,2001,140,,2.0,15,0.3,1.2,0.2,0.3,25.5,,,,,,
MOUNT ALEXANDER,2001,135,,2.0,15,0.3,1.2,0.2,0.3,25.5,,,,,,
MOUNT ALEXANDER,2001,140,,2.0,15,0.3,1.2,0.2,0.3,25.5,,,,,,
MOUNT ALEXANDER,2001,140,,2.0,15,0.3,1.2,0.2,0.3,25.5,,,,,,
MOUNT ALEXANDER,2002,145,,2.0,15,0.3,1.2,0.2,0.3,25.5,,,,,,
MOUNT ALEXANDER,2002,140,,2.0,15,0.3,1.2,0.2,0.3,25.5,,,,,,
MOUNT ALEXANDER,2002,150,,2.0,15,0.3,1.2,0.2,0.3,25.5,,,,,,
MOUNT ALEXANDER,2002,150,,2.0,15,0.3,1.2,0.2,0.3,25.5,,,,,,
MOUNT ALEXANDER,2003,150,,2.0,15,0.3,1.2,0.2,0.3,25.5,,,,,,
MOUNT ALEXANDER,2003,160,,2.0,15,0.3,1.2,0.2,0.3,25.5,,,,,,
MOUNT ALEXANDER,2003,160,,2.0,15,0.3,1.2,0.2,0.3,25.5,,,,,,
MOUNT ALEXANDER,2003,160,,2.0,15,0.3,1.2,0.2,0.3,25.5,,,,,,
MOUNT ALEXANDER,2004,165,,2.0,15,0.3,1.2,0.2,0.3,25.5,,,,,,
MOUNT ALEXANDER,2004,180,,2.0,15,0.3,1.2,0.2,0.3,25.5,,,,,,
MOUNT ALEXANDER,2004,175,,2.0,15,0.3,1.2,0.2,0.3,25.5,,,,,,
MOUNT ALEXANDER,2004,175,,2.0,15,0.3,1.2,0.2,0.3,25.5,,,,,,
MOUNT ALEXANDER,2005,180,,2.0,15,0.3,1.2,0.2,0.3,25.5,,,,,,
MOUNT ALEXANDER,2005,180,,2.0,15,0.3,1.2,0.2,0.3,25.5,,,,,,
MOUNT ALEXANDER,2005,180,,2.0,15,0.3,1.2,0.2,0.3,25.5,,,,,,
MOUNT ALEXANDER,2005,183,,2.0,15,0.3,1.2,0.2,0.3,25.5,,,,,,
MOUNT ALEXANDER,2006,180,,2.0,15,0.3,1.2,0.2,0.3,25.5,,,,,,
MOUNT ALEXANDER,2006,175,,2.0,15,0.3,1.2,0.2,0.3,25.5,,,,,,
MOUNT ALEXANDER,2006,190,,2.0,15,0.3,1.2,0.2,0.3,25.5,,,,,,
MOUNT ALEXANDER,2006,190,,2.0,15,0.3,1.2,0.2,0.3,25.5,,,,,,
MOUNT ALEXANDER,2007,190,,2.0,15,0.3,1.2,0.2,0.3,25.5,,,,,,
MOUNT ALEXANDER,2007,190,,2.0,15,0.3,1.2,0.2,0.3,25.5,,,,,,
MOUNT ALEXANDER,2007,210,,2.0,15,0.3,1.2,0.2,0.3,25.5,,,,,,
MOUNT ALEXANDER,2007,200,,2.0,15,0.3,1.2,0.2,0.3,25.5,,,,,,
MOUNT ALEXANDER,2008,210,,2.0,15,0.3,1.2,0.2,0.3,25.5,,,,,,
MOUNT ALEXANDER,2008,210,,2.0,15,0.3,1.2,0.2,0.3,25.5,,,,,,
MOUNT ALEXANDER,2008,210,,2.0,15,0.3,1.2,0.2,0.3,25.5,,,,,,
MOUNT ALEXANDER,2008,220,,2.0,15,0.3,1.2,0.2,0.3,25.5,,,,,,
MOUNT ALEXANDER,2009,220,,2.0,15,0.3,1.2,0.2,0.3,25.5,,,,,,
MOUNT ALEXANDER,2009,220,,2.0,15,0.3,1.2,0.2,0.3,25.5,,,,,,
MOUNT ALEXANDER,2009,220,,2.0,15,0.3,1.2,0.2,0.3,25.5,,,,,,
MOUNT ALEXANDER,2009,220,,2.0,15,0.3,1.2,0.2,0.3,25.5,,,,,,
MOUNT ALEXANDER,2010,240,,2.0,15,0.3,1.2,0.2,0.3,25.5,,,,,,
MOUNT ALEXANDER,2010,248,,2.0,15,0.3,1.2,0.2,0.3,25.5,,,,,,
MOUNT ALEXANDER,2010,240,,2.0,15,0.3,1.2,0.2,0.3,25.5,,,,,,
MOUNT ALEXANDER,2010,260,,2.0,15,0.3,1.2,0.2,0.3,25.5,,,,,,
MOUNT ALEXANDER,2011,250,,2.0,15,0.3,1.2,0.2,0.3,25.5,,,,,,
MOUNT ALEXANDER,2011,270,,2.0,15,0.3,1.2,0.2,0.3,25.5,,,,,,
MOUNT ALEXANDER,2011,275,,2.0,15,0.3,1.2,0.2,0.3,25.5,,,,,,
MOUNT ALEXANDER,2011,270,,2.0,15,0.3,1.2,0.2,0.3,25.5,,,,,,
MOUNT ALEXANDER,2012,270,,2.0,15,0.3,1.2,0.2,0.3,25.5,,,,,,
MOUNT ALEXANDER,2012,280,,2.0,15,0.3,1.2,0.2,0.3,25.5,,,,,,
MOUNT ALEXANDER,2012,290,,2.0,15,0.3,1.2,0.2,0.3,25.5,,,,,,
MOUNT ALEXANDER,2012,283,,2.0,15,0.3,1.2,0.2,0.3,25.5,,,,,,
MOUNT ALEXANDER,2013,300,,2.0,15,0.3,1.2,0.2,0.3,25.5,,,,,,
MOUNT ALEXANDER,2013,295,,2.0,15,0.3,1.2,0.2,0.3,25.5,,,,,,
MOUNT ALEXANDER,2013,300,,2.0,15,0.3,1.2,0.2,0.3,25.5,,,,,,
MOUNT ALEXANDER,2013,290,,2.0,15,0.3,1.2,0.2,0.3,25.5,,,,,,
MOUNT ALEXANDER,2014,300,,2.0,15,0.3,1.2,0.2,0.3,25.5,,,,,,
MOUNT ALEXANDER,2014,300,,2.0,15,0.3,1.2,0.2,0.3,25.5,,,,,,
MOUNT ALEXANDER,2014,300,,2.0,15,0.3,1.2,0.2,0.3,25.5,,,,,,
MOUNT ALEXANDER,2014,295,,2.0,15,0.3,1.2,0.2,0.3,25.5,,,,,,
MOUNT ALEXANDER,2015,310,,2.0,15,0.3,1.2,0.2,0.3,25.5,,,,,,
MOUNT ALEXANDER,2015,300,,2.0,15,0.3,1.2,0.2,0.3,25.5,,,,,,
MOUNT ALEXANDER,2015,290,,2.0,15,0.3,1.2,0.2,0.3,25.5,,,,,,
MOUNT ALEXANDER,2015,300,,2.0,15,0.3,1.2,0.2,0.3,25.5,,,,,,
MOUNT ALEXANDER,2016,308,1257.0,2.0,15,0.3,1.2,0.2,0.3,25.5,,,,,,
MOUNT ALEXANDER,2016,320,1257.0,2.0,15,0.3,1.2,0.2,0.3,25.5,,,,,,
MOUNT ALEXANDER,2016,300,1257.0,2.0,15,0.3,1.2,0.2,0.3,25.5,,,,,,
MOUNT ALEXANDER,2016,310,1257.0,2.0,15,0.3,1.2,0.2,0.3,25.5,,,,,,
MOUNT ALEXANDER,2017,310,1027.0,2.0,15,0.3,1.2,0.2,0.3,25.5,,,,,,
MOUNT ALEXANDER,2017,310,1027.0,2.0,15,0.3,1.2,0.2,0.3,25.5,,,,,,
MOUNT ALEXANDER,2017,320,1027.0,2.0,15,0.3,1.2,0.2,0.3,25.5,,,,,,
MOUNT ALEXANDER,2017,325,1027.0,2.0,15,0.3,1.2,0.2,0.3,25.5,,,,,,
MOUNT ALEXANDER,2018,330,887.0,2.0,15,0.3,1.2,0.2,0.3,25.5,,,,,,
MOUNT ALEXANDER,2018,320,887.0,2.0,15,0.3,1.2,0.2,0.3,25.5,,,,,,
MOUNT ALEXANDER,2018,330,887.0,2.0,15,0.3,1.2,0.2,0.3,25.5,,,,,,
MOUNT ALEXANDER,2018,323,887.0,2.0,15,0.3,1.2,0.2,0.3,25.5,,,,,,
MOUNT ALEXANDER,2019,340,1230.0,2.0,15,0.3,1.2,0.2,0.3,25.5,,,,,,
MOUNT ALEXANDER,2019,350,1230.0,2.0,15,0.3,1.2,0.2,0.3,25.5,,,,,,
MOUNT ALEXANDER,2019,340,1230.0,2.0,15,0.3,1.2,0.2,0.3,25.5,,,,,,
MOUNT ALEXANDER,2019,340,1230.0,2.0,15,0.3,1.2,0.2,0.3,25.5,,,,,,
MOUNT ALEXANDER,2020,355,959.0,2.0,15,0.3,1.2,0.2,0.3,25.5,,,,,,
MOUNT ALEXANDER,2020,350,959.0,2.0,15,0.3,1.2,0.2,0.3,25.5,,,,,,
MOUNT ALEXANDER,2020,368,959.0,2.0,15,0.3,1.2,0.2,0.3,25.5,,,,,,
MOUNT ALEXANDER,2020,375,959.0,2.0,15,0.3,1.2,0.2,0.3,25.5,,,,,,
MOUNT ALEXANDER,2021,375,930.0,2.0,15,0.3,1.2,0.2,0.3,25.5,,,,,,
MOUNT ALEXANDER,2021,375,930.0,2.0,15,0.3,1.2,0.2,0.3,25.5,,,,,,
MOUNT ALEXANDER,2021,393,930.0,2.0,15,0.3,1.2,0.2,0.3,25.5,,,,,,
MOUNT ALEXANDER,2021,400,930.0,2.0,15,0.3,1.2,0.2,0.3,25.5,,,,,,
MOUNT ALEXANDER,2022,388,922.0,2.0,15,0.3,1.2,0.2,0.3,25.5,,,,,,
MOUNT ALEXANDER,2022,423,922.0,2.0,15,0.3,1.2,0.2,0.3,25.5,,,,,,
MOUNT ALEXANDER,2022,440,922.0,2.0,15,0.3,1.2,0.2,0.3,25.5,,,,,,
MOUNT ALEXANDER,2022,423,922.0,2.0,15,0.3,1.2,0.2,0.3,25.5,,,,,,
MOUNT ALEXANDER,2023,435,1097.0,2.0,15,0.3,1.2,0.2,0.3,25.5,,,,,,
MOUNT ALEXANDER,2023,400,1097.0,2.0,15,0.3,1.2,0.2,0.3,25.5,,,,,,
MOUNT ALEXANDER,2023,430,1097.0,2.0,15,0.3,1.2,0.2,0.3,25.5,,,,,,
MOUNT ALEXANDER,2023,460,1097.0,2.0,15,0.3,1.2,0.2,0.3,25.5,,,,,,
MOUNT ALEXANDER,2024,450,1265.0,2.0,15,0.3,1.2,0.2,0.3,25.5,,,,,,
MOUNT ALEXANDER,2024,450,1265.0,2.0,15,0.3,1.2,0.2,0.3,25.5,,,,,,
MOUNT ALEXANDER,2024,480,1265.0,2.0,15,0.3,1.2,0.2,0.3,25.5,,,,,,
MOUNT ALEXANDER,2024,458,1265.0,2.0,15,0.3,1.2,0.2,0.3,25.5,,,,,,
MOUNT ALEXANDER,2025,460,1458.0,2.0,15,0.3,1.2,0.2,0.3,25.5,,,,,,
MOUNT ALEXANDER,2025,473,1458.0,2.0,15,0.3,1.2,0.2,0.3,25.5,,,,,,
MOUNT ALEXANDER,2025,495,1458.0,2.0,15,0.3,1.2,0.2,0.3,25.5,,,,,,
MOYNE,1999,130,,,12,0.2,0.8,,0.2,27.3,,,,,,
MOYNE,1999,120,,,12,0.2,0.8,,0.2,27.3,,,,,,
MOYNE,1999,120,,,12,0.2,0.8,,0.2,27.3,,,,,,
MOYNE,2000,120,,,12,0.2,0.8,,0.2,27.3,,,,,,
MOYNE,2000,120,,,12,0.2,0.8,,0.2,27.3,,,,,,
MOYNE,2000,140,,,12,0.2,0.8,,0.2,27.3,,,,,,
MOYNE,2000,125,,,12,0.2,0.8,,0.2,27.3,,,,,,
MOYNE,2001,130,,,12,0.2,0.8,,0.2,27.3,,,,,,
MOYNE,2001,130,,,12,0.2,0.8,,0.2,27.3,,,,,,
MOYNE,2001,135,,,12,0.2,0.8,,0.2,27.3,,,,,,
MOYNE,2001,140,,,12,0.2,0.8,,0.2,27.3,,,,,,
MOYNE,2002,150,,,12,0.2,0.8,,0.2,27.3,,,,,,
MOYNE,2002,150,,,12,0.2,0.8,,0.2,27.3,,,,,,
MOYNE,2002,155,,,12,0.2,0.8,,0.2,27.3,,,,,,
MOYNE,2002,150,,,12,0.2,0.8,,0.2,27.3,,,,,,
MOYNE,2003,150,,,12,0.2,0.8,,0.2,27.3,,,,,,
MOYNE,2003,170,,,12,0.2,0.8,,0.2,27.3,,,,,,
MOYNE,2003,160,,,12,0.2,0.8,,0.2,27.3,,,,,,
MOYNE,2003,160,,,12,0.2,0.8,,0.2,27.3,,,,,,
MOYNE,2004,160,,,12,0.2,0.8,,0.2,27.3,,,,,,
MOYNE,2004,170,,,12,0.2,0.8,,0.2,27.3,,,,,,
MOYNE,2004,162,,,12,0.2,0.8,,0.2,27.3,,,,,,
MOYNE,2004,180,,,12,0.2,0.8,,0.2,27.3,,,,,,
MOYNE,2005,170,,,12,0.2,0.8,,0.2,27.3,,,,,,
MOYNE,2005,180,,,12,0.2,0.8,,0.2,27.3,,,,,,
MOYNE,2005,180,,,12,0.2,0.8,,0.2,27.3,,,,,,
MOYNE,2005,180,,,12,0.2,0.8,,0.2,27.3,,,,,,
MOYNE,2006,200,,,12,0.2,0.8,,0.2,27.3,,,,,,
MOYNE,2006,200,,,12,0.2,0.8,,0.2,27.3,,,,,,
MOYNE,2006,200,,,12,0.2,0.8,,0.2,27.3,,,,,,
MOYNE,2006,180,,,12,0.2,0.8,,0.2,27.3,,,,,,
MOYNE,2007,200,,,12,0.2,0.8,,0.2,27.3,,,,,,
MOYNE,2007,190,,,12,0.2,0.8,,0.2,27.3,,,,,,
MOYNE,2007,200,,,12,0.2,0.8,,0.2,27.3,,,,,,
MOYNE,2007,190,,,12,0.2,0.8,,0.2,27.3,,,,,,
MOYNE,2008,200,,,12,0.2,0.8,,0.2,27.3,,,,,,
MOYNE,2008,195,,,12,0.2,0.8,,0.2,27.3,,,,,,
MOYNE,2008,200,,,12,0.2,0.8,,0.2,27.3,,,,,,
MOYNE,2008,200,,,12,0.2,0.8,,0.2,27.3,,,,,,
MOYNE,2009,185,,,12,0.2,0.8,,0.2,27.3,,,,,,
MOYNE,2009,218,,,12,0.2,0.8,,0.2,27.3,,,,,,
MOYNE,2009,220,,,12,0.2,0.8,,0.2,27.3,,,,,,
MOYNE,2009,250,,,12,0.2,0.8,,0.2,27.3,,,,,,
MOYNE,2010,240,,,12,0.2,0.8,,0.2,27.3,,,,,,
MOYNE,2010,240,,,12,0.2,0.8,,0.2,27.3,,,,,,
MOYNE,2010,250,,,12,0.2,0.8,,0.2,27.3,,,,,,
MOYNE,2010,260,,,12,0.2,0.8,,0.2,27.3,,,,,,
MOYNE,2011,260,,,12,0.2,0.8,,0.2,27.3,,,,,,
MOYNE,2011,250,,,12,0.2,0.8,,0.2,27.3,,,,,,
MOYNE,2011,260,,,12,0.2,0.8,,0.2,27.3,,,,,,
MOYNE,2011,270,,,12,0.2,0.8,,0.2,27.3,,,,,,
MOYNE,2012,250,,,12,0.2,0.8,,0.2,27.3,,,,,,
MOYNE,2012,250,,,12,0.2,0.8,,0.2,27.3,,,,,,
MOYNE,2012,240,,,12,0.2,0.8,,0.2,27.3,,,,,,
MOYNE,2012,250,,,12,0.2,0.8,,0.2,27.3,,,,,,
MOYNE,2013,278,,,12,0.2,0.8,,0.2,27.3,,,,,,
MOYNE,2013,250,,,12,0.2,0.8,,0.2,27.3,,,,,,
MOYNE,2013,260,,,12,0.2,0.8,,0.2,27.3,,,,,,
MOYNE,2013,260,,,12,0.2,0.8,,0.2,27.3,,,,,,
MOYNE,2014,260,,,12,0.2,0.8,,0.2,27.3,,,,,,
MOYNE,2014,260,,,12,0.2,0.8,,0.2,27.3,,,,,,
MOYNE,2014,280,,,12,0.2,0.8,,0.2,27.3,,,,,,
MOYNE,2014,270,,,12,0.2,0.8,,0.2,27.3,,,,,,
MOYNE,2015,270,,,12,0.2,0.8,,0.2,27.3,,,,,,
MOYNE,2015,280,,,12,0.2,0.8,,0.2,27.3,,,,,,
MOYNE,2015,280,,,12,0.2,0.8,,0.2,27.3,,,,,,
MOYNE,2015,280,,,12,0.2,0.8,,0.2,27.3,,,,,,
MOYNE,2016,280,648.0,,12,0.2,0.8,,0.2,27.3,,,,,,
MOYNE,2016,280,648.0,,12,0.2,0.8,,0.2,27.3,,,,,,
MOYNE,2016,280,648.0,,12,0.2,0.8,,0.2,27.3,,,,,,
MOYNE,2016,300,648.0,,12,0.2,0.8,,0.2,27.3,,,,,,
MOYNE,2017,280,622.0,,12,0.2,0.8,,0.2,27.3,,,,,,
MOYNE,2017,283,622.0,,12,0.2,0.8,,0.2,27.3,,,,,,
MOYNE,2017,280,622.0,,12,0.2,0.8,,0.2,27.3,,,,,,
MOYNE,2017,283,622.0,,12,0.2,0.8,,0.2,27.3,,,,,,
MOYNE,2018,280,529.0,,12,0.2,0.8,,0.2,27.3,,,,,,
MOYNE,2018,300,529.0,,12,0.2,0.8,,0.2,27.3,,,,,,
MOYNE,2018,275,529.0,,12,0.2,0.8,,0.2,27.3,,,,,,
MOYNE,2018,300,529.0,,12,0.2,0.8,,0.2,27.3,,,,,,
MOYNE,2019,320,684.0,,12,0.2,0.8,,0.2,27.3,,,,,,
MOYNE,2019,345,684.0,,12,0.2,0.8,,0.2,27.3,,,,,,
MOYNE,2019,315,684.0,,12,0.2,0.8,,0.2,27.3,,,,,,
MOYNE,2019,340,684.0,,12,0.2,0.8,,0.2,27.3,,,,,,
MOYNE,2020,360,675.0,,12,0.2,0.8,,0.2,27.3,,,,,,
MOYNE,2020,300,675.0,,12,0.2,0.8,,0.2,27.3,,,,,,
MOYNE,2020,320,675.0,,12,0.2,0.8,,0.2,27.3,,,,,,
MOYNE,2020,363,675.0,,12,0.2,0.8,,0.2,27.3,,,,,,
MOYNE,2021,360,706.0,,12,0.2,0.8,,0.2,27.3,,,,,,
MOYNE,2021,380,706.0,,12,0.2,0.8,,0.2,27.3,,,,,,
MOYNE,2021,345,706.0,,12,0.2,0.8,,0.2,27.3,,,,,,
MOYNE,2021,360,706.0,,12,0.2,0.8,,0.2,27.3,,,,,,
MOYNE,2022,400,662.0,,12,0.2,0.8,,0.2,27.3,,,,,,
MOYNE,2022,445,662.0,,12,0.2,0.8,,0.2,27.3,,,,,,
MOYNE,2022,400,662.0,,12,0.2,0.8,,0.2,27.3,,,,,,
MOYNE,2022,400,662.0,,12,0.2,0.8,,0.2,27.3,,,,,,
MOYNE,2023,420,625.0,,12,0.2,0.8,,0.2,27.3,,,,,,
MOYNE,2023,425,625.0,,12,0.2,0.8,,0.2,27.3,,,,,,
MOYNE,2023,450,625.0,,12,0.2,0.8,,0.2,27.3,,,,,,
MOYNE,2023,410,625.0,,12,0.2,0.8,,0.2,27.3,,,,,,
MOYNE,2024,410,718.0,,12,0.2,0.8,,0.2,27.3,,,,,,
MOYNE,2024,460,718.0,,12,0.2,0.8,,0.2,27.3,,,,,,
MOYNE,2024,428,718.0,,12,0.2,0.8,,0.2,27.3,,,,,,
MOYNE,2024,475,718.0,,12,0.2,0.8,,0.2,27.3,,,,,,
MOYNE,2025,480,724.0,,12,0.2,0.8,,0.2,27.3,,,,,,
MOYNE,2025,505,724.0,,12,0.2,0.8,,0.2,27.3,,,,,,
MOYNE,2025,490,724.0,,12,0.2,0.8,,0.2,27.3,,,,,,
MURRINDINDI,1999,123,,,14,0.4,0.9,,0.3,31.7,,,,,,
MURRINDINDI,1999,115,,,14,0.4,0.9,,0.3,31.7,,,,,,
MURRINDINDI,1999,120,,,14,0.4,0.9,,0.3,31.7,,,,,,
MURRINDINDI,2000,120,,,14,0.4,0.9,,0.3,31.7,,,,,,
MURRINDINDI,2000,120,,,14,0.4,0.9,,0.3,31.7,,,,,,
MURRINDINDI,2000,120,,,14,0.4,0.9,,0.3,31.7,,,,,,
MURRINDINDI,2000,125,,,14,0.4,0.9,,0.3,31.7,,,,,,
MURRINDINDI,2001,120,,,14,0.4,0.9,,0.3,31.7,,,,,,
MURRINDINDI,2001,130,,,14,0.4,0.9,,0.3,31.7,,,,,,
MURRINDINDI,2001,130,,,14,0.4,0.9,,0.3,31.7,,,,,,
MURRINDINDI,2001,130,,,14,0.4,0.9,,0.3,31.7,,,,,,
MURRINDINDI,2002,130,,,14,0.4,0.9,,0.3,31.7,,,,,,
MURRINDINDI,2002,130,,,14,0.4,0.9,,0.3,31.7,,,,,,
MURRINDINDI,2002,130,,,14,0.4,0.9,,0.3,31.7,,,,,,
MURRINDINDI,2002,140,,,14,0.4,0.9,,0.3,31.7,,,,,,
MURRINDINDI,2003,135,,,14,0.4,0.9,,0.3,31.7,,,,,,
MURRINDINDI,2003,150,,,14,0.4,0.9,,0.3,31.7,,,,,,
MURRINDINDI,2003,145,,,14,0.4,0.9,,0.3,31.7,,,,,,
MURRINDINDI,2003,150,,,14,0.4,0.9,,0.3,31.7,,,,,,
MURRINDINDI,2004,150,,,14,0.4,0.9,,0.3,31.7,,,,,,
MURRINDINDI,2004,160,,,14,0.4,0.9,,0.3,31.7,,,,,,
MURRINDINDI,2004,155,,,14,0.4,0.9,,0.3,31.7,,,,,,
MURRINDINDI,2004,170,,,14,0.4,0.9,,0.3,31.7,,,,,,
MURRINDINDI,2005,165,,,14,0.4,0.9,,0.3,31.7,,,,,,
MURRINDINDI,2005,170,,,14,0.4,0.9,,0.3,31.7,,,,,,
MURRINDINDI,2005,150,,,14,0.4,0.9,,0.3,31.7,,,,,,
MURRINDINDI,2005,170,,,14,0.4,0.9,,0.3,31.7,,,,,,
MURRINDINDI,2006,175,,,14,0.4,0.9,,0.3,31.7,,,,,,
MURRINDINDI,2006,175,,,14,0.4,0.9,,0.3,31.7,,,,,,
MURRINDINDI,2006,175,,,14,0.4,0.9,,0.3,31.7,,,,,,
MURRINDINDI,2006,170,,,14,0.4,0.9,,0.3,31.7,,,,,,
MURRINDINDI,2007,180,,,14,0.4,0.9,,0.3,31.7,,,,,,
MURRINDINDI,2007,200,,,14,0.4,0.9,,0.3,31.7,,,,,,
MURRINDINDI,2007,178,,,14,0.4,0.9,,0.3,31.7,,,,,,
MURRINDINDI,2007,200,,,14,0.4,0.9,,0.3,31.7,,,,,,
MURRINDINDI,2008,190,,,14,0.4,0.9,,0.3,31.7,,,,,,
MURRINDINDI,2008,200,,,14,0.4,0.9,,0.3,31.7,,,,,,
MURRINDINDI,2008,200,,,14,0.4,0.9,,0.3,31.7,,,,,,
MURRINDINDI,2008,210,,,14,0.4,0.9,,0.3,31.7,,,,,,
MURRINDINDI,2009,220,,,14,0.4,0.9,,0.3,31.7,,,,,,
MURRINDINDI,2009,220,,,14,0.4,0.9,,0.3,31.7,,,,,,
MURRINDINDI,2009,230,,,14,0.4,0.9,,0.3,31.7,,,,,,
MURRINDINDI,2009,213,,,14,0.4,0.9,,0.3,31.7,,,,,,
MURRINDINDI,2010,210,,,14,0.4,0.9,,0.3,31.7,,,,,,
MURRINDINDI,2010,220,,,14,0.4,0.9,,0.3,31.7,,,,,,
MURRINDINDI,2010,225,,,14,0.4,0.9,,0.3,31.7,,,,,,
MURRINDINDI,2010,225,,,14,0.4,0.9,,0.3,31.7,,,,,,
MURRINDINDI,2011,233,,,14,0.4,0.9,,0.3,31.7,,,,,,
MURRINDINDI,2011,250,,,14,0.4,0.9,,0.3,31.7,,,,,,
MURRINDINDI,2011,230,,,14,0.4,0.9,,0.3,31.7,,,,,,
MURRINDINDI,2011,235,,,14,0.4,0.9,,0.3,31.7,,,,,,
MURRINDINDI,2012,245,,,14,0.4,0.9,,0.3,31.7,,,,,,
MURRINDINDI,2012,235,,,14,0.4,0.9,,0.3,31.7,,,,,,
MURRINDINDI,2012,250,,,14,0.4,0.9,,0.3,31.7,,,,,,
MURRINDINDI,2012,245,,,14,0.4,0.9,,0.3,31.7,,,,,,
MURRINDINDI,2013,240,,,14,0.4,0.9,,0.3,31.7,,,,,,
MURRINDINDI,2013,250,,,14,0.4,0.9,,0.3,31.7,,,,,,
MURRINDINDI,2013,235,,,14,0.4,0.9,,0.3,31.7,,,,,,
MURRINDINDI,2013,250,,,14,0.4,0.9,,0.3,31.7,,,,,,
MURRINDINDI,2014,261,,,14,0.4,0.9,,0.3,31.7,,,,,,
MURRINDINDI,2014,250,,,14,0.4,0.9,,0.3,31.7,,,,,,
MURRINDINDI,2014,250,,,14,0.4,0.9,,0.3,31.7,,,,,,
MURRINDINDI,2014,270,,,14,0.4,0.9,,0.3,31.7,,,,,,
MURRINDINDI,2015,250,,,14,0.4,0.9,,0.3,31.7,,,,,,
MURRINDINDI,2015,270,,,14,0.4,0.9,,0.3,31.7,,,,,,
MURRINDINDI,2015,250,,,14,0.4,0.9,,0.3,31.7,,,,,,
MURRINDINDI,2015,263,,,14,0.4,0.9,,0.3,31.7,,,,,,
MURRINDINDI,2016,265,714.0,,14,0.4,0.9,,0.3,31.7,,,,,,
MURRINDINDI,2016,273,714.0,,14,0.4,0.9,,0.3,31.7,,,,,,
MURRINDINDI,2016,268,714.0,,14,0.4,0.9,,0.3,31.7,,,,,,
MURRINDINDI,2016,280,714.0,,14,0.4,0.9,,0.3,31.7,,,,,,
MURRINDINDI,2017,270,715.0,,14,0.4,0.9,,0.3,31.7,,,,,,
MURRINDINDI,2017,275,715.0,,14,0.4,0.9,,0.3,31.7,,,,,,
MURRINDINDI,2017,280,715.0,,14,0.4,0.9,,0.3,31.7,,,,,,
MURRINDINDI,2017,290,715.0,,14,0.4,0.9,,0.3,31.7,,,,,,
MURRINDINDI,2018,300,717.0,,14,0.4,0.9,,0.3,31.7,,,,,,
MURRINDINDI,2018,290,717.0,,14,0.4,0.9,,0.3,31.7,,,,,,
MURRINDINDI,2018,280,717.0,,14,0.4,0.9,,0.3,31.7,,,,,,
MURRINDINDI,2018,290,717.0,,14,0.4,0.9,,0.3,31.7,,,,,,
MURRINDINDI,2019,280,810.0,,14,0.4,0.9,,0.3,31.7,,,,,,
MURRINDINDI,2019,310,810.0,,14,0.4,0.9,,0.3,31.7,,,,,,
MURRINDINDI,2019,300,810.0,,14,0.4,0.9,,0.3,31.7,,,,,,
MURRINDINDI,2019,300,810.0,,14,0.4,0.9,,0.3,31.7,,,,,,
MURRINDINDI,2020,300,896.0,,14,0.4,0.9,,0.3,31.7,,,,,,
MURRINDINDI,2020,320,896.0,,14,0.4,0.9,,0.3,31.7,,,,,,
MURRINDINDI,2020,315,896.0,,14,0.4,0.9,,0.3,31.7,,,,,,
MURRINDINDI,2020,318,896.0,,14,0.4,0.9,,0.3,31.7,,,,,,
MURRINDINDI,2021,323,808.0,,14,0.4,0.9,,0.3,31.7,,,,,,
MURRINDINDI,2021,350,808.0,,14,0.4,0.9,,0.3,31.7,,,,,,
MURRINDINDI,2021,358,808.0,,14,0.4,0.9,,0.3,31.7,,,,,,
MURRINDINDI,2021,340,808.0,,14,0.4,0.9,,0.3,31.7,,,,,,
MURRINDINDI,2022,360,749.0,,14,0.4,0.9,,0.3,31.7,,,,,,
MURRINDINDI,2022,365,749.0,,14,0.4,0.9,,0.3,31.7,,,,,,
MURRINDINDI,2022,340,749.0,,14,0.4,0.9,,0.3,31.7,,,,,,
MURRINDINDI,2022,370,749.0,,14,0.4,0.9,,0.3,31.7,,,,,,
MURRINDINDI,2023,400,826.0,,14,0.4,0.9,,0.3,31.7,,,,,,
MURRINDINDI,2023,395,826.0,,14,0.4,0.9,,0.3,31.7,,,,,,
MURRINDINDI,2023,385,826.0,,14,0.4,0.9,,0.3,31.7,,,,,,
MURRINDINDI,2023,393,826.0,,14,0.4,0.9,,0.3,31.7,,,,,,
MURRINDINDI,2024,405,640.0,,14,0.4,0.9,,0.3,31.7,,,,,,
MURRINDINDI,2024,380,640.0,,14,0.4,0.9,,0.3,31.7,,,,,,
MURRINDINDI,2024,405,640.0,,14,0.4,0.9,,0.3,31.7,,,,,,
MURRINDINDI,2024,390,640.0,,14,0.4,0.9,,0.3,31.7,,,,,,
MURRINDINDI,2025,400,885.0,,14,0.4,0.9,,0.3,31.7,,,,,,
MURRINDINDI,2025,420,885.0,,14,0.4,0.9,,0.3,31.7,,,,,,
MURRINDINDI,2025,400,885.0,,14,0.4,0.9,,0.3,31.7,,,,,,
NILLUMBIK,1999,200,,3.0,27,0.1,0.3,0.1,0.1,16.0,32 Civic Drive, Greensborough VIC 3088,-37.7032,145.1048,18.94,24.4
NILLUMBIK,1999,200,,3.0,27,0.1,0.3,0.1,0.1,16.0,32 Civic Drive, Greensborough VIC 3088,-37.7032,145.1048,18.94,24.4
NILLUMBIK,1999,200,,3.0,27,0.1,0.3,0.1,0.1,16.0,32 Civic Drive, Greensborough VIC 3088,-37.7032,145.1048,18.94,24.4
NILLUMBIK,2000,210,,3.0,27,0.1,0.3,0.1,0.1,16.0,32 Civic Drive, Greensborough VIC 3088,-37.7032,145.1048,18.94,24.4
NILLUMBIK,2000,215,,3.0,27,0.1,0.3,0.1,0.1,16.0,32 Civic Drive, Greensborough VIC 3088,-37.7032,145.1048,18.94,24.4
NILLUMBIK,2000,220,,3.0,27,0.1,0.3,0.1,0.1,16.0,32 Civic Drive, Greensborough VIC 3088,-37.7032,145.1048,18.94,24.4
NILLUMBIK,2000,216,,3.0,27,0.1,0.3,0.1,0.1,16.0,32 Civic Drive, Greensborough VIC 3088,-37.7032,145.1048,18.94,24.4
NILLUMBIK,2001,220,,3.0,27,0.1,0.3,0.1,0.1,16.0,32 Civic Drive, Greensborough VIC 3088,-37.7032,145.1048,18.94,24.4
NILLUMBIK,2001,220,,3.0,27,0.1,0.3,0.1,0.1,16.0,32 Civic Drive, Greensborough VIC 3088,-37.7032,145.1048,18.94,24.4
NILLUMBIK,2001,216,,3.0,27,0.1,0.3,0.1,0.1,16.0,32 Civic Drive, Greensborough VIC 3088,-37.7032,145.1048,18.94,24.4
NILLUMBIK,2001,230,,3.0,27,0.1,0.3,0.1,0.1,16.0,32 Civic Drive, Greensborough VIC 3088,-37.7032,145.1048,18.94,24.4
NILLUMBIK,2002,231,,3.0,27,0.1,0.3,0.1,0.1,16.0,32 Civic Drive, Greensborough VIC 3088,-37.7032,145.1048,18.94,24.4
NILLUMBIK,2002,235,,3.0,27,0.1,0.3,0.1,0.1,16.0,32 Civic Drive, Greensborough VIC 3088,-37.7032,145.1048,18.94,24.4
NILLUMBIK,2002,230,,3.0,27,0.1,0.3,0.1,0.1,16.0,32 Civic Drive, Greensborough VIC 3088,-37.7032,145.1048,18.94,24.4
NILLUMBIK,2002,230,,3.0,27,0.1,0.3,0.1,0.1,16.0,32 Civic Drive, Greensborough VIC 3088,-37.7032,145.1048,18.94,24.4
NILLUMBIK,2003,240,,3.0,27,0.1,0.3,0.1,0.1,16.0,32 Civic Drive, Greensborough VIC 3088,-37.7032,145.1048,18.94,24.4
NILLUMBIK,2003,245,,3.0,27,0.1,0.3,0.1,0.1,16.0,32 Civic Drive, Greensborough VIC 3088,-37.7032,145.1048,18.94,24.4
NILLUMBIK,2003,230,,3.0,27,0.1,0.3,0.1,0.1,16.0,32 Civic Drive, Greensborough VIC 3088,-37.7032,145.1048,18.94,24.4
NILLUMBIK,2003,245,,3.0,27,0.1,0.3,0.1,0.1,16.0,32 Civic Drive, Greensborough VIC 3088,-37.7032,145.1048,18.94,24.4
NILLUMBIK,2004,250,,3.0,27,0.1,0.3,0.1,0.1,16.0,32 Civic Drive, Greensborough VIC 3088,-37.7032,145.1048,18.94,24.4
NILLUMBIK,2004,250,,3.0,27,0.1,0.3,0.1,0.1,16.0,32 Civic Drive, Greensborough VIC 3088,-37.7032,145.1048,18.94,24.4
NILLUMBIK,2004,250,,3.0,27,0.1,0.3,0.1,0.1,16.0,32 Civic Drive, Greensborough VIC 3088,-37.7032,145.1048,18.94,24.4
NILLUMBIK,2004,245,,3.0,27,0.1,0.3,0.1,0.1,16.0,32 Civic Drive, Greensborough VIC 3088,-37.7032,145.1048,18.94,24.4
NILLUMBIK,2005,260,,3.0,27,0.1,0.3,0.1,0.1,16.0,32 Civic Drive, Greensborough VIC 3088,-37.7032,145.1048,18.94,24.4
NILLUMBIK,2005,260,,3.0,27,0.1,0.3,0.1,0.1,16.0,32 Civic Drive, Greensborough VIC 3088,-37.7032,145.1048,18.94,24.4
NILLUMBIK,2005,250,,3.0,27,0.1,0.3,0.1,0.1,16.0,32 Civic Drive, Greensborough VIC 3088,-37.7032,145.1048,18.94,24.4
NILLUMBIK,2005,290,,3.0,27,0.1,0.3,0.1,0.1,16.0,32 Civic Drive, Greensborough VIC 3088,-37.7032,145.1048,18.94,24.4
NILLUMBIK,2006,270,,3.0,27,0.1,0.3,0.1,0.1,16.0,32 Civic Drive, Greensborough VIC 3088,-37.7032,145.1048,18.94,24.4
NILLUMBIK,2006,270,,3.0,27,0.1,0.3,0.1,0.1,16.0,32 Civic Drive, Greensborough VIC 3088,-37.7032,145.1048,18.94,24.4
NILLUMBIK,2006,280,,3.0,27,0.1,0.3,0.1,0.1,16.0,32 Civic Drive, Greensborough VIC 3088,-37.7032,145.1048,18.94,24.4
NILLUMBIK,2006,280,,3.0,27,0.1,0.3,0.1,0.1,16.0,32 Civic Drive, Greensborough VIC 3088,-37.7032,145.1048,18.94,24.4
NILLUMBIK,2007,300,,3.0,27,0.1,0.3,0.1,0.1,16.0,32 Civic Drive, Greensborough VIC 3088,-37.7032,145.1048,18.94,24.4
NILLUMBIK,2007,310,,3.0,27,0.1,0.3,0.1,0.1,16.0,32 Civic Drive, Greensborough VIC 3088,-37.7032,145.1048,18.94,24.4
NILLUMBIK,2007,310,,3.0,27,0.1,0.3,0.1,0.1,16.0,32 Civic Drive, Greensborough VIC 3088,-37.7032,145.1048,18.94,24.4
NILLUMBIK,2007,325,,3.0,27,0.1,0.3,0.1,0.1,16.0,32 Civic Drive, Greensborough VIC 3088,-37.7032,145.1048,18.94,24.4
NILLUMBIK,2008,325,,3.0,27,0.1,0.3,0.1,0.1,16.0,32 Civic Drive, Greensborough VIC 3088,-37.7032,145.1048,18.94,24.4
NILLUMBIK,2008,338,,3.0,27,0.1,0.3,0.1,0.1,16.0,32 Civic Drive, Greensborough VIC 3088,-37.7032,145.1048,18.94,24.4
NILLUMBIK,2008,350,,3.0,27,0.1,0.3,0.1,0.1,16.0,32 Civic Drive, Greensborough VIC 3088,-37.7032,145.1048,18.94,24.4
NILLUMBIK,2008,345,,3.0,27,0.1,0.3,0.1,0.1,16.0,32 Civic Drive, Greensborough VIC 3088,-37.7032,145.1048,18.94,24.4
NILLUMBIK,2009,380,,3.0,27,0.1,0.3,0.1,0.1,16.0,32 Civic Drive, Greensborough VIC 3088,-37.7032,145.1048,18.94,24.4
NILLUMBIK,2009,378,,3.0,27,0.1,0.3,0.1,0.1,16.0,32 Civic Drive, Greensborough VIC 3088,-37.7032,145.1048,18.94,24.4
NILLUMBIK,2009,350,,3.0,27,0.1,0.3,0.1,0.1,16.0,32 Civic Drive, Greensborough VIC 3088,-37.7032,145.1048,18.94,24.4
NILLUMBIK,2009,360,,3.0,27,0.1,0.3,0.1,0.1,16.0,32 Civic Drive, Greensborough VIC 3088,-37.7032,145.1048,18.94,24.4
NILLUMBIK,2010,368,,3.0,27,0.1,0.3,0.1,0.1,16.0,32 Civic Drive, Greensborough VIC 3088,-37.7032,145.1048,18.94,24.4
NILLUMBIK,2010,363,,3.0,27,0.1,0.3,0.1,0.1,16.0,32 Civic Drive, Greensborough VIC 3088,-37.7032,145.1048,18.94,24.4
NILLUMBIK,2010,365,,3.0,27,0.1,0.3,0.1,0.1,16.0,32 Civic Drive, Greensborough VIC 3088,-37.7032,145.1048,18.94,24.4
NILLUMBIK,2010,380,,3.0,27,0.1,0.3,0.1,0.1,16.0,32 Civic Drive, Greensborough VIC 3088,-37.7032,145.1048,18.94,24.4
NILLUMBIK,2011,370,,3.0,27,0.1,0.3,0.1,0.1,16.0,32 Civic Drive, Greensborough VIC 3088,-37.7032,145.1048,18.94,24.4
NILLUMBIK,2011,380,,3.0,27,0.1,0.3,0.1,0.1,16.0,32 Civic Drive, Greensborough VIC 3088,-37.7032,145.1048,18.94,24.4
NILLUMBIK,2011,367,,3.0,27,0.1,0.3,0.1,0.1,16.0,32 Civic Drive, Greensborough VIC 3088,-37.7032,145.1048,18.94,24.4
NILLUMBIK,2011,360,,3.0,27,0.1,0.3,0.1,0.1,16.0,32 Civic Drive, Greensborough VIC 3088,-37.7032,145.1048,18.94,24.4
NILLUMBIK,2012,360,,3.0,27,0.1,0.3,0.1,0.1,16.0,32 Civic Drive, Greensborough VIC 3088,-37.7032,145.1048,18.94,24.4
NILLUMBIK,2012,350,,3.0,27,0.1,0.3,0.1,0.1,16.0,32 Civic Drive, Greensborough VIC 3088,-37.7032,145.1048,18.94,24.4
NILLUMBIK,2012,350,,3.0,27,0.1,0.3,0.1,0.1,16.0,32 Civic Drive, Greensborough VIC 3088,-37.7032,145.1048,18.94,24.4
NILLUMBIK,2012,350,,3.0,27,0.1,0.3,0.1,0.1,16.0,32 Civic Drive, Greensborough VIC 3088,-37.7032,145.1048,18.94,24.4
NILLUMBIK,2013,350,,3.0,27,0.1,0.3,0.1,0.1,16.0,32 Civic Drive, Greensborough VIC 3088,-37.7032,145.1048,18.94,24.4
NILLUMBIK,2013,345,,3.0,27,0.1,0.3,0.1,0.1,16.0,32 Civic Drive, Greensborough VIC 3088,-37.7032,145.1048,18.94,24.4
NILLUMBIK,2013,350,,3.0,27,0.1,0.3,0.1,0.1,16.0,32 Civic Drive, Greensborough VIC 3088,-37.7032,145.1048,18.94,24.4
NILLUMBIK,2013,350,,3.0,27,0.1,0.3,0.1,0.1,16.0,32 Civic Drive, Greensborough VIC 3088,-37.7032,145.1048,18.94,24.4
NILLUMBIK,2014,360,,3.0,27,0.1,0.3,0.1,0.1,16.0,32 Civic Drive, Greensborough VIC 3088,-37.7032,145.1048,18.94,24.4
NILLUMBIK,2014,370,,3.0,27,0.1,0.3,0.1,0.1,16.0,32 Civic Drive, Greensborough VIC 3088,-37.7032,145.1048,18.94,24.4
NILLUMBIK,2014,360,,3.0,27,0.1,0.3,0.1,0.1,16.0,32 Civic Drive, Greensborough VIC 3088,-37.7032,145.1048,18.94,24.4
NILLUMBIK,2014,360,,3.0,27,0.1,0.3,0.1,0.1,16.0,32 Civic Drive, Greensborough VIC 3088,-37.7032,145.1048,18.94,24.4
NILLUMBIK,2015,370,,3.0,27,0.1,0.3,0.1,0.1,16.0,32 Civic Drive, Greensborough VIC 3088,-37.7032,145.1048,18.94,24.4
NILLUMBIK,2015,360,,3.0,27,0.1,0.3,0.1,0.1,16.0,32 Civic Drive, Greensborough VIC 3088,-37.7032,145.1048,18.94,24.4
NILLUMBIK,2015,375,,3.0,27,0.1,0.3,0.1,0.1,16.0,32 Civic Drive, Greensborough VIC 3088,-37.7032,145.1048,18.94,24.4
NILLUMBIK,2015,365,,3.0,27,0.1,0.3,0.1,0.1,16.0,32 Civic Drive, Greensborough VIC 3088,-37.7032,145.1048,18.94,24.4
NILLUMBIK,2016,373,3189.0,3.0,27,0.1,0.3,0.1,0.1,16.0,32 Civic Drive, Greensborough VIC 3088,-37.7032,145.1048,18.94,24.4
NILLUMBIK,2016,370,3189.0,3.0,27,0.1,0.3,0.1,0.1,16.0,32 Civic Drive, Greensborough VIC 3088,-37.7032,145.1048,18.94,24.4
NILLUMBIK,2016,370,3189.0,3.0,27,0.1,0.3,0.1,0.1,16.0,32 Civic Drive, Greensborough VIC 3088,-37.7032,145.1048,18.94,24.4
NILLUMBIK,2016,375,3189.0,3.0,27,0.1,0.3,0.1,0.1,16.0,32 Civic Drive, Greensborough VIC 3088,-37.7032,145.1048,18.94,24.4
NILLUMBIK,2017,380,2334.0,3.0,27,0.1,0.3,0.1,0.1,16.0,32 Civic Drive, Greensborough VIC 3088,-37.7032,145.1048,18.94,24.4
NILLUMBIK,2017,390,2334.0,3.0,27,0.1,0.3,0.1,0.1,16.0,32 Civic Drive, Greensborough VIC 3088,-37.7032,145.1048,18.94,24.4
NILLUMBIK,2017,390,2334.0,3.0,27,0.1,0.3,0.1,0.1,16.0,32 Civic Drive, Greensborough VIC 3088,-37.7032,145.1048,18.94,24.4
NILLUMBIK,2017,390,2334.0,3.0,27,0.1,0.3,0.1,0.1,16.0,32 Civic Drive, Greensborough VIC 3088,-37.7032,145.1048,18.94,24.4
NILLUMBIK,2018,400,2110.0,3.0,27,0.1,0.3,0.1,0.1,16.0,32 Civic Drive, Greensborough VIC 3088,-37.7032,145.1048,18.94,24.4
NILLUMBIK,2018,400,2110.0,3.0,27,0.1,0.3,0.1,0.1,16.0,32 Civic Drive, Greensborough VIC 3088,-37.7032,145.1048,18.94,24.4
NILLUMBIK,2018,400,2110.0,3.0,27,0.1,0.3,0.1,0.1,16.0,32 Civic Drive, Greensborough VIC 3088,-37.7032,145.1048,18.94,24.4
NILLUMBIK,2018,400,2110.0,3.0,27,0.1,0.3,0.1,0.1,16.0,32 Civic Drive, Greensborough VIC 3088,-37.7032,145.1048,18.94,24.4
NILLUMBIK,2019,400,2233.0,3.0,27,0.1,0.3,0.1,0.1,16.0,32 Civic Drive, Greensborough VIC 3088,-37.7032,145.1048,18.94,24.4
NILLUMBIK,2019,410,2233.0,3.0,27,0.1,0.3,0.1,0.1,16.0,32 Civic Drive, Greensborough VIC 3088,-37.7032,145.1048,18.94,24.4
NILLUMBIK,2019,410,2233.0,3.0,27,0.1,0.3,0.1,0.1,16.0,32 Civic Drive, Greensborough VIC 3088,-37.7032,145.1048,18.94,24.4
NILLUMBIK,2019,420,2233.0,3.0,27,0.1,0.3,0.1,0.1,16.0,32 Civic Drive, Greensborough VIC 3088,-37.7032,145.1048,18.94,24.4
NILLUMBIK,2020,420,2287.0,3.0,27,0.1,0.3,0.1,0.1,16.0,32 Civic Drive, Greensborough VIC 3088,-37.7032,145.1048,18.94,24.4
NILLUMBIK,2020,410,2287.0,3.0,27,0.1,0.3,0.1,0.1,16.0,32 Civic Drive, Greensborough VIC 3088,-37.7032,145.1048,18.94,24.4
NILLUMBIK,2020,430,2287.0,3.0,27,0.1,0.3,0.1,0.1,16.0,32 Civic Drive, Greensborough VIC 3088,-37.7032,145.1048,18.94,24.4
NILLUMBIK,2020,420,2287.0,3.0,27,0.1,0.3,0.1,0.1,16.0,32 Civic Drive, Greensborough VIC 3088,-37.7032,145.1048,18.94,24.4
NILLUMBIK,2021,430,2203.0,3.0,27,0.1,0.3,0.1,0.1,16.0,32 Civic Drive, Greensborough VIC 3088,-37.7032,145.1048,18.94,24.4
NILLUMBIK,2021,430,2203.0,3.0,27,0.1,0.3,0.1,0.1,16.0,32 Civic Drive, Greensborough VIC 3088,-37.7032,145.1048,18.94,24.4
NILLUMBIK,2021,430,2203.0,3.0,27,0.1,0.3,0.1,0.1,16.0,32 Civic Drive, Greensborough VIC 3088,-37.7032,145.1048,18.94,24.4
NILLUMBIK,2021,450,2203.0,3.0,27,0.1,0.3,0.1,0.1,16.0,32 Civic Drive, Greensborough VIC 3088,-37.7032,145.1048,18.94,24.4
NILLUMBIK,2022,450,1604.0,3.0,27,0.1,0.3,0.1,0.1,16.0,32 Civic Drive, Greensborough VIC 3088,-37.7032,145.1048,18.94,24.4
NILLUMBIK,2022,443,1604.0,3.0,27,0.1,0.3,0.1,0.1,16.0,32 Civic Drive, Greensborough VIC 3088,-37.7032,145.1048,18.94,24.4
NILLUMBIK,2022,470,1604.0,3.0,27,0.1,0.3,0.1,0.1,16.0,32 Civic Drive, Greensborough VIC 3088,-37.7032,145.1048,18.94,24.4
NILLUMBIK,2022,460,1604.0,3.0,27,0.1,0.3,0.1,0.1,16.0,32 Civic Drive, Greensborough VIC 3088,-37.7032,145.1048,18.94,24.4
NILLUMBIK,2023,490,1786.0,3.0,27,0.1,0.3,0.1,0.1,16.0,32 Civic Drive, Greensborough VIC 3088,-37.7032,145.1048,18.94,24.4
NILLUMBIK,2023,500,1786.0,3.0,27,0.1,0.3,0.1,0.1,16.0,32 Civic Drive, Greensborough VIC 3088,-37.7032,145.1048,18.94,24.4
NILLUMBIK,2023,520,1786.0,3.0,27,0.1,0.3,0.1,0.1,16.0,32 Civic Drive, Greensborough VIC 3088,-37.7032,145.1048,18.94,24.4
NILLUMBIK,2023,540,1786.0,3.0,27,0.1,0.3,0.1,0.1,16.0,32 Civic Drive, Greensborough VIC 3088,-37.7032,145.1048,18.94,24.4
NILLUMBIK,2024,550,2282.0,3.0,27,0.1,0.3,0.1,0.1,16.0,32 Civic Drive, Greensborough VIC 3088,-37.7032,145.1048,18.94,24.4
NILLUMBIK,2024,570,2282.0,3.0,27,0.1,0.3,0.1,0.1,16.0,32 Civic Drive, Greensborough VIC 3088,-37.7032,145.1048,18.94,24.4
NILLUMBIK,2024,550,2282.0,3.0,27,0.1,0.3,0.1,0.1,16.0,32 Civic Drive, Greensborough VIC 3088,-37.7032,145.1048,18.94,24.4
NILLUMBIK,2024,580,2282.0,3.0,27,0.1,0.3,0.1,0.1,16.0,32 Civic Drive, Greensborough VIC 3088,-37.7032,145.1048,18.94,24.4
NILLUMBIK,2025,599,2353.0,3.0,27,0.1,0.3,0.1,0.1,16.0,32 Civic Drive, Greensborough VIC 3088,-37.7032,145.1048,18.94,24.4
NILLUMBIK,2025,570,2353.0,3.0,27,0.1,0.3,0.1,0.1,16.0,32 Civic Drive, Greensborough VIC 3088,-37.7032,145.1048,18.94,24.4
NILLUMBIK,2025,580,2353.0,3.0,27,0.1,0.3,0.1,0.1,16.0,32 Civic Drive, Greensborough VIC 3088,-37.7032,145.1048,18.94,24.4
NORTHERN GRAMPIANS,1999,105,,,13,0.5,1.4,0.4,0.3,31.7,,,,,,
NORTHERN GRAMPIANS,1999,110,,,13,0.5,1.4,0.4,0.3,31.7,,,,,,
NORTHERN GRAMPIANS,1999,110,,,13,0.5,1.4,0.4,0.3,31.7,,,,,,
NORTHERN GRAMPIANS,2000,110,,,13,0.5,1.4,0.4,0.3,31.7,,,,,,
NORTHERN GRAMPIANS,2000,110,,,13,0.5,1.4,0.4,0.3,31.7,,,,,,
NORTHERN GRAMPIANS,2000,100,,,13,0.5,1.4,0.4,0.3,31.7,,,,,,
NORTHERN GRAMPIANS,2000,115,,,13,0.5,1.4,0.4,0.3,31.7,,,,,,
NORTHERN GRAMPIANS,2001,117,,,13,0.5,1.4,0.4,0.3,31.7,,,,,,
NORTHERN GRAMPIANS,2001,115,,,13,0.5,1.4,0.4,0.3,31.7,,,,,,
NORTHERN GRAMPIANS,2001,115,,,13,0.5,1.4,0.4,0.3,31.7,,,,,,
NORTHERN GRAMPIANS,2001,115,,,13,0.5,1.4,0.4,0.3,31.7,,,,,,
NORTHERN GRAMPIANS,2002,110,,,13,0.5,1.4,0.4,0.3,31.7,,,,,,
NORTHERN GRAMPIANS,2002,118,,,13,0.5,1.4,0.4,0.3,31.7,,,,,,
NORTHERN GRAMPIANS,2002,120,,,13,0.5,1.4,0.4,0.3,31.7,,,,,,
NORTHERN GRAMPIANS,2002,123,,,13,0.5,1.4,0.4,0.3,31.7,,,,,,
NORTHERN GRAMPIANS,2003,120,,,13,0.5,1.4,0.4,0.3,31.7,,,,,,
NORTHERN GRAMPIANS,2003,120,,,13,0.5,1.4,0.4,0.3,31.7,,,,,,
NORTHERN GRAMPIANS,2003,125,,,13,0.5,1.4,0.4,0.3,31.7,,,,,,
NORTHERN GRAMPIANS,2003,125,,,13,0.5,1.4,0.4,0.3,31.7,,,,,,
NORTHERN GRAMPIANS,2004,125,,,13,0.5,1.4,0.4,0.3,31.7,,,,,,
NORTHERN GRAMPIANS,2004,130,,,13,0.5,1.4,0.4,0.3,31.7,,,,,,
NORTHERN GRAMPIANS,2004,130,,,13,0.5,1.4,0.4,0.3,31.7,,,,,,
NORTHERN GRAMPIANS,2004,125,,,13,0.5,1.4,0.4,0.3,31.7,,,,,,
NORTHERN GRAMPIANS,2005,135,,,13,0.5,1.4,0.4,0.3,31.7,,,,,,
NORTHERN GRAMPIANS,2005,132,,,13,0.5,1.4,0.4,0.3,31.7,,,,,,
NORTHERN GRAMPIANS,2005,135,,,13,0.5,1.4,0.4,0.3,31.7,,,,,,
NORTHERN GRAMPIANS,2005,130,,,13,0.5,1.4,0.4,0.3,31.7,,,,,,
NORTHERN GRAMPIANS,2006,140,,,13,0.5,1.4,0.4,0.3,31.7,,,,,,
NORTHERN GRAMPIANS,2006,140,,,13,0.5,1.4,0.4,0.3,31.7,,,,,,
NORTHERN GRAMPIANS,2006,135,,,13,0.5,1.4,0.4,0.3,31.7,,,,,,
NORTHERN GRAMPIANS,2006,140,,,13,0.5,1.4,0.4,0.3,31.7,,,,,,
NORTHERN GRAMPIANS,2007,140,,,13,0.5,1.4,0.4,0.3,31.7,,,,,,
NORTHERN GRAMPIANS,2007,138,,,13,0.5,1.4,0.4,0.3,31.7,,,,,,
NORTHERN GRAMPIANS,2007,145,,,13,0.5,1.4,0.4,0.3,31.7,,,,,,
NORTHERN GRAMPIANS,2007,140,,,13,0.5,1.4,0.4,0.3,31.7,,,,,,
NORTHERN GRAMPIANS,2008,150,,,13,0.5,1.4,0.4,0.3,31.7,,,,,,
NORTHERN GRAMPIANS,2008,140,,,13,0.5,1.4,0.4,0.3,31.7,,,,,,
NORTHERN GRAMPIANS,2008,140,,,13,0.5,1.4,0.4,0.3,31.7,,,,,,
NORTHERN GRAMPIANS,2008,150,,,13,0.5,1.4,0.4,0.3,31.7,,,,,,
NORTHERN GRAMPIANS,2009,150,,,13,0.5,1.4,0.4,0.3,31.7,,,,,,
NORTHERN GRAMPIANS,2009,150,,,13,0.5,1.4,0.4,0.3,31.7,,,,,,
NORTHERN GRAMPIANS,2009,145,,,13,0.5,1.4,0.4,0.3,31.7,,,,,,
NORTHERN GRAMPIANS,2009,155,,,13,0.5,1.4,0.4,0.3,31.7,,,,,,
NORTHERN GRAMPIANS,2010,150,,,13,0.5,1.4,0.4,0.3,31.7,,,,,,
NORTHERN GRAMPIANS,2010,150,,,13,0.5,1.4,0.4,0.3,31.7,,,,,,
NORTHERN GRAMPIANS,2010,160,,,13,0.5,1.4,0.4,0.3,31.7,,,,,,
NORTHERN GRAMPIANS,2010,160,,,13,0.5,1.4,0.4,0.3,31.7,,,,,,
NORTHERN GRAMPIANS,2011,160,,,13,0.5,1.4,0.4,0.3,31.7,,,,,,
NORTHERN GRAMPIANS,2011,165,,,13,0.5,1.4,0.4,0.3,31.7,,,,,,
NORTHERN GRAMPIANS,2011,165,,,13,0.5,1.4,0.4,0.3,31.7,,,,,,
NORTHERN GRAMPIANS,2011,163,,,13,0.5,1.4,0.4,0.3,31.7,,,,,,
NORTHERN GRAMPIANS,2012,183,,,13,0.5,1.4,0.4,0.3,31.7,,,,,,
NORTHERN GRAMPIANS,2012,183,,,13,0.5,1.4,0.4,0.3,31.7,,,,,,
NORTHERN GRAMPIANS,2012,170,,,13,0.5,1.4,0.4,0.3,31.7,,,,,,
NORTHERN GRAMPIANS,2012,180,,,13,0.5,1.4,0.4,0.3,31.7,,,,,,
NORTHERN GRAMPIANS,2013,185,,,13,0.5,1.4,0.4,0.3,31.7,,,,,,
NORTHERN GRAMPIANS,2013,180,,,13,0.5,1.4,0.4,0.3,31.7,,,,,,
NORTHERN GRAMPIANS,2013,200,,,13,0.5,1.4,0.4,0.3,31.7,,,,,,
NORTHERN GRAMPIANS,2013,178,,,13,0.5,1.4,0.4,0.3,31.7,,,,,,
NORTHERN GRAMPIANS,2014,180,,,13,0.5,1.4,0.4,0.3,31.7,,,,,,
NORTHERN GRAMPIANS,2014,200,,,13,0.5,1.4,0.4,0.3,31.7,,,,,,
NORTHERN GRAMPIANS,2014,200,,,13,0.5,1.4,0.4,0.3,31.7,,,,,,
NORTHERN GRAMPIANS,2014,190,,,13,0.5,1.4,0.4,0.3,31.7,,,,,,
NORTHERN GRAMPIANS,2015,190,,,13,0.5,1.4,0.4,0.3,31.7,,,,,,
NORTHERN GRAMPIANS,2015,190,,,13,0.5,1.4,0.4,0.3,31.7,,,,,,
NORTHERN GRAMPIANS,2015,200,,,13,0.5,1.4,0.4,0.3,31.7,,,,,,
NORTHERN GRAMPIANS,2015,215,,,13,0.5,1.4,0.4,0.3,31.7,,,,,,
NORTHERN GRAMPIANS,2016,200,1346.0,,13,0.5,1.4,0.4,0.3,31.7,,,,,,
NORTHERN GRAMPIANS,2016,220,1346.0,,13,0.5,1.4,0.4,0.3,31.7,,,,,,
NORTHERN GRAMPIANS,2016,185,1346.0,,13,0.5,1.4,0.4,0.3,31.7,,,,,,
NORTHERN GRAMPIANS,2016,190,1346.0,,13,0.5,1.4,0.4,0.3,31.7,,,,,,
NORTHERN GRAMPIANS,2017,210,1055.0,,13,0.5,1.4,0.4,0.3,31.7,,,,,,
NORTHERN GRAMPIANS,2017,200,1055.0,,13,0.5,1.4,0.4,0.3,31.7,,,,,,
NORTHERN GRAMPIANS,2017,210,1055.0,,13,0.5,1.4,0.4,0.3,31.7,,,,,,
NORTHERN GRAMPIANS,2017,180,1055.0,,13,0.5,1.4,0.4,0.3,31.7,,,,,,
NORTHERN GRAMPIANS,2018,210,988.0,,13,0.5,1.4,0.4,0.3,31.7,,,,,,
NORTHERN GRAMPIANS,2018,220,988.0,,13,0.5,1.4,0.4,0.3,31.7,,,,,,
NORTHERN GRAMPIANS,2018,230,988.0,,13,0.5,1.4,0.4,0.3,31.7,,,,,,
NORTHERN GRAMPIANS,2018,220,988.0,,13,0.5,1.4,0.4,0.3,31.7,,,,,,
NORTHERN GRAMPIANS,2019,220,1104.0,,13,0.5,1.4,0.4,0.3,31.7,,,,,,
NORTHERN GRAMPIANS,2019,230,1104.0,,13,0.5,1.4,0.4,0.3,31.7,,,,,,
NORTHERN GRAMPIANS,2019,265,1104.0,,13,0.5,1.4,0.4,0.3,31.7,,,,,,
NORTHERN GRAMPIANS,2019,250,1104.0,,13,0.5,1.4,0.4,0.3,31.7,,,,,,
NORTHERN GRAMPIANS,2020,230,1192.0,,13,0.5,1.4,0.4,0.3,31.7,,,,,,
NORTHERN GRAMPIANS,2020,250,1192.0,,13,0.5,1.4,0.4,0.3,31.7,,,,,,
NORTHERN GRAMPIANS,2020,250,1192.0,,13,0.5,1.4,0.4,0.3,31.7,,,,,,
NORTHERN GRAMPIANS,2020,270,1192.0,,13,0.5,1.4,0.4,0.3,31.7,,,,,,
NORTHERN GRAMPIANS,2021,245,1093.0,,13,0.5,1.4,0.4,0.3,31.7,,,,,,
NORTHERN GRAMPIANS,2021,270,1093.0,,13,0.5,1.4,0.4,0.3,31.7,,,,,,
NORTHERN GRAMPIANS,2021,275,1093.0,,13,0.5,1.4,0.4,0.3,31.7,,,,,,
NORTHERN GRAMPIANS,2021,290,1093.0,,13,0.5,1.4,0.4,0.3,31.7,,,,,,
NORTHERN GRAMPIANS,2022,270,984.0,,13,0.5,1.4,0.4,0.3,31.7,,,,,,
NORTHERN GRAMPIANS,2022,290,984.0,,13,0.5,1.4,0.4,0.3,31.7,,,,,,
NORTHERN GRAMPIANS,2022,300,984.0,,13,0.5,1.4,0.4,0.3,31.7,,,,,,
NORTHERN GRAMPIANS,2022,315,984.0,,13,0.5,1.4,0.4,0.3,31.7,,,,,,
NORTHERN GRAMPIANS,2023,315,1078.0,,13,0.5,1.4,0.4,0.3,31.7,,,,,,
NORTHERN GRAMPIANS,2023,325,1078.0,,13,0.5,1.4,0.4,0.3,31.7,,,,,,
NORTHERN GRAMPIANS,2023,330,1078.0,,13,0.5,1.4,0.4,0.3,31.7,,,,,,
NORTHERN GRAMPIANS,2023,340,1078.0,,13,0.5,1.4,0.4,0.3,31.7,,,,,,
NORTHERN GRAMPIANS,2024,350,1270.0,,13,0.5,1.4,0.4,0.3,31.7,,,,,,
NORTHERN GRAMPIANS,2024,330,1270.0,,13,0.5,1.4,0.4,0.3,31.7,,,,,,
NORTHERN GRAMPIANS,2024,361,1270.0,,13,0.5,1.4,0.4,0.3,31.7,,,,,,
NORTHERN GRAMPIANS,2024,385,1270.0,,13,0.5,1.4,0.4,0.3,31.7,,,,,,
NORTHERN GRAMPIANS,2025,365,1584.0,,13,0.5,1.4,0.4,0.3,31.7,,,,,,
NORTHERN GRAMPIANS,2025,388,1584.0,,13,0.5,1.4,0.4,0.3,31.7,,,,,,
NORTHERN GRAMPIANS,2025,400,1584.0,,13,0.5,1.4,0.4,0.3,31.7,,,,,,
PORT PHILLIP,1999,205,,3.0,21,0.4,0.9,0.3,0.3,20.9,99a Carlisle Street, St Kilda VIC 3182,-37.8676,144.9813,6.31,8.4
PORT PHILLIP,1999,211,,3.0,21,0.4,0.9,0.3,0.3,20.9,99a Carlisle Street, St Kilda VIC 3182,-37.8676,144.9813,6.31,8.4
PORT PHILLIP,1999,220,,3.0,21,0.4,0.9,0.3,0.3,20.9,99a Carlisle Street, St Kilda VIC 3182,-37.8676,144.9813,6.31,8.4
PORT PHILLIP,2000,220,,3.0,21,0.4,0.9,0.3,0.3,20.9,99a Carlisle Street, St Kilda VIC 3182,-37.8676,144.9813,6.31,8.4
PORT PHILLIP,2000,220,,3.0,21,0.4,0.9,0.3,0.3,20.9,99a Carlisle Street, St Kilda VIC 3182,-37.8676,144.9813,6.31,8.4
PORT PHILLIP,2000,220,,3.0,21,0.4,0.9,0.3,0.3,20.9,99a Carlisle Street, St Kilda VIC 3182,-37.8676,144.9813,6.31,8.4
PORT PHILLIP,2000,235,,3.0,21,0.4,0.9,0.3,0.3,20.9,99a Carlisle Street, St Kilda VIC 3182,-37.8676,144.9813,6.31,8.4
PORT PHILLIP,2001,240,,3.0,21,0.4,0.9,0.3,0.3,20.9,99a Carlisle Street, St Kilda VIC 3182,-37.8676,144.9813,6.31,8.4
PORT PHILLIP,2001,245,,3.0,21,0.4,0.9,0.3,0.3,20.9,99a Carlisle Street, St Kilda VIC 3182,-37.8676,144.9813,6.31,8.4
PORT PHILLIP,2001,240,,3.0,21,0.4,0.9,0.3,0.3,20.9,99a Carlisle Street, St Kilda VIC 3182,-37.8676,144.9813,6.31,8.4
PORT PHILLIP,2001,250,,3.0,21,0.4,0.9,0.3,0.3,20.9,99a Carlisle Street, St Kilda VIC 3182,-37.8676,144.9813,6.31,8.4
PORT PHILLIP,2002,250,,3.0,21,0.4,0.9,0.3,0.3,20.9,99a Carlisle Street, St Kilda VIC 3182,-37.8676,144.9813,6.31,8.4
PORT PHILLIP,2002,250,,3.0,21,0.4,0.9,0.3,0.3,20.9,99a Carlisle Street, St Kilda VIC 3182,-37.8676,144.9813,6.31,8.4
PORT PHILLIP,2002,250,,3.0,21,0.4,0.9,0.3,0.3,20.9,99a Carlisle Street, St Kilda VIC 3182,-37.8676,144.9813,6.31,8.4
PORT PHILLIP,2002,250,,3.0,21,0.4,0.9,0.3,0.3,20.9,99a Carlisle Street, St Kilda VIC 3182,-37.8676,144.9813,6.31,8.4
PORT PHILLIP,2003,250,,3.0,21,0.4,0.9,0.3,0.3,20.9,99a Carlisle Street, St Kilda VIC 3182,-37.8676,144.9813,6.31,8.4
PORT PHILLIP,2003,260,,3.0,21,0.4,0.9,0.3,0.3,20.9,99a Carlisle Street, St Kilda VIC 3182,-37.8676,144.9813,6.31,8.4
PORT PHILLIP,2003,255,,3.0,21,0.4,0.9,0.3,0.3,20.9,99a Carlisle Street, St Kilda VIC 3182,-37.8676,144.9813,6.31,8.4
PORT PHILLIP,2003,260,,3.0,21,0.4,0.9,0.3,0.3,20.9,99a Carlisle Street, St Kilda VIC 3182,-37.8676,144.9813,6.31,8.4
PORT PHILLIP,2004,265,,3.0,21,0.4,0.9,0.3,0.3,20.9,99a Carlisle Street, St Kilda VIC 3182,-37.8676,144.9813,6.31,8.4
PORT PHILLIP,2004,265,,3.0,21,0.4,0.9,0.3,0.3,20.9,99a Carlisle Street, St Kilda VIC 3182,-37.8676,144.9813,6.31,8.4
PORT PHILLIP,2004,260,,3.0,21,0.4,0.9,0.3,0.3,20.9,99a Carlisle Street, St Kilda VIC 3182,-37.8676,144.9813,6.31,8.4
PORT PHILLIP,2004,270,,3.0,21,0.4,0.9,0.3,0.3,20.9,99a Carlisle Street, St Kilda VIC 3182,-37.8676,144.9813,6.31,8.4
PORT PHILLIP,2005,270,,3.0,21,0.4,0.9,0.3,0.3,20.9,99a Carlisle Street, St Kilda VIC 3182,-37.8676,144.9813,6.31,8.4
PORT PHILLIP,2005,270,,3.0,21,0.4,0.9,0.3,0.3,20.9,99a Carlisle Street, St Kilda VIC 3182,-37.8676,144.9813,6.31,8.4
PORT PHILLIP,2005,270,,3.0,21,0.4,0.9,0.3,0.3,20.9,99a Carlisle Street, St Kilda VIC 3182,-37.8676,144.9813,6.31,8.4
PORT PHILLIP,2005,270,,3.0,21,0.4,0.9,0.3,0.3,20.9,99a Carlisle Street, St Kilda VIC 3182,-37.8676,144.9813,6.31,8.4
PORT PHILLIP,2006,275,,3.0,21,0.4,0.9,0.3,0.3,20.9,99a Carlisle Street, St Kilda VIC 3182,-37.8676,144.9813,6.31,8.4
PORT PHILLIP,2006,295,,3.0,21,0.4,0.9,0.3,0.3,20.9,99a Carlisle Street, St Kilda VIC 3182,-37.8676,144.9813,6.31,8.4
PORT PHILLIP,2006,290,,3.0,21,0.4,0.9,0.3,0.3,20.9,99a Carlisle Street, St Kilda VIC 3182,-37.8676,144.9813,6.31,8.4
PORT PHILLIP,2006,300,,3.0,21,0.4,0.9,0.3,0.3,20.9,99a Carlisle Street, St Kilda VIC 3182,-37.8676,144.9813,6.31,8.4
PORT PHILLIP,2007,315,,3.0,21,0.4,0.9,0.3,0.3,20.9,99a Carlisle Street, St Kilda VIC 3182,-37.8676,144.9813,6.31,8.4
PORT PHILLIP,2007,320,,3.0,21,0.4,0.9,0.3,0.3,20.9,99a Carlisle Street, St Kilda VIC 3182,-37.8676,144.9813,6.31,8.4
PORT PHILLIP,2007,330,,3.0,21,0.4,0.9,0.3,0.3,20.9,99a Carlisle Street, St Kilda VIC 3182,-37.8676,144.9813,6.31,8.4
PORT PHILLIP,2007,340,,3.0,21,0.4,0.9,0.3,0.3,20.9,99a Carlisle Street, St Kilda VIC 3182,-37.8676,144.9813,6.31,8.4
PORT PHILLIP,2008,350,,3.0,21,0.4,0.9,0.3,0.3,20.9,99a Carlisle Street, St Kilda VIC 3182,-37.8676,144.9813,6.31,8.4
PORT PHILLIP,2008,350,,3.0,21,0.4,0.9,0.3,0.3,20.9,99a Carlisle Street, St Kilda VIC 3182,-37.8676,144.9813,6.31,8.4
PORT PHILLIP,2008,360,,3.0,21,0.4,0.9,0.3,0.3,20.9,99a Carlisle Street, St Kilda VIC 3182,-37.8676,144.9813,6.31,8.4
PORT PHILLIP,2008,360,,3.0,21,0.4,0.9,0.3,0.3,20.9,99a Carlisle Street, St Kilda VIC 3182,-37.8676,144.9813,6.31,8.4
PORT PHILLIP,2009,370,,3.0,21,0.4,0.9,0.3,0.3,20.9,99a Carlisle Street, St Kilda VIC 3182,-37.8676,144.9813,6.31,8.4
PORT PHILLIP,2009,370,,3.0,21,0.4,0.9,0.3,0.3,20.9,99a Carlisle Street, St Kilda VIC 3182,-37.8676,144.9813,6.31,8.4
PORT PHILLIP,2009,375,,3.0,21,0.4,0.9,0.3,0.3,20.9,99a Carlisle Street, St Kilda VIC 3182,-37.8676,144.9813,6.31,8.4
PORT PHILLIP,2009,375,,3.0,21,0.4,0.9,0.3,0.3,20.9,99a Carlisle Street, St Kilda VIC 3182,-37.8676,144.9813,6.31,8.4
PORT PHILLIP,2010,384,,3.0,21,0.4,0.9,0.3,0.3,20.9,99a Carlisle Street, St Kilda VIC 3182,-37.8676,144.9813,6.31,8.4
PORT PHILLIP,2010,390,,3.0,21,0.4,0.9,0.3,0.3,20.9,99a Carlisle Street, St Kilda VIC 3182,-37.8676,144.9813,6.31,8.4
PORT PHILLIP,2010,390,,3.0,21,0.4,0.9,0.3,0.3,20.9,99a Carlisle Street, St Kilda VIC 3182,-37.8676,144.9813,6.31,8.4
PORT PHILLIP,2010,395,,3.0,21,0.4,0.9,0.3,0.3,20.9,99a Carlisle Street, St Kilda VIC 3182,-37.8676,144.9813,6.31,8.4
PORT PHILLIP,2011,410,,3.0,21,0.4,0.9,0.3,0.3,20.9,99a Carlisle Street, St Kilda VIC 3182,-37.8676,144.9813,6.31,8.4
PORT PHILLIP,2011,400,,3.0,21,0.4,0.9,0.3,0.3,20.9,99a Carlisle Street, St Kilda VIC 3182,-37.8676,144.9813,6.31,8.4
PORT PHILLIP,2011,400,,3.0,21,0.4,0.9,0.3,0.3,20.9,99a Carlisle Street, St Kilda VIC 3182,-37.8676,144.9813,6.31,8.4
PORT PHILLIP,2011,410,,3.0,21,0.4,0.9,0.3,0.3,20.9,99a Carlisle Street, St Kilda VIC 3182,-37.8676,144.9813,6.31,8.4
PORT PHILLIP,2012,415,,3.0,21,0.4,0.9,0.3,0.3,20.9,99a Carlisle Street, St Kilda VIC 3182,-37.8676,144.9813,6.31,8.4
PORT PHILLIP,2012,420,,3.0,21,0.4,0.9,0.3,0.3,20.9,99a Carlisle Street, St Kilda VIC 3182,-37.8676,144.9813,6.31,8.4
PORT PHILLIP,2012,410,,3.0,21,0.4,0.9,0.3,0.3,20.9,99a Carlisle Street, St Kilda VIC 3182,-37.8676,144.9813,6.31,8.4
PORT PHILLIP,2012,420,,3.0,21,0.4,0.9,0.3,0.3,20.9,99a Carlisle Street, St Kilda VIC 3182,-37.8676,144.9813,6.31,8.4
PORT PHILLIP,2013,415,,3.0,21,0.4,0.9,0.3,0.3,20.9,99a Carlisle Street, St Kilda VIC 3182,-37.8676,144.9813,6.31,8.4
PORT PHILLIP,2013,410,,3.0,21,0.4,0.9,0.3,0.3,20.9,99a Carlisle Street, St Kilda VIC 3182,-37.8676,144.9813,6.31,8.4
PORT PHILLIP,2013,410,,3.0,21,0.4,0.9,0.3,0.3,20.9,99a Carlisle Street, St Kilda VIC 3182,-37.8676,144.9813,6.31,8.4
PORT PHILLIP,2013,420,,3.0,21,0.4,0.9,0.3,0.3,20.9,99a Carlisle Street, St Kilda VIC 3182,-37.8676,144.9813,6.31,8.4
PORT PHILLIP,2014,420,,3.0,21,0.4,0.9,0.3,0.3,20.9,99a Carlisle Street, St Kilda VIC 3182,-37.8676,144.9813,6.31,8.4
PORT PHILLIP,2014,400,,3.0,21,0.4,0.9,0.3,0.3,20.9,99a Carlisle Street, St Kilda VIC 3182,-37.8676,144.9813,6.31,8.4
PORT PHILLIP,2014,415,,3.0,21,0.4,0.9,0.3,0.3,20.9,99a Carlisle Street, St Kilda VIC 3182,-37.8676,144.9813,6.31,8.4
PORT PHILLIP,2014,420,,3.0,21,0.4,0.9,0.3,0.3,20.9,99a Carlisle Street, St Kilda VIC 3182,-37.8676,144.9813,6.31,8.4
PORT PHILLIP,2015,410,,3.0,21,0.4,0.9,0.3,0.3,20.9,99a Carlisle Street, St Kilda VIC 3182,-37.8676,144.9813,6.31,8.4
PORT PHILLIP,2015,425,,3.0,21,0.4,0.9,0.3,0.3,20.9,99a Carlisle Street, St Kilda VIC 3182,-37.8676,144.9813,6.31,8.4
PORT PHILLIP,2015,423,,3.0,21,0.4,0.9,0.3,0.3,20.9,99a Carlisle Street, St Kilda VIC 3182,-37.8676,144.9813,6.31,8.4
PORT PHILLIP,2015,420,,3.0,21,0.4,0.9,0.3,0.3,20.9,99a Carlisle Street, St Kilda VIC 3182,-37.8676,144.9813,6.31,8.4
PORT PHILLIP,2016,435,13623.0,3.0,21,0.4,0.9,0.3,0.3,20.9,99a Carlisle Street, St Kilda VIC 3182,-37.8676,144.9813,6.31,8.4
PORT PHILLIP,2016,430,13623.0,3.0,21,0.4,0.9,0.3,0.3,20.9,99a Carlisle Street, St Kilda VIC 3182,-37.8676,144.9813,6.31,8.4
PORT PHILLIP,2016,440,13623.0,3.0,21,0.4,0.9,0.3,0.3,20.9,99a Carlisle Street, St Kilda VIC 3182,-37.8676,144.9813,6.31,8.4
PORT PHILLIP,2016,440,13623.0,3.0,21,0.4,0.9,0.3,0.3,20.9,99a Carlisle Street, St Kilda VIC 3182,-37.8676,144.9813,6.31,8.4
PORT PHILLIP,2017,450,12511.0,3.0,21,0.4,0.9,0.3,0.3,20.9,99a Carlisle Street, St Kilda VIC 3182,-37.8676,144.9813,6.31,8.4
PORT PHILLIP,2017,450,12511.0,3.0,21,0.4,0.9,0.3,0.3,20.9,99a Carlisle Street, St Kilda VIC 3182,-37.8676,144.9813,6.31,8.4
PORT PHILLIP,2017,430,12511.0,3.0,21,0.4,0.9,0.3,0.3,20.9,99a Carlisle Street, St Kilda VIC 3182,-37.8676,144.9813,6.31,8.4
PORT PHILLIP,2017,460,12511.0,3.0,21,0.4,0.9,0.3,0.3,20.9,99a Carlisle Street, St Kilda VIC 3182,-37.8676,144.9813,6.31,8.4
PORT PHILLIP,2018,460,13102.0,3.0,21,0.4,0.9,0.3,0.3,20.9,99a Carlisle Street, St Kilda VIC 3182,-37.8676,144.9813,6.31,8.4
PORT PHILLIP,2018,460,13102.0,3.0,21,0.4,0.9,0.3,0.3,20.9,99a Carlisle Street, St Kilda VIC 3182,-37.8676,144.9813,6.31,8.4
PORT PHILLIP,2018,460,13102.0,3.0,21,0.4,0.9,0.3,0.3,20.9,99a Carlisle Street, St Kilda VIC 3182,-37.8676,144.9813,6.31,8.4
PORT PHILLIP,2018,470,13102.0,3.0,21,0.4,0.9,0.3,0.3,20.9,99a Carlisle Street, St Kilda VIC 3182,-37.8676,144.9813,6.31,8.4
PORT PHILLIP,2019,475,12558.0,3.0,21,0.4,0.9,0.3,0.3,20.9,99a Carlisle Street, St Kilda VIC 3182,-37.8676,144.9813,6.31,8.4
PORT PHILLIP,2019,470,12558.0,3.0,21,0.4,0.9,0.3,0.3,20.9,99a Carlisle Street, St Kilda VIC 3182,-37.8676,144.9813,6.31,8.4
PORT PHILLIP,2019,460,12558.0,3.0,21,0.4,0.9,0.3,0.3,20.9,99a Carlisle Street, St Kilda VIC 3182,-37.8676,144.9813,6.31,8.4
PORT PHILLIP,2019,475,12558.0,3.0,21,0.4,0.9,0.3,0.3,20.9,99a Carlisle Street, St Kilda VIC 3182,-37.8676,144.9813,6.31,8.4
PORT PHILLIP,2020,480,13579.0,3.0,21,0.4,0.9,0.3,0.3,20.9,99a Carlisle Street, St Kilda VIC 3182,-37.8676,144.9813,6.31,8.4
PORT PHILLIP,2020,450,13579.0,3.0,21,0.4,0.9,0.3,0.3,20.9,99a Carlisle Street, St Kilda VIC 3182,-37.8676,144.9813,6.31,8.4
PORT PHILLIP,2020,435,13579.0,3.0,21,0.4,0.9,0.3,0.3,20.9,99a Carlisle Street, St Kilda VIC 3182,-37.8676,144.9813,6.31,8.4
PORT PHILLIP,2020,430,13579.0,3.0,21,0.4,0.9,0.3,0.3,20.9,99a Carlisle Street, St Kilda VIC 3182,-37.8676,144.9813,6.31,8.4
PORT PHILLIP,2021,410,12351.0,3.0,21,0.4,0.9,0.3,0.3,20.9,99a Carlisle Street, St Kilda VIC 3182,-37.8676,144.9813,6.31,8.4
PORT PHILLIP,2021,400,12351.0,3.0,21,0.4,0.9,0.3,0.3,20.9,99a Carlisle Street, St Kilda VIC 3182,-37.8676,144.9813,6.31,8.4
PORT PHILLIP,2021,400,12351.0,3.0,21,0.4,0.9,0.3,0.3,20.9,99a Carlisle Street, St Kilda VIC 3182,-37.8676,144.9813,6.31,8.4
PORT PHILLIP,2021,420,12351.0,3.0,21,0.4,0.9,0.3,0.3,20.9,99a Carlisle Street, St Kilda VIC 3182,-37.8676,144.9813,6.31,8.4
PORT PHILLIP,2022,420,12589.0,3.0,21,0.4,0.9,0.3,0.3,20.9,99a Carlisle Street, St Kilda VIC 3182,-37.8676,144.9813,6.31,8.4
PORT PHILLIP,2022,430,12589.0,3.0,21,0.4,0.9,0.3,0.3,20.9,99a Carlisle Street, St Kilda VIC 3182,-37.8676,144.9813,6.31,8.4
PORT PHILLIP,2022,450,12589.0,3.0,21,0.4,0.9,0.3,0.3,20.9,99a Carlisle Street, St Kilda VIC 3182,-37.8676,144.9813,6.31,8.4
PORT PHILLIP,2022,475,12589.0,3.0,21,0.4,0.9,0.3,0.3,20.9,99a Carlisle Street, St Kilda VIC 3182,-37.8676,144.9813,6.31,8.4
PORT PHILLIP,2023,530,12713.0,3.0,21,0.4,0.9,0.3,0.3,20.9,99a Carlisle Street, St Kilda VIC 3182,-37.8676,144.9813,6.31,8.4
PORT PHILLIP,2023,538,12713.0,3.0,21,0.4,0.9,0.3,0.3,20.9,99a Carlisle Street, St Kilda VIC 3182,-37.8676,144.9813,6.31,8.4
PORT PHILLIP,2023,550,12713.0,3.0,21,0.4,0.9,0.3,0.3,20.9,99a Carlisle Street, St Kilda VIC 3182,-37.8676,144.9813,6.31,8.4
PORT PHILLIP,2023,560,12713.0,3.0,21,0.4,0.9,0.3,0.3,20.9,99a Carlisle Street, St Kilda VIC 3182,-37.8676,144.9813,6.31,8.4
PORT PHILLIP,2024,580,14690.0,3.0,21,0.4,0.9,0.3,0.3,20.9,99a Carlisle Street, St Kilda VIC 3182,-37.8676,144.9813,6.31,8.4
PORT PHILLIP,2024,595,14690.0,3.0,21,0.4,0.9,0.3,0.3,20.9,99a Carlisle Street, St Kilda VIC 3182,-37.8676,144.9813,6.31,8.4
PORT PHILLIP,2024,600,14690.0,3.0,21,0.4,0.9,0.3,0.3,20.9,99a Carlisle Street, St Kilda VIC 3182,-37.8676,144.9813,6.31,8.4
PORT PHILLIP,2024,600,14690.0,3.0,21,0.4,0.9,0.3,0.3,20.9,99a Carlisle Street, St Kilda VIC 3182,-37.8676,144.9813,6.31,8.4
PORT PHILLIP,2025,625,15872.0,3.0,21,0.4,0.9,0.3,0.3,20.9,99a Carlisle Street, St Kilda VIC 3182,-37.8676,144.9813,6.31,8.4
PORT PHILLIP,2025,600,15872.0,3.0,21,0.4,0.9,0.3,0.3,20.9,99a Carlisle Street, St Kilda VIC 3182,-37.8676,144.9813,6.31,8.4
PORT PHILLIP,2025,625,15872.0,3.0,21,0.4,0.9,0.3,0.3,20.9,99a Carlisle Street, St Kilda VIC 3182,-37.8676,144.9813,6.31,8.4
PYRENEES,1999,115,,,9,0.6,0.7,,0.3,32.0,,,,,,
PYRENEES,1999,120,,,9,0.6,0.7,,0.3,32.0,,,,,,
PYRENEES,1999,113,,,9,0.6,0.7,,0.3,32.0,,,,,,
PYRENEES,2000,110,,,9,0.6,0.7,,0.3,32.0,,,,,,
PYRENEES,2000,113,,,9,0.6,0.7,,0.3,32.0,,,,,,
PYRENEES,2000,115,,,9,0.6,0.7,,0.3,32.0,,,,,,
PYRENEES,2000,130,,,9,0.6,0.7,,0.3,32.0,,,,,,
PYRENEES,2001,125,,,9,0.6,0.7,,0.3,32.0,,,,,,
PYRENEES,2001,105,,,9,0.6,0.7,,0.3,32.0,,,,,,
PYRENEES,2001,105,,,9,0.6,0.7,,0.3,32.0,,,,,,
PYRENEES,2001,105,,,9,0.6,0.7,,0.3,32.0,,,,,,
PYRENEES,2002,125,,,9,0.6,0.7,,0.3,32.0,,,,,,
PYRENEES,2002,110,,,9,0.6,0.7,,0.3,32.0,,,,,,
PYRENEES,2002,125,,,9,0.6,0.7,,0.3,32.0,,,,,,
PYRENEES,2002,140,,,9,0.6,0.7,,0.3,32.0,,,,,,
PYRENEES,2003,123,,,9,0.6,0.7,,0.3,32.0,,,,,,
PYRENEES,2003,133,,,9,0.6,0.7,,0.3,32.0,,,,,,
PYRENEES,2003,100,,,9,0.6,0.7,,0.3,32.0,,,,,,
PYRENEES,2003,140,,,9,0.6,0.7,,0.3,32.0,,,,,,
PYRENEES,2004,130,,,9,0.6,0.7,,0.3,32.0,,,,,,
PYRENEES,2004,143,,,9,0.6,0.7,,0.3,32.0,,,,,,
PYRENEES,2004,125,,,9,0.6,0.7,,0.3,32.0,,,,,,
PYRENEES,2004,125,,,9,0.6,0.7,,0.3,32.0,,,,,,
PYRENEES,2005,133,,,9,0.6,0.7,,0.3,32.0,,,,,,
PYRENEES,2005,120,,,9,0.6,0.7,,0.3,32.0,,,,,,
PYRENEES,2005,155,,,9,0.6,0.7,,0.3,32.0,,,,,,
PYRENEES,2005,130,,,9,0.6,0.7,,0.3,32.0,,,,,,
PYRENEES,2006,155,,,9,0.6,0.7,,0.3,32.0,,,,,,
PYRENEES,2006,160,,,9,0.6,0.7,,0.3,32.0,,,,,,
PYRENEES,2006,153,,,9,0.6,0.7,,0.3,32.0,,,,,,
PYRENEES,2006,170,,,9,0.6,0.7,,0.3,32.0,,,,,,
PYRENEES,2007,140,,,9,0.6,0.7,,0.3,32.0,,,,,,
PYRENEES,2007,135,,,9,0.6,0.7,,0.3,32.0,,,,,,
PYRENEES,2007,140,,,9,0.6,0.7,,0.3,32.0,,,,,,
PYRENEES,2007,160,,,9,0.6,0.7,,0.3,32.0,,,,,,
PYRENEES,2008,148,,,9,0.6,0.7,,0.3,32.0,,,,,,
PYRENEES,2008,150,,,9,0.6,0.7,,0.3,32.0,,,,,,
PYRENEES,2008,138,,,9,0.6,0.7,,0.3,32.0,,,,,,
PYRENEES,2008,138,,,9,0.6,0.7,,0.3,32.0,,,,,,
PYRENEES,2009,170,,,9,0.6,0.7,,0.3,32.0,,,,,,
PYRENEES,2009,150,,,9,0.6,0.7,,0.3,32.0,,,,,,
PYRENEES,2009,145,,,9,0.6,0.7,,0.3,32.0,,,,,,
PYRENEES,2009,170,,,9,0.6,0.7,,0.3,32.0,,,,,,
PYRENEES,2010,160,,,9,0.6,0.7,,0.3,32.0,,,,,,
PYRENEES,2010,185,,,9,0.6,0.7,,0.3,32.0,,,,,,
PYRENEES,2010,195,,,9,0.6,0.7,,0.3,32.0,,,,,,
PYRENEES,2010,163,,,9,0.6,0.7,,0.3,32.0,,,,,,
PYRENEES,2011,195,,,9,0.6,0.7,,0.3,32.0,,,,,,
PYRENEES,2011,200,,,9,0.6,0.7,,0.3,32.0,,,,,,
PYRENEES,2011,210,,,9,0.6,0.7,,0.3,32.0,,,,,,
PYRENEES,2011,190,,,9,0.6,0.7,,0.3,32.0,,,,,,
PYRENEES,2012,215,,,9,0.6,0.7,,0.3,32.0,,,,,,
PYRENEES,2012,215,,,9,0.6,0.7,,0.3,32.0,,,,,,
PYRENEES,2012,200,,,9,0.6,0.7,,0.3,32.0,,,,,,
PYRENEES,2012,200,,,9,0.6,0.7,,0.3,32.0,,,,,,
PYRENEES,2013,250,,,9,0.6,0.7,,0.3,32.0,,,,,,
PYRENEES,2013,198,,,9,0.6,0.7,,0.3,32.0,,,,,,
PYRENEES,2013,233,,,9,0.6,0.7,,0.3,32.0,,,,,,
PYRENEES,2013,205,,,9,0.6,0.7,,0.3,32.0,,,,,,
PYRENEES,2014,220,,,9,0.6,0.7,,0.3,32.0,,,,,,
PYRENEES,2014,240,,,9,0.6,0.7,,0.3,32.0,,,,,,
PYRENEES,2014,220,,,9,0.6,0.7,,0.3,32.0,,,,,,
PYRENEES,2014,250,,,9,0.6,0.7,,0.3,32.0,,,,,,
PYRENEES,2015,230,,,9,0.6,0.7,,0.3,32.0,,,,,,
PYRENEES,2015,245,,,9,0.6,0.7,,0.3,32.0,,,,,,
PYRENEES,2015,225,,,9,0.6,0.7,,0.3,32.0,,,,,,
PYRENEES,2015,223,,,9,0.6,0.7,,0.3,32.0,,,,,,
PYRENEES,2016,228,561.0,,9,0.6,0.7,,0.3,32.0,,,,,,
PYRENEES,2016,240,561.0,,9,0.6,0.7,,0.3,32.0,,,,,,
PYRENEES,2016,240,561.0,,9,0.6,0.7,,0.3,32.0,,,,,,
PYRENEES,2016,218,561.0,,9,0.6,0.7,,0.3,32.0,,,,,,
PYRENEES,2017,250,527.0,,9,0.6,0.7,,0.3,32.0,,,,,,
PYRENEES,2017,230,527.0,,9,0.6,0.7,,0.3,32.0,,,,,,
PYRENEES,2017,190,527.0,,9,0.6,0.7,,0.3,32.0,,,,,,
PYRENEES,2017,245,527.0,,9,0.6,0.7,,0.3,32.0,,,,,,
PYRENEES,2018,255,501.0,,9,0.6,0.7,,0.3,32.0,,,,,,
PYRENEES,2018,290,501.0,,9,0.6,0.7,,0.3,32.0,,,,,,
PYRENEES,2018,255,501.0,,9,0.6,0.7,,0.3,32.0,,,,,,
PYRENEES,2018,260,501.0,,9,0.6,0.7,,0.3,32.0,,,,,,
PYRENEES,2019,253,654.0,,9,0.6,0.7,,0.3,32.0,,,,,,
PYRENEES,2019,300,654.0,,9,0.6,0.7,,0.3,32.0,,,,,,
PYRENEES,2019,265,654.0,,9,0.6,0.7,,0.3,32.0,,,,,,
PYRENEES,2019,300,654.0,,9,0.6,0.7,,0.3,32.0,,,,,,
PYRENEES,2020,287,515.0,,9,0.6,0.7,,0.3,32.0,,,,,,
PYRENEES,2020,265,515.0,,9,0.6,0.7,,0.3,32.0,,,,,,
PYRENEES,2020,300,515.0,,9,0.6,0.7,,0.3,32.0,,,,,,
PYRENEES,2020,335,515.0,,9,0.6,0.7,,0.3,32.0,,,,,,
PYRENEES,2021,283,455.0,,9,0.6,0.7,,0.3,32.0,,,,,,
PYRENEES,2021,300,455.0,,9,0.6,0.7,,0.3,32.0,,,,,,
PYRENEES,2021,265,455.0,,9,0.6,0.7,,0.3,32.0,,,,,,
PYRENEES,2021,350,455.0,,9,0.6,0.7,,0.3,32.0,,,,,,
PYRENEES,2022,320,372.0,,9,0.6,0.7,,0.3,32.0,,,,,,
PYRENEES,2022,275,372.0,,9,0.6,0.7,,0.3,32.0,,,,,,
PYRENEES,2022,330,372.0,,9,0.6,0.7,,0.3,32.0,,,,,,
PYRENEES,2022,340,372.0,,9,0.6,0.7,,0.3,32.0,,,,,,
PYRENEES,2023,350,364.0,,9,0.6,0.7,,0.3,32.0,,,,,,
PYRENEES,2023,350,364.0,,9,0.6,0.7,,0.3,32.0,,,,,,
PYRENEES,2023,300,364.0,,9,0.6,0.7,,0.3,32.0,,,,,,
PYRENEES,2023,340,364.0,,9,0.6,0.7,,0.3,32.0,,,,,,
PYRENEES,2024,360,471.0,,9,0.6,0.7,,0.3,32.0,,,,,,
PYRENEES,2024,360,471.0,,9,0.6,0.7,,0.3,32.0,,,,,,
PYRENEES,2024,380,471.0,,9,0.6,0.7,,0.3,32.0,,,,,,
PYRENEES,2024,390,471.0,,9,0.6,0.7,,0.3,32.0,,,,,,
PYRENEES,2025,380,528.0,,9,0.6,0.7,,0.3,32.0,,,,,,
PYRENEES,2025,400,528.0,,9,0.6,0.7,,0.3,32.0,,,,,,
PYRENEES,2025,400,528.0,,9,0.6,0.7,,0.3,32.0,,,,,,
QUEENSCLIFFE,1999,135,,,3,,0.7,,0.3,40.0,,,,,,
QUEENSCLIFFE,1999,160,,,3,,0.7,,0.3,40.0,,,,,,
QUEENSCLIFFE,1999,158,,,3,,0.7,,0.3,40.0,,,,,,
QUEENSCLIFFE,2000,180,,,3,,0.7,,0.3,40.0,,,,,,
QUEENSCLIFFE,2000,155,,,3,,0.7,,0.3,40.0,,,,,,
QUEENSCLIFFE,2000,170,,,3,,0.7,,0.3,40.0,,,,,,
QUEENSCLIFFE,2000,155,,,3,,0.7,,0.3,40.0,,,,,,
QUEENSCLIFFE,2001,170,,,3,,0.7,,0.3,40.0,,,,,,
QUEENSCLIFFE,2001,180,,,3,,0.7,,0.3,40.0,,,,,,
QUEENSCLIFFE,2001,170,,,3,,0.7,,0.3,40.0,,,,,,
QUEENSCLIFFE,2001,166,,,3,,0.7,,0.3,40.0,,,,,,
QUEENSCLIFFE,2002,170,,,3,,0.7,,0.3,40.0,,,,,,
QUEENSCLIFFE,2002,185,,,3,,0.7,,0.3,40.0,,,,,,
QUEENSCLIFFE,2002,175,,,3,,0.7,,0.3,40.0,,,,,,
QUEENSCLIFFE,2002,180,,,3,,0.7,,0.3,40.0,,,,,,
QUEENSCLIFFE,2003,185,,,3,,0.7,,0.3,40.0,,,,,,
QUEENSCLIFFE,2003,190,,,3,,0.7,,0.3,40.0,,,,,,
QUEENSCLIFFE,2003,180,,,3,,0.7,,0.3,40.0,,,,,,
QUEENSCLIFFE,2003,200,,,3,,0.7,,0.3,40.0,,,,,,
QUEENSCLIFFE,2004,200,,,3,,0.7,,0.3,40.0,,,,,,
QUEENSCLIFFE,2004,180,,,3,,0.7,,0.3,40.0,,,,,,
QUEENSCLIFFE,2004,200,,,3,,0.7,,0.3,40.0,,,,,,
QUEENSCLIFFE,2004,185,,,3,,0.7,,0.3,40.0,,,,,,
QUEENSCLIFFE,2005,200,,,3,,0.7,,0.3,40.0,,,,,,
QUEENSCLIFFE,2005,200,,,3,,0.7,,0.3,40.0,,,,,,
QUEENSCLIFFE,2005,175,,,3,,0.7,,0.3,40.0,,,,,,
QUEENSCLIFFE,2005,218,,,3,,0.7,,0.3,40.0,,,,,,
QUEENSCLIFFE,2006,200,,,3,,0.7,,0.3,40.0,,,,,,
QUEENSCLIFFE,2006,215,,,3,,0.7,,0.3,40.0,,,,,,
QUEENSCLIFFE,2006,205,,,3,,0.7,,0.3,40.0,,,,,,
QUEENSCLIFFE,2006,250,,,3,,0.7,,0.3,40.0,,,,,,
QUEENSCLIFFE,2007,230,,,3,,0.7,,0.3,40.0,,,,,,
QUEENSCLIFFE,2007,240,,,3,,0.7,,0.3,40.0,,,,,,
QUEENSCLIFFE,2007,228,,,3,,0.7,,0.3,40.0,,,,,,
QUEENSCLIFFE,2007,220,,,3,,0.7,,0.3,40.0,,,,,,
QUEENSCLIFFE,2008,250,,,3,,0.7,,0.3,40.0,,,,,,
QUEENSCLIFFE,2008,270,,,3,,0.7,,0.3,40.0,,,,,,
QUEENSCLIFFE,2009,260,,,3,,0.7,,0.3,40.0,,,,,,
QUEENSCLIFFE,2009,260,,,3,,0.7,,0.3,40.0,,,,,,
QUEENSCLIFFE,2009,270,,,3,,0.7,,0.3,40.0,,,,,,
QUEENSCLIFFE,2010,340,,,3,,0.7,,0.3,40.0,,,,,,
QUEENSCLIFFE,2010,270,,,3,,0.7,,0.3,40.0,,,,,,
QUEENSCLIFFE,2010,288,,,3,,0.7,,0.3,40.0,,,,,,
QUEENSCLIFFE,2010,275,,,3,,0.7,,0.3,40.0,,,,,,
QUEENSCLIFFE,2011,315,,,3,,0.7,,0.3,40.0,,,,,,
QUEENSCLIFFE,2011,320,,,3,,0.7,,0.3,40.0,,,,,,
QUEENSCLIFFE,2011,270,,,3,,0.7,,0.3,40.0,,,,,,
QUEENSCLIFFE,2011,350,,,3,,0.7,,0.3,40.0,,,,,,
QUEENSCLIFFE,2012,340,,,3,,0.7,,0.3,40.0,,,,,,
QUEENSCLIFFE,2012,320,,,3,,0.7,,0.3,40.0,,,,,,
QUEENSCLIFFE,2012,310,,,3,,0.7,,0.3,40.0,,,,,,
QUEENSCLIFFE,2013,360,,,3,,0.7,,0.3,40.0,,,,,,
QUEENSCLIFFE,2013,388,,,3,,0.7,,0.3,40.0,,,,,,
QUEENSCLIFFE,2013,310,,,3,,0.7,,0.3,40.0,,,,,,
QUEENSCLIFFE,2013,325,,,3,,0.7,,0.3,40.0,,,,,,
QUEENSCLIFFE,2014,345,,,3,,0.7,,0.3,40.0,,,,,,
QUEENSCLIFFE,2014,375,,,3,,0.7,,0.3,40.0,,,,,,
QUEENSCLIFFE,2014,315,,,3,,0.7,,0.3,40.0,,,,,,
QUEENSCLIFFE,2014,275,,,3,,0.7,,0.3,40.0,,,,,,
QUEENSCLIFFE,2015,300,,,3,,0.7,,0.3,40.0,,,,,,
QUEENSCLIFFE,2015,295,,,3,,0.7,,0.3,40.0,,,,,,
QUEENSCLIFFE,2015,340,,,3,,0.7,,0.3,40.0,,,,,,
QUEENSCLIFFE,2015,350,,,3,,0.7,,0.3,40.0,,,,,,
QUEENSCLIFFE,2016,335,143.0,,3,,0.7,,0.3,40.0,,,,,,
QUEENSCLIFFE,2016,295,143.0,,3,,0.7,,0.3,40.0,,,,,,
QUEENSCLIFFE,2016,350,143.0,,3,,0.7,,0.3,40.0,,,,,,
QUEENSCLIFFE,2016,375,143.0,,3,,0.7,,0.3,40.0,,,,,,
QUEENSCLIFFE,2017,350,133.0,,3,,0.7,,0.3,40.0,,,,,,
QUEENSCLIFFE,2017,350,133.0,,3,,0.7,,0.3,40.0,,,,,,
QUEENSCLIFFE,2017,360,133.0,,3,,0.7,,0.3,40.0,,,,,,
QUEENSCLIFFE,2018,370,303.0,,3,,0.7,,0.3,40.0,,,,,,
QUEENSCLIFFE,2018,310,303.0,,3,,0.7,,0.3,40.0,,,,,,
QUEENSCLIFFE,2018,320,303.0,,3,,0.7,,0.3,40.0,,,,,,
QUEENSCLIFFE,2018,390,303.0,,3,,0.7,,0.3,40.0,,,,,,
QUEENSCLIFFE,2019,400,116.0,,3,,0.7,,0.3,40.0,,,,,,
QUEENSCLIFFE,2019,390,116.0,,3,,0.7,,0.3,40.0,,,,,,
QUEENSCLIFFE,2019,375,116.0,,3,,0.7,,0.3,40.0,,,,,,
QUEENSCLIFFE,2019,405,116.0,,3,,0.7,,0.3,40.0,,,,,,
QUEENSCLIFFE,2020,360,122.0,,3,,0.7,,0.3,40.0,,,,,,
QUEENSCLIFFE,2020,480,122.0,,3,,0.7,,0.3,40.0,,,,,,
QUEENSCLIFFE,2020,358,122.0,,3,,0.7,,0.3,40.0,,,,,,
QUEENSCLIFFE,2020,450,122.0,,3,,0.7,,0.3,40.0,,,,,,
QUEENSCLIFFE,2021,388,87.0,,3,,0.7,,0.3,40.0,,,,,,
QUEENSCLIFFE,2021,400,87.0,,3,,0.7,,0.3,40.0,,,,,,
QUEENSCLIFFE,2021,385,87.0,,3,,0.7,,0.3,40.0,,,,,,
QUEENSCLIFFE,2022,550,109.0,,3,,0.7,,0.3,40.0,,,,,,
QUEENSCLIFFE,2022,420,109.0,,3,,0.7,,0.3,40.0,,,,,,
QUEENSCLIFFE,2022,410,109.0,,3,,0.7,,0.3,40.0,,,,,,
QUEENSCLIFFE,2023,540,93.0,,3,,0.7,,0.3,40.0,,,,,,
QUEENSCLIFFE,2023,480,93.0,,3,,0.7,,0.3,40.0,,,,,,
QUEENSCLIFFE,2023,420,93.0,,3,,0.7,,0.3,40.0,,,,,,
QUEENSCLIFFE,2024,490,87.0,,3,,0.7,,0.3,40.0,,,,,,
QUEENSCLIFFE,2024,450,87.0,,3,,0.7,,0.3,40.0,,,,,,
QUEENSCLIFFE,2025,475,76.0,,3,,0.7,,0.3,40.0,,,,,,
QUEENSCLIFFE,2025,575,76.0,,3,,0.7,,0.3,40.0,,,,,,
SOUTH GIPPSLAND,1999,110,,2.0,23,0.4,0.7,0.3,0.3,31.6,,,,,,
SOUTH GIPPSLAND,1999,110,,2.0,23,0.4,0.7,0.3,0.3,31.6,,,,,,
SOUTH GIPPSLAND,1999,110,,2.0,23,0.4,0.7,0.3,0.3,31.6,,,,,,
SOUTH GIPPSLAND,2000,115,,2.0,23,0.4,0.7,0.3,0.3,31.6,,,,,,
SOUTH GIPPSLAND,2000,115,,2.0,23,0.4,0.7,0.3,0.3,31.6,,,,,,
SOUTH GIPPSLAND,2000,113,,2.0,23,0.4,0.7,0.3,0.3,31.6,,,,,,
SOUTH GIPPSLAND,2000,110,,2.0,23,0.4,0.7,0.3,0.3,31.6,,,,,,
SOUTH GIPPSLAND,2001,115,,2.0,23,0.4,0.7,0.3,0.3,31.6,,,,,,
SOUTH GIPPSLAND,2001,115,,2.0,23,0.4,0.7,0.3,0.3,31.6,,,,,,
SOUTH GIPPSLAND,2001,115,,2.0,23,0.4,0.7,0.3,0.3,31.6,,,,,,
SOUTH GIPPSLAND,2001,120,,2.0,23,0.4,0.7,0.3,0.3,31.6,,,,,,
SOUTH GIPPSLAND,2002,125,,2.0,23,0.4,0.7,0.3,0.3,31.6,,,,,,
SOUTH GIPPSLAND,2002,125,,2.0,23,0.4,0.7,0.3,0.3,31.6,,,,,,
SOUTH GIPPSLAND,2002,128,,2.0,23,0.4,0.7,0.3,0.3,31.6,,,,,,
SOUTH GIPPSLAND,2002,130,,2.0,23,0.4,0.7,0.3,0.3,31.6,,,,,,
SOUTH GIPPSLAND,2003,130,,2.0,23,0.4,0.7,0.3,0.3,31.6,,,,,,
SOUTH GIPPSLAND,2003,135,,2.0,23,0.4,0.7,0.3,0.3,31.6,,,,,,
SOUTH GIPPSLAND,2003,140,,2.0,23,0.4,0.7,0.3,0.3,31.6,,,,,,
SOUTH GIPPSLAND,2003,150,,2.0,23,0.4,0.7,0.3,0.3,31.6,,,,,,
SOUTH GIPPSLAND,2004,150,,2.0,23,0.4,0.7,0.3,0.3,31.6,,,,,,
SOUTH GIPPSLAND,2004,150,,2.0,23,0.4,0.7,0.3,0.3,31.6,,,,,,
SOUTH GIPPSLAND,2004,150,,2.0,23,0.4,0.7,0.3,0.3,31.6,,,,,,
SOUTH GIPPSLAND,2004,153,,2.0,23,0.4,0.7,0.3,0.3,31.6,,,,,,
SOUTH GIPPSLAND,2005,158,,2.0,23,0.4,0.7,0.3,0.3,31.6,,,,,,
SOUTH GIPPSLAND,2005,155,,2.0,23,0.4,0.7,0.3,0.3,31.6,,,,,,
SOUTH GIPPSLAND,2005,160,,2.0,23,0.4,0.7,0.3,0.3,31.6,,,,,,
SOUTH GIPPSLAND,2005,160,,2.0,23,0.4,0.7,0.3,0.3,31.6,,,,,,
SOUTH GIPPSLAND,2006,160,,2.0,23,0.4,0.7,0.3,0.3,31.6,,,,,,
SOUTH GIPPSLAND,2006,160,,2.0,23,0.4,0.7,0.3,0.3,31.6,,,,,,
SOUTH GIPPSLAND,2006,160,,2.0,23,0.4,0.7,0.3,0.3,31.6,,,,,,
SOUTH GIPPSLAND,2006,165,,2.0,23,0.4,0.7,0.3,0.3,31.6,,,,,,
SOUTH GIPPSLAND,2007,180,,2.0,23,0.4,0.7,0.3,0.3,31.6,,,,,,
SOUTH GIPPSLAND,2007,170,,2.0,23,0.4,0.7,0.3,0.3,31.6,,,,,,
SOUTH GIPPSLAND,2007,170,,2.0,23,0.4,0.7,0.3,0.3,31.6,,,,,,
SOUTH GIPPSLAND,2007,180,,2.0,23,0.4,0.7,0.3,0.3,31.6,,,,,,
SOUTH GIPPSLAND,2008,185,,2.0,23,0.4,0.7,0.3,0.3,31.6,,,,,,
SOUTH GIPPSLAND,2008,190,,2.0,23,0.4,0.7,0.3,0.3,31.6,,,,,,
SOUTH GIPPSLAND,2008,190,,2.0,23,0.4,0.7,0.3,0.3,31.6,,,,,,
SOUTH GIPPSLAND,2008,190,,2.0,23,0.4,0.7,0.3,0.3,31.6,,,,,,
SOUTH GIPPSLAND,2009,200,,2.0,23,0.4,0.7,0.3,0.3,31.6,,,,,,
SOUTH GIPPSLAND,2009,200,,2.0,23,0.4,0.7,0.3,0.3,31.6,,,,,,
SOUTH GIPPSLAND,2009,200,,2.0,23,0.4,0.7,0.3,0.3,31.6,,,,,,
SOUTH GIPPSLAND,2009,200,,2.0,23,0.4,0.7,0.3,0.3,31.6,,,,,,
SOUTH GIPPSLAND,2010,200,,2.0,23,0.4,0.7,0.3,0.3,31.6,,,,,,
SOUTH GIPPSLAND,2010,220,,2.0,23,0.4,0.7,0.3,0.3,31.6,,,,,,
SOUTH GIPPSLAND,2010,225,,2.0,23,0.4,0.7,0.3,0.3,31.6,,,,,,
SOUTH GIPPSLAND,2010,225,,2.0,23,0.4,0.7,0.3,0.3,31.6,,,,,,
SOUTH GIPPSLAND,2011,230,,2.0,23,0.4,0.7,0.3,0.3,31.6,,,,,,
SOUTH GIPPSLAND,2011,240,,2.0,23,0.4,0.7,0.3,0.3,31.6,,,,,,
SOUTH GIPPSLAND,2011,240,,2.0,23,0.4,0.7,0.3,0.3,31.6,,,,,,
SOUTH GIPPSLAND,2011,240,,2.0,23,0.4,0.7,0.3,0.3,31.6,,,,,,
SOUTH GIPPSLAND,2012,235,,2.0,23,0.4,0.7,0.3,0.3,31.6,,,,,,
SOUTH GIPPSLAND,2012,230,,2.0,23,0.4,0.7,0.3,0.3,31.6,,,,,,
SOUTH GIPPSLAND,2012,240,,2.0,23,0.4,0.7,0.3,0.3,31.6,,,,,,
SOUTH GIPPSLAND,2012,240,,2.0,23,0.4,0.7,0.3,0.3,31.6,,,,,,
SOUTH GIPPSLAND,2013,235,,2.0,23,0.4,0.7,0.3,0.3,31.6,,,,,,
SOUTH GIPPSLAND,2013,240,,2.0,23,0.4,0.7,0.3,0.3,31.6,,,,,,
SOUTH GIPPSLAND,2013,238,,2.0,23,0.4,0.7,0.3,0.3,31.6,,,,,,
SOUTH GIPPSLAND,2013,245,,2.0,23,0.4,0.7,0.3,0.3,31.6,,,,,,
SOUTH GIPPSLAND,2014,245,,2.0,23,0.4,0.7,0.3,0.3,31.6,,,,,,
SOUTH GIPPSLAND,2014,250,,2.0,23,0.4,0.7,0.3,0.3,31.6,,,,,,
SOUTH GIPPSLAND,2014,240,,2.0,23,0.4,0.7,0.3,0.3,31.6,,,,,,
SOUTH GIPPSLAND,2014,250,,2.0,23,0.4,0.7,0.3,0.3,31.6,,,,,,
SOUTH GIPPSLAND,2015,248,,2.0,23,0.4,0.7,0.3,0.3,31.6,,,,,,
SOUTH GIPPSLAND,2015,250,,2.0,23,0.4,0.7,0.3,0.3,31.6,,,,,,
SOUTH GIPPSLAND,2015,260,,2.0,23,0.4,0.7,0.3,0.3,31.6,,,,,,
SOUTH GIPPSLAND,2015,240,,2.0,23,0.4,0.7,0.3,0.3,31.6,,,,,,
SOUTH GIPPSLAND,2016,250,1507.0,2.0,23,0.4,0.7,0.3,0.3,31.6,,,,,,
SOUTH GIPPSLAND,2016,245,1507.0,2.0,23,0.4,0.7,0.3,0.3,31.6,,,,,,
SOUTH GIPPSLAND,2016,250,1507.0,2.0,23,0.4,0.7,0.3,0.3,31.6,,,,,,
SOUTH GIPPSLAND,2016,255,1507.0,2.0,23,0.4,0.7,0.3,0.3,31.6,,,,,,
SOUTH GIPPSLAND,2017,260,1442.0,2.0,23,0.4,0.7,0.3,0.3,31.6,,,,,,
SOUTH GIPPSLAND,2017,260,1442.0,2.0,23,0.4,0.7,0.3,0.3,31.6,,,,,,
SOUTH GIPPSLAND,2017,260,1442.0,2.0,23,0.4,0.7,0.3,0.3,31.6,,,,,,
SOUTH GIPPSLAND,2017,250,1442.0,2.0,23,0.4,0.7,0.3,0.3,31.6,,,,,,
SOUTH GIPPSLAND,2018,260,1447.0,2.0,23,0.4,0.7,0.3,0.3,31.6,,,,,,
SOUTH GIPPSLAND,2018,280,1447.0,2.0,23,0.4,0.7,0.3,0.3,31.6,,,,,,
SOUTH GIPPSLAND,2018,270,1447.0,2.0,23,0.4,0.7,0.3,0.3,31.6,,,,,,
SOUTH GIPPSLAND,2018,280,1447.0,2.0,23,0.4,0.7,0.3,0.3,31.6,,,,,,
SOUTH GIPPSLAND,2019,280,1726.0,2.0,23,0.4,0.7,0.3,0.3,31.6,,,,,,
SOUTH GIPPSLAND,2019,280,1726.0,2.0,23,0.4,0.7,0.3,0.3,31.6,,,,,,
SOUTH GIPPSLAND,2019,280,1726.0,2.0,23,0.4,0.7,0.3,0.3,31.6,,,,,,
SOUTH GIPPSLAND,2019,290,1726.0,2.0,23,0.4,0.7,0.3,0.3,31.6,,,,,,
SOUTH GIPPSLAND,2020,290,1745.0,2.0,23,0.4,0.7,0.3,0.3,31.6,,,,,,
SOUTH GIPPSLAND,2020,300,1745.0,2.0,23,0.4,0.7,0.3,0.3,31.6,,,,,,
SOUTH GIPPSLAND,2020,300,1745.0,2.0,23,0.4,0.7,0.3,0.3,31.6,,,,,,
SOUTH GIPPSLAND,2020,310,1745.0,2.0,23,0.4,0.7,0.3,0.3,31.6,,,,,,
SOUTH GIPPSLAND,2021,320,1703.0,2.0,23,0.4,0.7,0.3,0.3,31.6,,,,,,
SOUTH GIPPSLAND,2021,330,1703.0,2.0,23,0.4,0.7,0.3,0.3,31.6,,,,,,
SOUTH GIPPSLAND,2021,350,1703.0,2.0,23,0.4,0.7,0.3,0.3,31.6,,,,,,
SOUTH GIPPSLAND,2021,340,1703.0,2.0,23,0.4,0.7,0.3,0.3,31.6,,,,,,
SOUTH GIPPSLAND,2022,350,1923.0,2.0,23,0.4,0.7,0.3,0.3,31.6,,,,,,
SOUTH GIPPSLAND,2022,370,1923.0,2.0,23,0.4,0.7,0.3,0.3,31.6,,,,,,
SOUTH GIPPSLAND,2022,370,1923.0,2.0,23,0.4,0.7,0.3,0.3,31.6,,,,,,
SOUTH GIPPSLAND,2022,370,1923.0,2.0,23,0.4,0.7,0.3,0.3,31.6,,,,,,
SOUTH GIPPSLAND,2023,368,2258.0,2.0,23,0.4,0.7,0.3,0.3,31.6,,,,,,
SOUTH GIPPSLAND,2023,400,2258.0,2.0,23,0.4,0.7,0.3,0.3,31.6,,,,,,
SOUTH GIPPSLAND,2023,390,2258.0,2.0,23,0.4,0.7,0.3,0.3,31.6,,,,,,
SOUTH GIPPSLAND,2023,400,2258.0,2.0,23,0.4,0.7,0.3,0.3,31.6,,,,,,
SOUTH GIPPSLAND,2024,390,2247.0,2.0,23,0.4,0.7,0.3,0.3,31.6,,,,,,
SOUTH GIPPSLAND,2024,390,2247.0,2.0,23,0.4,0.7,0.3,0.3,31.6,,,,,,
SOUTH GIPPSLAND,2024,410,2247.0,2.0,23,0.4,0.7,0.3,0.3,31.6,,,,,,
SOUTH GIPPSLAND,2024,420,2247.0,2.0,23,0.4,0.7,0.3,0.3,31.6,,,,,,
SOUTH GIPPSLAND,2025,400,2633.0,2.0,23,0.4,0.7,0.3,0.3,31.6,,,,,,
SOUTH GIPPSLAND,2025,420,2633.0,2.0,23,0.4,0.7,0.3,0.3,31.6,,,,,,
SOUTH GIPPSLAND,2025,433,2633.0,2.0,23,0.4,0.7,0.3,0.3,31.6,,,,,,
SOUTHERN GRAMPIANS,1999,110,,3.0,18,0.3,1.0,0.2,0.3,34.2,,,,,,
SOUTHERN GRAMPIANS,1999,105,,3.0,18,0.3,1.0,0.2,0.3,34.2,,,,,,
SOUTHERN GRAMPIANS,1999,110,,3.0,18,0.3,1.0,0.2,0.3,34.2,,,,,,
SOUTHERN GRAMPIANS,2000,115,,3.0,18,0.3,1.0,0.2,0.3,34.2,,,,,,
SOUTHERN GRAMPIANS,2000,105,,3.0,18,0.3,1.0,0.2,0.3,34.2,,,,,,
SOUTHERN GRAMPIANS,2000,100,,3.0,18,0.3,1.0,0.2,0.3,34.2,,,,,,
SOUTHERN GRAMPIANS,2000,100,,3.0,18,0.3,1.0,0.2,0.3,34.2,,,,,,
SOUTHERN GRAMPIANS,2001,105,,3.0,18,0.3,1.0,0.2,0.3,34.2,,,,,,
SOUTHERN GRAMPIANS,2001,100,,3.0,18,0.3,1.0,0.2,0.3,34.2,,,,,,
SOUTHERN GRAMPIANS,2001,115,,3.0,18,0.3,1.0,0.2,0.3,34.2,,,,,,
SOUTHERN GRAMPIANS,2001,110,,3.0,18,0.3,1.0,0.2,0.3,34.2,,,,,,
SOUTHERN GRAMPIANS,2002,110,,3.0,18,0.3,1.0,0.2,0.3,34.2,,,,,,
SOUTHERN GRAMPIANS,2002,110,,3.0,18,0.3,1.0,0.2,0.3,34.2,,,,,,
SOUTHERN GRAMPIANS,2002,113,,3.0,18,0.3,1.0,0.2,0.3,34.2,,,,,,
SOUTHERN GRAMPIANS,2002,100,,3.0,18,0.3,1.0,0.2,0.3,34.2,,,,,,
SOUTHERN GRAMPIANS,2003,120,,3.0,18,0.3,1.0,0.2,0.3,34.2,,,,,,
SOUTHERN GRAMPIANS,2003,130,,3.0,18,0.3,1.0,0.2,0.3,34.2,,,,,,
SOUTHERN GRAMPIANS,2003,123,,3.0,18,0.3,1.0,0.2,0.3,34.2,,,,,,
SOUTHERN GRAMPIANS,2003,140,,3.0,18,0.3,1.0,0.2,0.3,34.2,,,,,,
SOUTHERN GRAMPIANS,2004,140,,3.0,18,0.3,1.0,0.2,0.3,34.2,,,,,,
SOUTHERN GRAMPIANS,2004,145,,3.0,18,0.3,1.0,0.2,0.3,34.2,,,,,,
SOUTHERN GRAMPIANS,2004,150,,3.0,18,0.3,1.0,0.2,0.3,34.2,,,,,,
SOUTHERN GRAMPIANS,2004,170,,3.0,18,0.3,1.0,0.2,0.3,34.2,,,,,,
SOUTHERN GRAMPIANS,2005,183,,3.0,18,0.3,1.0,0.2,0.3,34.2,,,,,,
SOUTHERN GRAMPIANS,2005,180,,3.0,18,0.3,1.0,0.2,0.3,34.2,,,,,,
SOUTHERN GRAMPIANS,2005,173,,3.0,18,0.3,1.0,0.2,0.3,34.2,,,,,,
SOUTHERN GRAMPIANS,2005,180,,3.0,18,0.3,1.0,0.2,0.3,34.2,,,,,,
SOUTHERN GRAMPIANS,2006,190,,3.0,18,0.3,1.0,0.2,0.3,34.2,,,,,,
SOUTHERN GRAMPIANS,2006,188,,3.0,18,0.3,1.0,0.2,0.3,34.2,,,,,,
SOUTHERN GRAMPIANS,2006,180,,3.0,18,0.3,1.0,0.2,0.3,34.2,,,,,,
SOUTHERN GRAMPIANS,2006,185,,3.0,18,0.3,1.0,0.2,0.3,34.2,,,,,,
SOUTHERN GRAMPIANS,2007,180,,3.0,18,0.3,1.0,0.2,0.3,34.2,,,,,,
SOUTHERN GRAMPIANS,2007,180,,3.0,18,0.3,1.0,0.2,0.3,34.2,,,,,,
SOUTHERN GRAMPIANS,2007,170,,3.0,18,0.3,1.0,0.2,0.3,34.2,,,,,,
SOUTHERN GRAMPIANS,2007,180,,3.0,18,0.3,1.0,0.2,0.3,34.2,,,,,,
SOUTHERN GRAMPIANS,2008,195,,3.0,18,0.3,1.0,0.2,0.3,34.2,,,,,,
SOUTHERN GRAMPIANS,2008,170,,3.0,18,0.3,1.0,0.2,0.3,34.2,,,,,,
SOUTHERN GRAMPIANS,2008,190,,3.0,18,0.3,1.0,0.2,0.3,34.2,,,,,,
SOUTHERN GRAMPIANS,2008,180,,3.0,18,0.3,1.0,0.2,0.3,34.2,,,,,,
SOUTHERN GRAMPIANS,2009,198,,3.0,18,0.3,1.0,0.2,0.3,34.2,,,,,,
SOUTHERN GRAMPIANS,2009,190,,3.0,18,0.3,1.0,0.2,0.3,34.2,,,,,,
SOUTHERN GRAMPIANS,2009,190,,3.0,18,0.3,1.0,0.2,0.3,34.2,,,,,,
SOUTHERN GRAMPIANS,2009,200,,3.0,18,0.3,1.0,0.2,0.3,34.2,,,,,,
SOUTHERN GRAMPIANS,2010,210,,3.0,18,0.3,1.0,0.2,0.3,34.2,,,,,,
SOUTHERN GRAMPIANS,2010,200,,3.0,18,0.3,1.0,0.2,0.3,34.2,,,,,,
SOUTHERN GRAMPIANS,2010,200,,3.0,18,0.3,1.0,0.2,0.3,34.2,,,,,,
SOUTHERN GRAMPIANS,2010,200,,3.0,18,0.3,1.0,0.2,0.3,34.2,,,,,,
SOUTHERN GRAMPIANS,2011,200,,3.0,18,0.3,1.0,0.2,0.3,34.2,,,,,,
SOUTHERN GRAMPIANS,2011,220,,3.0,18,0.3,1.0,0.2,0.3,34.2,,,,,,
SOUTHERN GRAMPIANS,2011,220,,3.0,18,0.3,1.0,0.2,0.3,34.2,,,,,,
SOUTHERN GRAMPIANS,2011,230,,3.0,18,0.3,1.0,0.2,0.3,34.2,,,,,,
SOUTHERN GRAMPIANS,2012,220,,3.0,18,0.3,1.0,0.2,0.3,34.2,,,,,,
SOUTHERN GRAMPIANS,2012,240,,3.0,18,0.3,1.0,0.2,0.3,34.2,,,,,,
SOUTHERN GRAMPIANS,2012,220,,3.0,18,0.3,1.0,0.2,0.3,34.2,,,,,,
SOUTHERN GRAMPIANS,2012,210,,3.0,18,0.3,1.0,0.2,0.3,34.2,,,,,,
SOUTHERN GRAMPIANS,2013,220,,3.0,18,0.3,1.0,0.2,0.3,34.2,,,,,,
SOUTHERN GRAMPIANS,2013,220,,3.0,18,0.3,1.0,0.2,0.3,34.2,,,,,,
SOUTHERN GRAMPIANS,2013,220,,3.0,18,0.3,1.0,0.2,0.3,34.2,,,,,,
SOUTHERN GRAMPIANS,2013,220,,3.0,18,0.3,1.0,0.2,0.3,34.2,,,,,,
SOUTHERN GRAMPIANS,2014,230,,3.0,18,0.3,1.0,0.2,0.3,34.2,,,,,,
SOUTHERN GRAMPIANS,2014,220,,3.0,18,0.3,1.0,0.2,0.3,34.2,,,,,,
SOUTHERN GRAMPIANS,2014,230,,3.0,18,0.3,1.0,0.2,0.3,34.2,,,,,,
SOUTHERN GRAMPIANS,2014,230,,3.0,18,0.3,1.0,0.2,0.3,34.2,,,,,,
SOUTHERN GRAMPIANS,2015,220,,3.0,18,0.3,1.0,0.2,0.3,34.2,,,,,,
SOUTHERN GRAMPIANS,2015,220,,3.0,18,0.3,1.0,0.2,0.3,34.2,,,,,,
SOUTHERN GRAMPIANS,2015,220,,3.0,18,0.3,1.0,0.2,0.3,34.2,,,,,,
SOUTHERN GRAMPIANS,2015,230,,3.0,18,0.3,1.0,0.2,0.3,34.2,,,,,,
SOUTHERN GRAMPIANS,2016,223,1350.0,3.0,18,0.3,1.0,0.2,0.3,34.2,,,,,,
SOUTHERN GRAMPIANS,2016,220,1350.0,3.0,18,0.3,1.0,0.2,0.3,34.2,,,,,,
SOUTHERN GRAMPIANS,2016,240,1350.0,3.0,18,0.3,1.0,0.2,0.3,34.2,,,,,,
SOUTHERN GRAMPIANS,2016,220,1350.0,3.0,18,0.3,1.0,0.2,0.3,34.2,,,,,,
SOUTHERN GRAMPIANS,2017,230,1277.0,3.0,18,0.3,1.0,0.2,0.3,34.2,,,,,,
SOUTHERN GRAMPIANS,2017,230,1277.0,3.0,18,0.3,1.0,0.2,0.3,34.2,,,,,,
SOUTHERN GRAMPIANS,2017,210,1277.0,3.0,18,0.3,1.0,0.2,0.3,34.2,,,,,,
SOUTHERN GRAMPIANS,2017,240,1277.0,3.0,18,0.3,1.0,0.2,0.3,34.2,,,,,,
SOUTHERN GRAMPIANS,2018,230,1562.0,3.0,18,0.3,1.0,0.2,0.3,34.2,,,,,,
SOUTHERN GRAMPIANS,2018,230,1562.0,3.0,18,0.3,1.0,0.2,0.3,34.2,,,,,,
SOUTHERN GRAMPIANS,2018,230,1562.0,3.0,18,0.3,1.0,0.2,0.3,34.2,,,,,,
SOUTHERN GRAMPIANS,2018,240,1562.0,3.0,18,0.3,1.0,0.2,0.3,34.2,,,,,,
SOUTHERN GRAMPIANS,2019,250,1215.0,3.0,18,0.3,1.0,0.2,0.3,34.2,,,,,,
SOUTHERN GRAMPIANS,2019,270,1215.0,3.0,18,0.3,1.0,0.2,0.3,34.2,,,,,,
SOUTHERN GRAMPIANS,2019,255,1215.0,3.0,18,0.3,1.0,0.2,0.3,34.2,,,,,,
SOUTHERN GRAMPIANS,2019,260,1215.0,3.0,18,0.3,1.0,0.2,0.3,34.2,,,,,,
SOUTHERN GRAMPIANS,2020,270,1159.0,3.0,18,0.3,1.0,0.2,0.3,34.2,,,,,,
SOUTHERN GRAMPIANS,2020,250,1159.0,3.0,18,0.3,1.0,0.2,0.3,34.2,,,,,,
SOUTHERN GRAMPIANS,2020,270,1159.0,3.0,18,0.3,1.0,0.2,0.3,34.2,,,,,,
SOUTHERN GRAMPIANS,2020,280,1159.0,3.0,18,0.3,1.0,0.2,0.3,34.2,,,,,,
SOUTHERN GRAMPIANS,2021,280,1035.0,3.0,18,0.3,1.0,0.2,0.3,34.2,,,,,,
SOUTHERN GRAMPIANS,2021,280,1035.0,3.0,18,0.3,1.0,0.2,0.3,34.2,,,,,,
SOUTHERN GRAMPIANS,2021,285,1035.0,3.0,18,0.3,1.0,0.2,0.3,34.2,,,,,,
SOUTHERN GRAMPIANS,2021,305,1035.0,3.0,18,0.3,1.0,0.2,0.3,34.2,,,,,,
SOUTHERN GRAMPIANS,2022,310,1257.0,3.0,18,0.3,1.0,0.2,0.3,34.2,,,,,,
SOUTHERN GRAMPIANS,2022,330,1257.0,3.0,18,0.3,1.0,0.2,0.3,34.2,,,,,,
SOUTHERN GRAMPIANS,2022,300,1257.0,3.0,18,0.3,1.0,0.2,0.3,34.2,,,,,,
SOUTHERN GRAMPIANS,2022,310,1257.0,3.0,18,0.3,1.0,0.2,0.3,34.2,,,,,,
SOUTHERN GRAMPIANS,2023,340,1226.0,3.0,18,0.3,1.0,0.2,0.3,34.2,,,,,,
SOUTHERN GRAMPIANS,2023,330,1226.0,3.0,18,0.3,1.0,0.2,0.3,34.2,,,,,,
SOUTHERN GRAMPIANS,2023,320,1226.0,3.0,18,0.3,1.0,0.2,0.3,34.2,,,,,,
SOUTHERN GRAMPIANS,2023,340,1226.0,3.0,18,0.3,1.0,0.2,0.3,34.2,,,,,,
SOUTHERN GRAMPIANS,2024,360,1700.0,3.0,18,0.3,1.0,0.2,0.3,34.2,,,,,,
SOUTHERN GRAMPIANS,2024,350,1700.0,3.0,18,0.3,1.0,0.2,0.3,34.2,,,,,,
SOUTHERN GRAMPIANS,2024,320,1700.0,3.0,18,0.3,1.0,0.2,0.3,34.2,,,,,,
SOUTHERN GRAMPIANS,2024,348,1700.0,3.0,18,0.3,1.0,0.2,0.3,34.2,,,,,,
SOUTHERN GRAMPIANS,2025,360,1267.0,3.0,18,0.3,1.0,0.2,0.3,34.2,,,,,,
SOUTHERN GRAMPIANS,2025,350,1267.0,3.0,18,0.3,1.0,0.2,0.3,34.2,,,,,,
SOUTHERN GRAMPIANS,2025,380,1267.0,3.0,18,0.3,1.0,0.2,0.3,34.2,,,,,,
STONNINGTON,1999,200,,6.0,24,0.4,1.2,0.5,0.2,20.1,311 Glenferrie Road, Malvern VIC 3144,-37.8618,145.0287,7.31,10.2
STONNINGTON,1999,210,,6.0,24,0.4,1.2,0.5,0.2,20.1,311 Glenferrie Road, Malvern VIC 3144,-37.8618,145.0287,7.31,10.2
STONNINGTON,1999,210,,6.0,24,0.4,1.2,0.5,0.2,20.1,311 Glenferrie Road, Malvern VIC 3144,-37.8618,145.0287,7.31,10.2
STONNINGTON,2000,220,,6.0,24,0.4,1.2,0.5,0.2,20.1,311 Glenferrie Road, Malvern VIC 3144,-37.8618,145.0287,7.31,10.2
STONNINGTON,2000,230,,6.0,24,0.4,1.2,0.5,0.2,20.1,311 Glenferrie Road, Malvern VIC 3144,-37.8618,145.0287,7.31,10.2
STONNINGTON,2000,230,,6.0,24,0.4,1.2,0.5,0.2,20.1,311 Glenferrie Road, Malvern VIC 3144,-37.8618,145.0287,7.31,10.2
STONNINGTON,2000,230,,6.0,24,0.4,1.2,0.5,0.2,20.1,311 Glenferrie Road, Malvern VIC 3144,-37.8618,145.0287,7.31,10.2
STONNINGTON,2001,230,,6.0,24,0.4,1.2,0.5,0.2,20.1,311 Glenferrie Road, Malvern VIC 3144,-37.8618,145.0287,7.31,10.2
STONNINGTON,2001,240,,6.0,24,0.4,1.2,0.5,0.2,20.1,311 Glenferrie Road, Malvern VIC 3144,-37.8618,145.0287,7.31,10.2
STONNINGTON,2001,240,,6.0,24,0.4,1.2,0.5,0.2,20.1,311 Glenferrie Road, Malvern VIC 3144,-37.8618,145.0287,7.31,10.2
STONNINGTON,2001,240,,6.0,24,0.4,1.2,0.5,0.2,20.1,311 Glenferrie Road, Malvern VIC 3144,-37.8618,145.0287,7.31,10.2
STONNINGTON,2002,244,,6.0,24,0.4,1.2,0.5,0.2,20.1,311 Glenferrie Road, Malvern VIC 3144,-37.8618,145.0287,7.31,10.2
STONNINGTON,2002,250,,6.0,24,0.4,1.2,0.5,0.2,20.1,311 Glenferrie Road, Malvern VIC 3144,-37.8618,145.0287,7.31,10.2
STONNINGTON,2002,250,,6.0,24,0.4,1.2,0.5,0.2,20.1,311 Glenferrie Road, Malvern VIC 3144,-37.8618,145.0287,7.31,10.2
STONNINGTON,2002,250,,6.0,24,0.4,1.2,0.5,0.2,20.1,311 Glenferrie Road, Malvern VIC 3144,-37.8618,145.0287,7.31,10.2
STONNINGTON,2003,250,,6.0,24,0.4,1.2,0.5,0.2,20.1,311 Glenferrie Road, Malvern VIC 3144,-37.8618,145.0287,7.31,10.2
STONNINGTON,2003,250,,6.0,24,0.4,1.2,0.5,0.2,20.1,311 Glenferrie Road, Malvern VIC 3144,-37.8618,145.0287,7.31,10.2
STONNINGTON,2003,250,,6.0,24,0.4,1.2,0.5,0.2,20.1,311 Glenferrie Road, Malvern VIC 3144,-37.8618,145.0287,7.31,10.2
STONNINGTON,2003,250,,6.0,24,0.4,1.2,0.5,0.2,20.1,311 Glenferrie Road, Malvern VIC 3144,-37.8618,145.0287,7.31,10.2
STONNINGTON,2004,250,,6.0,24,0.4,1.2,0.5,0.2,20.1,311 Glenferrie Road, Malvern VIC 3144,-37.8618,145.0287,7.31,10.2
STONNINGTON,2004,250,,6.0,24,0.4,1.2,0.5,0.2,20.1,311 Glenferrie Road, Malvern VIC 3144,-37.8618,145.0287,7.31,10.2
STONNINGTON,2004,250,,6.0,24,0.4,1.2,0.5,0.2,20.1,311 Glenferrie Road, Malvern VIC 3144,-37.8618,145.0287,7.31,10.2
STONNINGTON,2004,260,,6.0,24,0.4,1.2,0.5,0.2,20.1,311 Glenferrie Road, Malvern VIC 3144,-37.8618,145.0287,7.31,10.2
STONNINGTON,2005,250,,6.0,24,0.4,1.2,0.5,0.2,20.1,311 Glenferrie Road, Malvern VIC 3144,-37.8618,145.0287,7.31,10.2
STONNINGTON,2005,255,,6.0,24,0.4,1.2,0.5,0.2,20.1,311 Glenferrie Road, Malvern VIC 3144,-37.8618,145.0287,7.31,10.2
STONNINGTON,2005,260,,6.0,24,0.4,1.2,0.5,0.2,20.1,311 Glenferrie Road, Malvern VIC 3144,-37.8618,145.0287,7.31,10.2
STONNINGTON,2005,261,,6.0,24,0.4,1.2,0.5,0.2,20.1,311 Glenferrie Road, Malvern VIC 3144,-37.8618,145.0287,7.31,10.2
STONNINGTON,2006,265,,6.0,24,0.4,1.2,0.5,0.2,20.1,311 Glenferrie Road, Malvern VIC 3144,-37.8618,145.0287,7.31,10.2
STONNINGTON,2006,280,,6.0,24,0.4,1.2,0.5,0.2,20.1,311 Glenferrie Road, Malvern VIC 3144,-37.8618,145.0287,7.31,10.2
STONNINGTON,2006,275,,6.0,24,0.4,1.2,0.5,0.2,20.1,311 Glenferrie Road, Malvern VIC 3144,-37.8618,145.0287,7.31,10.2
STONNINGTON,2006,285,,6.0,24,0.4,1.2,0.5,0.2,20.1,311 Glenferrie Road, Malvern VIC 3144,-37.8618,145.0287,7.31,10.2
STONNINGTON,2007,295,,6.0,24,0.4,1.2,0.5,0.2,20.1,311 Glenferrie Road, Malvern VIC 3144,-37.8618,145.0287,7.31,10.2
STONNINGTON,2007,310,,6.0,24,0.4,1.2,0.5,0.2,20.1,311 Glenferrie Road, Malvern VIC 3144,-37.8618,145.0287,7.31,10.2
STONNINGTON,2007,320,,6.0,24,0.4,1.2,0.5,0.2,20.1,311 Glenferrie Road, Malvern VIC 3144,-37.8618,145.0287,7.31,10.2
STONNINGTON,2007,325,,6.0,24,0.4,1.2,0.5,0.2,20.1,311 Glenferrie Road, Malvern VIC 3144,-37.8618,145.0287,7.31,10.2
STONNINGTON,2008,345,,6.0,24,0.4,1.2,0.5,0.2,20.1,311 Glenferrie Road, Malvern VIC 3144,-37.8618,145.0287,7.31,10.2
STONNINGTON,2008,350,,6.0,24,0.4,1.2,0.5,0.2,20.1,311 Glenferrie Road, Malvern VIC 3144,-37.8618,145.0287,7.31,10.2
STONNINGTON,2008,360,,6.0,24,0.4,1.2,0.5,0.2,20.1,311 Glenferrie Road, Malvern VIC 3144,-37.8618,145.0287,7.31,10.2
STONNINGTON,2008,350,,6.0,24,0.4,1.2,0.5,0.2,20.1,311 Glenferrie Road, Malvern VIC 3144,-37.8618,145.0287,7.31,10.2
STONNINGTON,2009,360,,6.0,24,0.4,1.2,0.5,0.2,20.1,311 Glenferrie Road, Malvern VIC 3144,-37.8618,145.0287,7.31,10.2
STONNINGTON,2009,360,,6.0,24,0.4,1.2,0.5,0.2,20.1,311 Glenferrie Road, Malvern VIC 3144,-37.8618,145.0287,7.31,10.2
STONNINGTON,2009,370,,6.0,24,0.4,1.2,0.5,0.2,20.1,311 Glenferrie Road, Malvern VIC 3144,-37.8618,145.0287,7.31,10.2
STONNINGTON,2009,380,,6.0,24,0.4,1.2,0.5,0.2,20.1,311 Glenferrie Road, Malvern VIC 3144,-37.8618,145.0287,7.31,10.2
STONNINGTON,2010,380,,6.0,24,0.4,1.2,0.5,0.2,20.1,311 Glenferrie Road, Malvern VIC 3144,-37.8618,145.0287,7.31,10.2
STONNINGTON,2010,380,,6.0,24,0.4,1.2,0.5,0.2,20.1,311 Glenferrie Road, Malvern VIC 3144,-37.8618,145.0287,7.31,10.2
STONNINGTON,2010,390,,6.0,24,0.4,1.2,0.5,0.2,20.1,311 Glenferrie Road, Malvern VIC 3144,-37.8618,145.0287,7.31,10.2
STONNINGTON,2010,390,,6.0,24,0.4,1.2,0.5,0.2,20.1,311 Glenferrie Road, Malvern VIC 3144,-37.8618,145.0287,7.31,10.2
STONNINGTON,2011,385,,6.0,24,0.4,1.2,0.5,0.2,20.1,311 Glenferrie Road, Malvern VIC 3144,-37.8618,145.0287,7.31,10.2
STONNINGTON,2011,395,,6.0,24,0.4,1.2,0.5,0.2,20.1,311 Glenferrie Road, Malvern VIC 3144,-37.8618,145.0287,7.31,10.2
STONNINGTON,2011,400,,6.0,24,0.4,1.2,0.5,0.2,20.1,311 Glenferrie Road, Malvern VIC 3144,-37.8618,145.0287,7.31,10.2
STONNINGTON,2011,400,,6.0,24,0.4,1.2,0.5,0.2,20.1,311 Glenferrie Road, Malvern VIC 3144,-37.8618,145.0287,7.31,10.2
STONNINGTON,2012,400,,6.0,24,0.4,1.2,0.5,0.2,20.1,311 Glenferrie Road, Malvern VIC 3144,-37.8618,145.0287,7.31,10.2
STONNINGTON,2012,410,,6.0,24,0.4,1.2,0.5,0.2,20.1,311 Glenferrie Road, Malvern VIC 3144,-37.8618,145.0287,7.31,10.2
STONNINGTON,2012,400,,6.0,24,0.4,1.2,0.5,0.2,20.1,311 Glenferrie Road, Malvern VIC 3144,-37.8618,145.0287,7.31,10.2
STONNINGTON,2012,400,,6.0,24,0.4,1.2,0.5,0.2,20.1,311 Glenferrie Road, Malvern VIC 3144,-37.8618,145.0287,7.31,10.2
STONNINGTON,2013,400,,6.0,24,0.4,1.2,0.5,0.2,20.1,311 Glenferrie Road, Malvern VIC 3144,-37.8618,145.0287,7.31,10.2
STONNINGTON,2013,400,,6.0,24,0.4,1.2,0.5,0.2,20.1,311 Glenferrie Road, Malvern VIC 3144,-37.8618,145.0287,7.31,10.2
STONNINGTON,2013,400,,6.0,24,0.4,1.2,0.5,0.2,20.1,311 Glenferrie Road, Malvern VIC 3144,-37.8618,145.0287,7.31,10.2
STONNINGTON,2013,400,,6.0,24,0.4,1.2,0.5,0.2,20.1,311 Glenferrie Road, Malvern VIC 3144,-37.8618,145.0287,7.31,10.2
STONNINGTON,2014,400,,6.0,24,0.4,1.2,0.5,0.2,20.1,311 Glenferrie Road, Malvern VIC 3144,-37.8618,145.0287,7.31,10.2
STONNINGTON,2014,400,,6.0,24,0.4,1.2,0.5,0.2,20.1,311 Glenferrie Road, Malvern VIC 3144,-37.8618,145.0287,7.31,10.2
STONNINGTON,2014,410,,6.0,24,0.4,1.2,0.5,0.2,20.1,311 Glenferrie Road, Malvern VIC 3144,-37.8618,145.0287,7.31,10.2
STONNINGTON,2014,420,,6.0,24,0.4,1.2,0.5,0.2,20.1,311 Glenferrie Road, Malvern VIC 3144,-37.8618,145.0287,7.31,10.2
STONNINGTON,2015,412,,6.0,24,0.4,1.2,0.5,0.2,20.1,311 Glenferrie Road, Malvern VIC 3144,-37.8618,145.0287,7.31,10.2
STONNINGTON,2015,420,,6.0,24,0.4,1.2,0.5,0.2,20.1,311 Glenferrie Road, Malvern VIC 3144,-37.8618,145.0287,7.31,10.2
STONNINGTON,2015,420,,6.0,24,0.4,1.2,0.5,0.2,20.1,311 Glenferrie Road, Malvern VIC 3144,-37.8618,145.0287,7.31,10.2
STONNINGTON,2015,420,,6.0,24,0.4,1.2,0.5,0.2,20.1,311 Glenferrie Road, Malvern VIC 3144,-37.8618,145.0287,7.31,10.2
STONNINGTON,2016,430,11613.0,6.0,24,0.4,1.2,0.5,0.2,20.1,311 Glenferrie Road, Malvern VIC 3144,-37.8618,145.0287,7.31,10.2
STONNINGTON,2016,430,11613.0,6.0,24,0.4,1.2,0.5,0.2,20.1,311 Glenferrie Road, Malvern VIC 3144,-37.8618,145.0287,7.31,10.2
STONNINGTON,2016,440,11613.0,6.0,24,0.4,1.2,0.5,0.2,20.1,311 Glenferrie Road, Malvern VIC 3144,-37.8618,145.0287,7.31,10.2
STONNINGTON,2016,440,11613.0,6.0,24,0.4,1.2,0.5,0.2,20.1,311 Glenferrie Road, Malvern VIC 3144,-37.8618,145.0287,7.31,10.2
STONNINGTON,2017,440,9895.0,6.0,24,0.4,1.2,0.5,0.2,20.1,311 Glenferrie Road, Malvern VIC 3144,-37.8618,145.0287,7.31,10.2
STONNINGTON,2017,450,9895.0,6.0,24,0.4,1.2,0.5,0.2,20.1,311 Glenferrie Road, Malvern VIC 3144,-37.8618,145.0287,7.31,10.2
STONNINGTON,2017,450,9895.0,6.0,24,0.4,1.2,0.5,0.2,20.1,311 Glenferrie Road, Malvern VIC 3144,-37.8618,145.0287,7.31,10.2
STONNINGTON,2017,460,9895.0,6.0,24,0.4,1.2,0.5,0.2,20.1,311 Glenferrie Road, Malvern VIC 3144,-37.8618,145.0287,7.31,10.2
STONNINGTON,2018,460,10769.0,6.0,24,0.4,1.2,0.5,0.2,20.1,311 Glenferrie Road, Malvern VIC 3144,-37.8618,145.0287,7.31,10.2
STONNINGTON,2018,470,10769.0,6.0,24,0.4,1.2,0.5,0.2,20.1,311 Glenferrie Road, Malvern VIC 3144,-37.8618,145.0287,7.31,10.2
STONNINGTON,2018,460,10769.0,6.0,24,0.4,1.2,0.5,0.2,20.1,311 Glenferrie Road, Malvern VIC 3144,-37.8618,145.0287,7.31,10.2
STONNINGTON,2018,470,10769.0,6.0,24,0.4,1.2,0.5,0.2,20.1,311 Glenferrie Road, Malvern VIC 3144,-37.8618,145.0287,7.31,10.2
STONNINGTON,2019,480,11746.0,6.0,24,0.4,1.2,0.5,0.2,20.1,311 Glenferrie Road, Malvern VIC 3144,-37.8618,145.0287,7.31,10.2
STONNINGTON,2019,480,11746.0,6.0,24,0.4,1.2,0.5,0.2,20.1,311 Glenferrie Road, Malvern VIC 3144,-37.8618,145.0287,7.31,10.2
STONNINGTON,2019,480,11746.0,6.0,24,0.4,1.2,0.5,0.2,20.1,311 Glenferrie Road, Malvern VIC 3144,-37.8618,145.0287,7.31,10.2
STONNINGTON,2019,485,11746.0,6.0,24,0.4,1.2,0.5,0.2,20.1,311 Glenferrie Road, Malvern VIC 3144,-37.8618,145.0287,7.31,10.2
STONNINGTON,2020,490,11638.0,6.0,24,0.4,1.2,0.5,0.2,20.1,311 Glenferrie Road, Malvern VIC 3144,-37.8618,145.0287,7.31,10.2
STONNINGTON,2020,450,11638.0,6.0,24,0.4,1.2,0.5,0.2,20.1,311 Glenferrie Road, Malvern VIC 3144,-37.8618,145.0287,7.31,10.2
STONNINGTON,2020,450,11638.0,6.0,24,0.4,1.2,0.5,0.2,20.1,311 Glenferrie Road, Malvern VIC 3144,-37.8618,145.0287,7.31,10.2
STONNINGTON,2020,425,11638.0,6.0,24,0.4,1.2,0.5,0.2,20.1,311 Glenferrie Road, Malvern VIC 3144,-37.8618,145.0287,7.31,10.2
STONNINGTON,2021,410,10608.0,6.0,24,0.4,1.2,0.5,0.2,20.1,311 Glenferrie Road, Malvern VIC 3144,-37.8618,145.0287,7.31,10.2
STONNINGTON,2021,400,10608.0,6.0,24,0.4,1.2,0.5,0.2,20.1,311 Glenferrie Road, Malvern VIC 3144,-37.8618,145.0287,7.31,10.2
STONNINGTON,2021,410,10608.0,6.0,24,0.4,1.2,0.5,0.2,20.1,311 Glenferrie Road, Malvern VIC 3144,-37.8618,145.0287,7.31,10.2
STONNINGTON,2021,410,10608.0,6.0,24,0.4,1.2,0.5,0.2,20.1,311 Glenferrie Road, Malvern VIC 3144,-37.8618,145.0287,7.31,10.2
STONNINGTON,2022,430,11352.0,6.0,24,0.4,1.2,0.5,0.2,20.1,311 Glenferrie Road, Malvern VIC 3144,-37.8618,145.0287,7.31,10.2
STONNINGTON,2022,450,11352.0,6.0,24,0.4,1.2,0.5,0.2,20.1,311 Glenferrie Road, Malvern VIC 3144,-37.8618,145.0287,7.31,10.2
STONNINGTON,2022,460,11352.0,6.0,24,0.4,1.2,0.5,0.2,20.1,311 Glenferrie Road, Malvern VIC 3144,-37.8618,145.0287,7.31,10.2
STONNINGTON,2022,485,11352.0,6.0,24,0.4,1.2,0.5,0.2,20.1,311 Glenferrie Road, Malvern VIC 3144,-37.8618,145.0287,7.31,10.2
STONNINGTON,2023,550,11220.0,6.0,24,0.4,1.2,0.5,0.2,20.1,311 Glenferrie Road, Malvern VIC 3144,-37.8618,145.0287,7.31,10.2
STONNINGTON,2023,550,11220.0,6.0,24,0.4,1.2,0.5,0.2,20.1,311 Glenferrie Road, Malvern VIC 3144,-37.8618,145.0287,7.31,10.2
STONNINGTON,2023,550,11220.0,6.0,24,0.4,1.2,0.5,0.2,20.1,311 Glenferrie Road, Malvern VIC 3144,-37.8618,145.0287,7.31,10.2
STONNINGTON,2023,580,11220.0,6.0,24,0.4,1.2,0.5,0.2,20.1,311 Glenferrie Road, Malvern VIC 3144,-37.8618,145.0287,7.31,10.2
STONNINGTON,2024,585,12939.0,6.0,24,0.4,1.2,0.5,0.2,20.1,311 Glenferrie Road, Malvern VIC 3144,-37.8618,145.0287,7.31,10.2
STONNINGTON,2024,595,12939.0,6.0,24,0.4,1.2,0.5,0.2,20.1,311 Glenferrie Road, Malvern VIC 3144,-37.8618,145.0287,7.31,10.2
STONNINGTON,2024,580,12939.0,6.0,24,0.4,1.2,0.5,0.2,20.1,311 Glenferrie Road, Malvern VIC 3144,-37.8618,145.0287,7.31,10.2
STONNINGTON,2024,595,12939.0,6.0,24,0.4,1.2,0.5,0.2,20.1,311 Glenferrie Road, Malvern VIC 3144,-37.8618,145.0287,7.31,10.2
STONNINGTON,2025,620,13842.0,6.0,24,0.4,1.2,0.5,0.2,20.1,311 Glenferrie Road, Malvern VIC 3144,-37.8618,145.0287,7.31,10.2
STONNINGTON,2025,625,13842.0,6.0,24,0.4,1.2,0.5,0.2,20.1,311 Glenferrie Road, Malvern VIC 3144,-37.8618,145.0287,7.31,10.2
STONNINGTON,2025,620,13842.0,6.0,24,0.4,1.2,0.5,0.2,20.1,311 Glenferrie Road, Malvern VIC 3144,-37.8618,145.0287,7.31,10.2
STRATHBOGIE,1999,110,,,8,0.5,1.1,0.2,0.3,30.9,,,,,,
STRATHBOGIE,1999,103,,,8,0.5,1.1,0.2,0.3,30.9,,,,,,
STRATHBOGIE,1999,103,,,8,0.5,1.1,0.2,0.3,30.9,,,,,,
STRATHBOGIE,2000,110,,,8,0.5,1.1,0.2,0.3,30.9,,,,,,
STRATHBOGIE,2000,120,,,8,0.5,1.1,0.2,0.3,30.9,,,,,,
STRATHBOGIE,2000,105,,,8,0.5,1.1,0.2,0.3,30.9,,,,,,
STRATHBOGIE,2000,105,,,8,0.5,1.1,0.2,0.3,30.9,,,,,,
STRATHBOGIE,2001,100,,,8,0.5,1.1,0.2,0.3,30.9,,,,,,
STRATHBOGIE,2001,105,,,8,0.5,1.1,0.2,0.3,30.9,,,,,,
STRATHBOGIE,2001,110,,,8,0.5,1.1,0.2,0.3,30.9,,,,,,
STRATHBOGIE,2001,120,,,8,0.5,1.1,0.2,0.3,30.9,,,,,,
STRATHBOGIE,2002,110,,,8,0.5,1.1,0.2,0.3,30.9,,,,,,
STRATHBOGIE,2002,115,,,8,0.5,1.1,0.2,0.3,30.9,,,,,,
STRATHBOGIE,2002,120,,,8,0.5,1.1,0.2,0.3,30.9,,,,,,
STRATHBOGIE,2002,123,,,8,0.5,1.1,0.2,0.3,30.9,,,,,,
STRATHBOGIE,2003,130,,,8,0.5,1.1,0.2,0.3,30.9,,,,,,
STRATHBOGIE,2003,125,,,8,0.5,1.1,0.2,0.3,30.9,,,,,,
STRATHBOGIE,2003,130,,,8,0.5,1.1,0.2,0.3,30.9,,,,,,
STRATHBOGIE,2003,135,,,8,0.5,1.1,0.2,0.3,30.9,,,,,,
STRATHBOGIE,2004,150,,,8,0.5,1.1,0.2,0.3,30.9,,,,,,
STRATHBOGIE,2004,140,,,8,0.5,1.1,0.2,0.3,30.9,,,,,,
STRATHBOGIE,2004,140,,,8,0.5,1.1,0.2,0.3,30.9,,,,,,
STRATHBOGIE,2004,150,,,8,0.5,1.1,0.2,0.3,30.9,,,,,,
STRATHBOGIE,2005,145,,,8,0.5,1.1,0.2,0.3,30.9,,,,,,
STRATHBOGIE,2005,150,,,8,0.5,1.1,0.2,0.3,30.9,,,,,,
STRATHBOGIE,2005,150,,,8,0.5,1.1,0.2,0.3,30.9,,,,,,
STRATHBOGIE,2005,150,,,8,0.5,1.1,0.2,0.3,30.9,,,,,,
STRATHBOGIE,2006,163,,,8,0.5,1.1,0.2,0.3,30.9,,,,,,
STRATHBOGIE,2006,155,,,8,0.5,1.1,0.2,0.3,30.9,,,,,,
STRATHBOGIE,2006,150,,,8,0.5,1.1,0.2,0.3,30.9,,,,,,
STRATHBOGIE,2006,168,,,8,0.5,1.1,0.2,0.3,30.9,,,,,,
STRATHBOGIE,2007,165,,,8,0.5,1.1,0.2,0.3,30.9,,,,,,
STRATHBOGIE,2007,170,,,8,0.5,1.1,0.2,0.3,30.9,,,,,,
STRATHBOGIE,2007,165,,,8,0.5,1.1,0.2,0.3,30.9,,,,,,
STRATHBOGIE,2007,180,,,8,0.5,1.1,0.2,0.3,30.9,,,,,,
STRATHBOGIE,2008,170,,,8,0.5,1.1,0.2,0.3,30.9,,,,,,
STRATHBOGIE,2008,178,,,8,0.5,1.1,0.2,0.3,30.9,,,,,,
STRATHBOGIE,2008,180,,,8,0.5,1.1,0.2,0.3,30.9,,,,,,
STRATHBOGIE,2008,190,,,8,0.5,1.1,0.2,0.3,30.9,,,,,,
STRATHBOGIE,2009,180,,,8,0.5,1.1,0.2,0.3,30.9,,,,,,
STRATHBOGIE,2009,178,,,8,0.5,1.1,0.2,0.3,30.9,,,,,,
STRATHBOGIE,2009,190,,,8,0.5,1.1,0.2,0.3,30.9,,,,,,
STRATHBOGIE,2009,190,,,8,0.5,1.1,0.2,0.3,30.9,,,,,,
STRATHBOGIE,2010,200,,,8,0.5,1.1,0.2,0.3,30.9,,,,,,
STRATHBOGIE,2010,183,,,8,0.5,1.1,0.2,0.3,30.9,,,,,,
STRATHBOGIE,2010,198,,,8,0.5,1.1,0.2,0.3,30.9,,,,,,
STRATHBOGIE,2010,230,,,8,0.5,1.1,0.2,0.3,30.9,,,,,,
STRATHBOGIE,2011,220,,,8,0.5,1.1,0.2,0.3,30.9,,,,,,
STRATHBOGIE,2011,220,,,8,0.5,1.1,0.2,0.3,30.9,,,,,,
STRATHBOGIE,2011,220,,,8,0.5,1.1,0.2,0.3,30.9,,,,,,
STRATHBOGIE,2011,225,,,8,0.5,1.1,0.2,0.3,30.9,,,,,,
STRATHBOGIE,2012,230,,,8,0.5,1.1,0.2,0.3,30.9,,,,,,
STRATHBOGIE,2012,220,,,8,0.5,1.1,0.2,0.3,30.9,,,,,,
STRATHBOGIE,2012,240,,,8,0.5,1.1,0.2,0.3,30.9,,,,,,
STRATHBOGIE,2012,230,,,8,0.5,1.1,0.2,0.3,30.9,,,,,,
STRATHBOGIE,2013,240,,,8,0.5,1.1,0.2,0.3,30.9,,,,,,
STRATHBOGIE,2013,240,,,8,0.5,1.1,0.2,0.3,30.9,,,,,,
STRATHBOGIE,2013,230,,,8,0.5,1.1,0.2,0.3,30.9,,,,,,
STRATHBOGIE,2013,220,,,8,0.5,1.1,0.2,0.3,30.9,,,,,,
STRATHBOGIE,2014,238,,,8,0.5,1.1,0.2,0.3,30.9,,,,,,
STRATHBOGIE,2014,260,,,8,0.5,1.1,0.2,0.3,30.9,,,,,,
STRATHBOGIE,2014,230,,,8,0.5,1.1,0.2,0.3,30.9,,,,,,
STRATHBOGIE,2014,250,,,8,0.5,1.1,0.2,0.3,30.9,,,,,,
STRATHBOGIE,2015,235,,,8,0.5,1.1,0.2,0.3,30.9,,,,,,
STRATHBOGIE,2015,238,,,8,0.5,1.1,0.2,0.3,30.9,,,,,,
STRATHBOGIE,2015,240,,,8,0.5,1.1,0.2,0.3,30.9,,,,,,
STRATHBOGIE,2015,250,,,8,0.5,1.1,0.2,0.3,30.9,,,,,,
STRATHBOGIE,2016,260,676.0,,8,0.5,1.1,0.2,0.3,30.9,,,,,,
STRATHBOGIE,2016,255,676.0,,8,0.5,1.1,0.2,0.3,30.9,,,,,,
STRATHBOGIE,2016,250,676.0,,8,0.5,1.1,0.2,0.3,30.9,,,,,,
STRATHBOGIE,2016,260,676.0,,8,0.5,1.1,0.2,0.3,30.9,,,,,,
STRATHBOGIE,2017,260,568.0,,8,0.5,1.1,0.2,0.3,30.9,,,,,,
STRATHBOGIE,2017,280,568.0,,8,0.5,1.1,0.2,0.3,30.9,,,,,,
STRATHBOGIE,2017,265,568.0,,8,0.5,1.1,0.2,0.3,30.9,,,,,,
STRATHBOGIE,2017,258,568.0,,8,0.5,1.1,0.2,0.3,30.9,,,,,,
STRATHBOGIE,2018,268,604.0,,8,0.5,1.1,0.2,0.3,30.9,,,,,,
STRATHBOGIE,2018,295,604.0,,8,0.5,1.1,0.2,0.3,30.9,,,,,,
STRATHBOGIE,2018,300,604.0,,8,0.5,1.1,0.2,0.3,30.9,,,,,,
STRATHBOGIE,2018,290,604.0,,8,0.5,1.1,0.2,0.3,30.9,,,,,,
STRATHBOGIE,2019,280,628.0,,8,0.5,1.1,0.2,0.3,30.9,,,,,,
STRATHBOGIE,2019,300,628.0,,8,0.5,1.1,0.2,0.3,30.9,,,,,,
STRATHBOGIE,2019,290,628.0,,8,0.5,1.1,0.2,0.3,30.9,,,,,,
STRATHBOGIE,2019,300,628.0,,8,0.5,1.1,0.2,0.3,30.9,,,,,,
STRATHBOGIE,2020,300,615.0,,8,0.5,1.1,0.2,0.3,30.9,,,,,,
STRATHBOGIE,2020,300,615.0,,8,0.5,1.1,0.2,0.3,30.9,,,,,,
STRATHBOGIE,2020,320,615.0,,8,0.5,1.1,0.2,0.3,30.9,,,,,,
STRATHBOGIE,2020,320,615.0,,8,0.5,1.1,0.2,0.3,30.9,,,,,,
STRATHBOGIE,2021,330,637.0,,8,0.5,1.1,0.2,0.3,30.9,,,,,,
STRATHBOGIE,2021,350,637.0,,8,0.5,1.1,0.2,0.3,30.9,,,,,,
STRATHBOGIE,2021,335,637.0,,8,0.5,1.1,0.2,0.3,30.9,,,,,,
STRATHBOGIE,2021,350,637.0,,8,0.5,1.1,0.2,0.3,30.9,,,,,,
STRATHBOGIE,2022,350,602.0,,8,0.5,1.1,0.2,0.3,30.9,,,,,,
STRATHBOGIE,2022,350,602.0,,8,0.5,1.1,0.2,0.3,30.9,,,,,,
STRATHBOGIE,2022,380,602.0,,8,0.5,1.1,0.2,0.3,30.9,,,,,,
STRATHBOGIE,2022,385,602.0,,8,0.5,1.1,0.2,0.3,30.9,,,,,,
STRATHBOGIE,2023,440,529.0,,8,0.5,1.1,0.2,0.3,30.9,,,,,,
STRATHBOGIE,2023,400,529.0,,8,0.5,1.1,0.2,0.3,30.9,,,,,,
STRATHBOGIE,2023,430,529.0,,8,0.5,1.1,0.2,0.3,30.9,,,,,,
STRATHBOGIE,2023,400,529.0,,8,0.5,1.1,0.2,0.3,30.9,,,,,,
STRATHBOGIE,2024,450,776.0,,8,0.5,1.1,0.2,0.3,30.9,,,,,,
STRATHBOGIE,2024,450,776.0,,8,0.5,1.1,0.2,0.3,30.9,,,,,,
STRATHBOGIE,2024,450,776.0,,8,0.5,1.1,0.2,0.3,30.9,,,,,,
STRATHBOGIE,2024,432,776.0,,8,0.5,1.1,0.2,0.3,30.9,,,,,,
STRATHBOGIE,2025,480,672.0,,8,0.5,1.1,0.2,0.3,30.9,,,,,,
STRATHBOGIE,2025,460,672.0,,8,0.5,1.1,0.2,0.3,30.9,,,,,,
STRATHBOGIE,2025,485,672.0,,8,0.5,1.1,0.2,0.3,30.9,,,,,,
SURF COAST,1999,145,,1.0,13,0.4,1.2,0.1,0.2,20.7,,,,,,
SURF COAST,1999,150,,1.0,13,0.4,1.2,0.1,0.2,20.7,,,,,,
SURF COAST,1999,150,,1.0,13,0.4,1.2,0.1,0.2,20.7,,,,,,
SURF COAST,2000,158,,1.0,13,0.4,1.2,0.1,0.2,20.7,,,,,,
SURF COAST,2000,159,,1.0,13,0.4,1.2,0.1,0.2,20.7,,,,,,
SURF COAST,2000,168,,1.0,13,0.4,1.2,0.1,0.2,20.7,,,,,,
SURF COAST,2000,165,,1.0,13,0.4,1.2,0.1,0.2,20.7,,,,,,
SURF COAST,2001,170,,1.0,13,0.4,1.2,0.1,0.2,20.7,,,,,,
SURF COAST,2001,180,,1.0,13,0.4,1.2,0.1,0.2,20.7,,,,,,
SURF COAST,2001,175,,1.0,13,0.4,1.2,0.1,0.2,20.7,,,,,,
SURF COAST,2001,170,,1.0,13,0.4,1.2,0.1,0.2,20.7,,,,,,
SURF COAST,2002,180,,1.0,13,0.4,1.2,0.1,0.2,20.7,,,,,,
SURF COAST,2002,180,,1.0,13,0.4,1.2,0.1,0.2,20.7,,,,,,
SURF COAST,2002,185,,1.0,13,0.4,1.2,0.1,0.2,20.7,,,,,,
SURF COAST,2002,210,,1.0,13,0.4,1.2,0.1,0.2,20.7,,,,,,
SURF COAST,2003,200,,1.0,13,0.4,1.2,0.1,0.2,20.7,,,,,,
SURF COAST,2003,193,,1.0,13,0.4,1.2,0.1,0.2,20.7,,,,,,
SURF COAST,2003,200,,1.0,13,0.4,1.2,0.1,0.2,20.7,,,,,,
SURF COAST,2003,210,,1.0,13,0.4,1.2,0.1,0.2,20.7,,,,,,
SURF COAST,2004,210,,1.0,13,0.4,1.2,0.1,0.2,20.7,,,,,,
SURF COAST,2004,200,,1.0,13,0.4,1.2,0.1,0.2,20.7,,,,,,
SURF COAST,2004,205,,1.0,13,0.4,1.2,0.1,0.2,20.7,,,,,,
SURF COAST,2004,220,,1.0,13,0.4,1.2,0.1,0.2,20.7,,,,,,
SURF COAST,2005,230,,1.0,13,0.4,1.2,0.1,0.2,20.7,,,,,,
SURF COAST,2005,230,,1.0,13,0.4,1.2,0.1,0.2,20.7,,,,,,
SURF COAST,2005,230,,1.0,13,0.4,1.2,0.1,0.2,20.7,,,,,,
SURF COAST,2005,250,,1.0,13,0.4,1.2,0.1,0.2,20.7,,,,,,
SURF COAST,2006,240,,1.0,13,0.4,1.2,0.1,0.2,20.7,,,,,,
SURF COAST,2006,250,,1.0,13,0.4,1.2,0.1,0.2,20.7,,,,,,
SURF COAST,2006,250,,1.0,13,0.4,1.2,0.1,0.2,20.7,,,,,,
SURF COAST,2006,260,,1.0,13,0.4,1.2,0.1,0.2,20.7,,,,,,
SURF COAST,2007,270,,1.0,13,0.4,1.2,0.1,0.2,20.7,,,,,,
SURF COAST,2007,260,,1.0,13,0.4,1.2,0.1,0.2,20.7,,,,,,
SURF COAST,2007,260,,1.0,13,0.4,1.2,0.1,0.2,20.7,,,,,,
SURF COAST,2007,280,,1.0,13,0.4,1.2,0.1,0.2,20.7,,,,,,
SURF COAST,2008,280,,1.0,13,0.4,1.2,0.1,0.2,20.7,,,,,,
SURF COAST,2008,270,,1.0,13,0.4,1.2,0.1,0.2,20.7,,,,,,
SURF COAST,2008,280,,1.0,13,0.4,1.2,0.1,0.2,20.7,,,,,,
SURF COAST,2008,300,,1.0,13,0.4,1.2,0.1,0.2,20.7,,,,,,
SURF COAST,2009,330,,1.0,13,0.4,1.2,0.1,0.2,20.7,,,,,,
SURF COAST,2009,300,,1.0,13,0.4,1.2,0.1,0.2,20.7,,,,,,
SURF COAST,2009,290,,1.0,13,0.4,1.2,0.1,0.2,20.7,,,,,,
SURF COAST,2009,330,,1.0,13,0.4,1.2,0.1,0.2,20.7,,,,,,
SURF COAST,2010,330,,1.0,13,0.4,1.2,0.1,0.2,20.7,,,,,,
SURF COAST,2010,340,,1.0,13,0.4,1.2,0.1,0.2,20.7,,,,,,
SURF COAST,2010,320,,1.0,13,0.4,1.2,0.1,0.2,20.7,,,,,,
SURF COAST,2010,360,,1.0,13,0.4,1.2,0.1,0.2,20.7,,,,,,
SURF COAST,2011,350,,1.0,13,0.4,1.2,0.1,0.2,20.7,,,,,,
SURF COAST,2011,350,,1.0,13,0.4,1.2,0.1,0.2,20.7,,,,,,
SURF COAST,2011,340,,1.0,13,0.4,1.2,0.1,0.2,20.7,,,,,,
SURF COAST,2011,400,,1.0,13,0.4,1.2,0.1,0.2,20.7,,,,,,
SURF COAST,2012,365,,1.0,13,0.4,1.2,0.1,0.2,20.7,,,,,,
SURF COAST,2012,368,,1.0,13,0.4,1.2,0.1,0.2,20.7,,,,,,
SURF COAST,2012,360,,1.0,13,0.4,1.2,0.1,0.2,20.7,,,,,,
SURF COAST,2012,380,,1.0,13,0.4,1.2,0.1,0.2,20.7,,,,,,
SURF COAST,2013,370,,1.0,13,0.4,1.2,0.1,0.2,20.7,,,,,,
SURF COAST,2013,365,,1.0,13,0.4,1.2,0.1,0.2,20.7,,,,,,
SURF COAST,2013,350,,1.0,13,0.4,1.2,0.1,0.2,20.7,,,,,,
SURF COAST,2013,375,,1.0,13,0.4,1.2,0.1,0.2,20.7,,,,,,
SURF COAST,2014,390,,1.0,13,0.4,1.2,0.1,0.2,20.7,,,,,,
SURF COAST,2014,395,,1.0,13,0.4,1.2,0.1,0.2,20.7,,,,,,
SURF COAST,2014,375,,1.0,13,0.4,1.2,0.1,0.2,20.7,,,,,,
SURF COAST,2014,400,,1.0,13,0.4,1.2,0.1,0.2,20.7,,,,,,
SURF COAST,2015,400,,1.0,13,0.4,1.2,0.1,0.2,20.7,,,,,,
SURF COAST,2015,390,,1.0,13,0.4,1.2,0.1,0.2,20.7,,,,,,
SURF COAST,2015,395,,1.0,13,0.4,1.2,0.1,0.2,20.7,,,,,,
SURF COAST,2015,410,,1.0,13,0.4,1.2,0.1,0.2,20.7,,,,,,
SURF COAST,2016,410,1351.0,1.0,13,0.4,1.2,0.1,0.2,20.7,,,,,,
SURF COAST,2016,410,1351.0,1.0,13,0.4,1.2,0.1,0.2,20.7,,,,,,
SURF COAST,2016,420,1351.0,1.0,13,0.4,1.2,0.1,0.2,20.7,,,,,,
SURF COAST,2016,450,1351.0,1.0,13,0.4,1.2,0.1,0.2,20.7,,,,,,
SURF COAST,2017,440,1165.0,1.0,13,0.4,1.2,0.1,0.2,20.7,,,,,,
SURF COAST,2017,430,1165.0,1.0,13,0.4,1.2,0.1,0.2,20.7,,,,,,
SURF COAST,2017,440,1165.0,1.0,13,0.4,1.2,0.1,0.2,20.7,,,,,,
SURF COAST,2017,450,1165.0,1.0,13,0.4,1.2,0.1,0.2,20.7,,,,,,
SURF COAST,2018,450,1185.0,1.0,13,0.4,1.2,0.1,0.2,20.7,,,,,,
SURF COAST,2018,440,1185.0,1.0,13,0.4,1.2,0.1,0.2,20.7,,,,,,
SURF COAST,2018,450,1185.0,1.0,13,0.4,1.2,0.1,0.2,20.7,,,,,,
SURF COAST,2018,465,1185.0,1.0,13,0.4,1.2,0.1,0.2,20.7,,,,,,
SURF COAST,2019,488,1257.0,1.0,13,0.4,1.2,0.1,0.2,20.7,,,,,,
SURF COAST,2019,445,1257.0,1.0,13,0.4,1.2,0.1,0.2,20.7,,,,,,
SURF COAST,2019,460,1257.0,1.0,13,0.4,1.2,0.1,0.2,20.7,,,,,,
SURF COAST,2019,450,1257.0,1.0,13,0.4,1.2,0.1,0.2,20.7,,,,,,
SURF COAST,2020,450,1510.0,1.0,13,0.4,1.2,0.1,0.2,20.7,,,,,,
SURF COAST,2020,450,1510.0,1.0,13,0.4,1.2,0.1,0.2,20.7,,,,,,
SURF COAST,2020,450,1510.0,1.0,13,0.4,1.2,0.1,0.2,20.7,,,,,,
SURF COAST,2020,470,1510.0,1.0,13,0.4,1.2,0.1,0.2,20.7,,,,,,
SURF COAST,2021,500,1355.0,1.0,13,0.4,1.2,0.1,0.2,20.7,,,,,,
SURF COAST,2021,500,1355.0,1.0,13,0.4,1.2,0.1,0.2,20.7,,,,,,
SURF COAST,2021,520,1355.0,1.0,13,0.4,1.2,0.1,0.2,20.7,,,,,,
SURF COAST,2021,500,1355.0,1.0,13,0.4,1.2,0.1,0.2,20.7,,,,,,
SURF COAST,2022,540,1057.0,1.0,13,0.4,1.2,0.1,0.2,20.7,,,,,,
SURF COAST,2022,520,1057.0,1.0,13,0.4,1.2,0.1,0.2,20.7,,,,,,
SURF COAST,2022,540,1057.0,1.0,13,0.4,1.2,0.1,0.2,20.7,,,,,,
SURF COAST,2022,540,1057.0,1.0,13,0.4,1.2,0.1,0.2,20.7,,,,,,
SURF COAST,2023,600,1205.0,1.0,13,0.4,1.2,0.1,0.2,20.7,,,,,,
SURF COAST,2023,520,1205.0,1.0,13,0.4,1.2,0.1,0.2,20.7,,,,,,
SURF COAST,2023,520,1205.0,1.0,13,0.4,1.2,0.1,0.2,20.7,,,,,,
SURF COAST,2023,525,1205.0,1.0,13,0.4,1.2,0.1,0.2,20.7,,,,,,
SURF COAST,2024,540,1290.0,1.0,13,0.4,1.2,0.1,0.2,20.7,,,,,,
SURF COAST,2024,540,1290.0,1.0,13,0.4,1.2,0.1,0.2,20.7,,,,,,
SURF COAST,2024,550,1290.0,1.0,13,0.4,1.2,0.1,0.2,20.7,,,,,,
SURF COAST,2024,560,1290.0,1.0,13,0.4,1.2,0.1,0.2,20.7,,,,,,
SURF COAST,2025,540,1277.0,1.0,13,0.4,1.2,0.1,0.2,20.7,,,,,,
SURF COAST,2025,575,1277.0,1.0,13,0.4,1.2,0.1,0.2,20.7,,,,,,
SURF COAST,2025,580,1277.0,1.0,13,0.4,1.2,0.1,0.2,20.7,,,,,,
SWAN HILL,1999,130,,1.0,14,0.5,0.9,0.1,0.2,39.2,,,,,,
SWAN HILL,1999,130,,1.0,14,0.5,0.9,0.1,0.2,39.2,,,,,,
SWAN HILL,1999,125,,1.0,14,0.5,0.9,0.1,0.2,39.2,,,,,,
SWAN HILL,2000,130,,1.0,14,0.5,0.9,0.1,0.2,39.2,,,,,,
SWAN HILL,2000,140,,1.0,14,0.5,0.9,0.1,0.2,39.2,,,,,,
SWAN HILL,2000,135,,1.0,14,0.5,0.9,0.1,0.2,39.2,,,,,,
SWAN HILL,2000,140,,1.0,14,0.5,0.9,0.1,0.2,39.2,,,,,,
SWAN HILL,2001,140,,1.0,14,0.5,0.9,0.1,0.2,39.2,,,,,,
SWAN HILL,2001,135,,1.0,14,0.5,0.9,0.1,0.2,39.2,,,,,,
SWAN HILL,2001,130,,1.0,14,0.5,0.9,0.1,0.2,39.2,,,,,,
SWAN HILL,2001,140,,1.0,14,0.5,0.9,0.1,0.2,39.2,,,,,,
SWAN HILL,2002,140,,1.0,14,0.5,0.9,0.1,0.2,39.2,,,,,,
SWAN HILL,2002,140,,1.0,14,0.5,0.9,0.1,0.2,39.2,,,,,,
SWAN HILL,2002,140,,1.0,14,0.5,0.9,0.1,0.2,39.2,,,,,,
SWAN HILL,2002,150,,1.0,14,0.5,0.9,0.1,0.2,39.2,,,,,,
SWAN HILL,2003,145,,1.0,14,0.5,0.9,0.1,0.2,39.2,,,,,,
SWAN HILL,2003,150,,1.0,14,0.5,0.9,0.1,0.2,39.2,,,,,,
SWAN HILL,2003,150,,1.0,14,0.5,0.9,0.1,0.2,39.2,,,,,,
SWAN HILL,2003,155,,1.0,14,0.5,0.9,0.1,0.2,39.2,,,,,,
SWAN HILL,2004,150,,1.0,14,0.5,0.9,0.1,0.2,39.2,,,,,,
SWAN HILL,2004,150,,1.0,14,0.5,0.9,0.1,0.2,39.2,,,,,,
SWAN HILL,2004,150,,1.0,14,0.5,0.9,0.1,0.2,39.2,,,,,,
SWAN HILL,2004,165,,1.0,14,0.5,0.9,0.1,0.2,39.2,,,,,,
SWAN HILL,2005,160,,1.0,14,0.5,0.9,0.1,0.2,39.2,,,,,,
SWAN HILL,2005,160,,1.0,14,0.5,0.9,0.1,0.2,39.2,,,,,,
SWAN HILL,2005,160,,1.0,14,0.5,0.9,0.1,0.2,39.2,,,,,,
SWAN HILL,2005,160,,1.0,14,0.5,0.9,0.1,0.2,39.2,,,,,,
SWAN HILL,2006,170,,1.0,14,0.5,0.9,0.1,0.2,39.2,,,,,,
SWAN HILL,2006,160,,1.0,14,0.5,0.9,0.1,0.2,39.2,,,,,,
SWAN HILL,2006,165,,1.0,14,0.5,0.9,0.1,0.2,39.2,,,,,,
SWAN HILL,2006,170,,1.0,14,0.5,0.9,0.1,0.2,39.2,,,,,,
SWAN HILL,2007,185,,1.0,14,0.5,0.9,0.1,0.2,39.2,,,,,,
SWAN HILL,2007,168,,1.0,14,0.5,0.9,0.1,0.2,39.2,,,,,,
SWAN HILL,2007,170,,1.0,14,0.5,0.9,0.1,0.2,39.2,,,,,,
SWAN HILL,2007,180,,1.0,14,0.5,0.9,0.1,0.2,39.2,,,,,,
SWAN HILL,2008,180,,1.0,14,0.5,0.9,0.1,0.2,39.2,,,,,,
SWAN HILL,2008,190,,1.0,14,0.5,0.9,0.1,0.2,39.2,,,,,,
SWAN HILL,2008,173,,1.0,14,0.5,0.9,0.1,0.2,39.2,,,,,,
SWAN HILL,2008,180,,1.0,14,0.5,0.9,0.1,0.2,39.2,,,,,,
SWAN HILL,2009,190,,1.0,14,0.5,0.9,0.1,0.2,39.2,,,,,,
SWAN HILL,2009,190,,1.0,14,0.5,0.9,0.1,0.2,39.2,,,,,,
SWAN HILL,2009,190,,1.0,14,0.5,0.9,0.1,0.2,39.2,,,,,,
SWAN HILL,2009,190,,1.0,14,0.5,0.9,0.1,0.2,39.2,,,,,,
SWAN HILL,2010,200,,1.0,14,0.5,0.9,0.1,0.2,39.2,,,,,,
SWAN HILL,2010,190,,1.0,14,0.5,0.9,0.1,0.2,39.2,,,,,,
SWAN HILL,2010,200,,1.0,14,0.5,0.9,0.1,0.2,39.2,,,,,,
SWAN HILL,2010,207,,1.0,14,0.5,0.9,0.1,0.2,39.2,,,,,,
SWAN HILL,2011,200,,1.0,14,0.5,0.9,0.1,0.2,39.2,,,,,,
SWAN HILL,2011,200,,1.0,14,0.5,0.9,0.1,0.2,39.2,,,,,,
SWAN HILL,2011,200,,1.0,14,0.5,0.9,0.1,0.2,39.2,,,,,,
SWAN HILL,2011,200,,1.0,14,0.5,0.9,0.1,0.2,39.2,,,,,,
SWAN HILL,2012,215,,1.0,14,0.5,0.9,0.1,0.2,39.2,,,,,,
SWAN HILL,2012,200,,1.0,14,0.5,0.9,0.1,0.2,39.2,,,,,,
SWAN HILL,2012,205,,1.0,14,0.5,0.9,0.1,0.2,39.2,,,,,,
SWAN HILL,2012,215,,1.0,14,0.5,0.9,0.1,0.2,39.2,,,,,,
SWAN HILL,2013,220,,1.0,14,0.5,0.9,0.1,0.2,39.2,,,,,,
SWAN HILL,2013,210,,1.0,14,0.5,0.9,0.1,0.2,39.2,,,,,,
SWAN HILL,2013,215,,1.0,14,0.5,0.9,0.1,0.2,39.2,,,,,,
SWAN HILL,2013,220,,1.0,14,0.5,0.9,0.1,0.2,39.2,,,,,,
SWAN HILL,2014,223,,1.0,14,0.5,0.9,0.1,0.2,39.2,,,,,,
SWAN HILL,2014,215,,1.0,14,0.5,0.9,0.1,0.2,39.2,,,,,,
SWAN HILL,2014,220,,1.0,14,0.5,0.9,0.1,0.2,39.2,,,,,,
SWAN HILL,2014,230,,1.0,14,0.5,0.9,0.1,0.2,39.2,,,,,,
SWAN HILL,2015,225,,1.0,14,0.5,0.9,0.1,0.2,39.2,,,,,,
SWAN HILL,2015,220,,1.0,14,0.5,0.9,0.1,0.2,39.2,,,,,,
SWAN HILL,2015,240,,1.0,14,0.5,0.9,0.1,0.2,39.2,,,,,,
SWAN HILL,2015,220,,1.0,14,0.5,0.9,0.1,0.2,39.2,,,,,,
SWAN HILL,2016,240,2224.0,1.0,14,0.5,0.9,0.1,0.2,39.2,,,,,,
SWAN HILL,2016,250,2224.0,1.0,14,0.5,0.9,0.1,0.2,39.2,,,,,,
SWAN HILL,2016,250,2224.0,1.0,14,0.5,0.9,0.1,0.2,39.2,,,,,,
SWAN HILL,2016,230,2224.0,1.0,14,0.5,0.9,0.1,0.2,39.2,,,,,,
SWAN HILL,2017,240,2412.0,1.0,14,0.5,0.9,0.1,0.2,39.2,,,,,,
SWAN HILL,2017,240,2412.0,1.0,14,0.5,0.9,0.1,0.2,39.2,,,,,,
SWAN HILL,2017,240,2412.0,1.0,14,0.5,0.9,0.1,0.2,39.2,,,,,,
SWAN HILL,2017,240,2412.0,1.0,14,0.5,0.9,0.1,0.2,39.2,,,,,,
SWAN HILL,2018,245,2525.0,1.0,14,0.5,0.9,0.1,0.2,39.2,,,,,,
SWAN HILL,2018,248,2525.0,1.0,14,0.5,0.9,0.1,0.2,39.2,,,,,,
SWAN HILL,2018,250,2525.0,1.0,14,0.5,0.9,0.1,0.2,39.2,,,,,,
SWAN HILL,2018,240,2525.0,1.0,14,0.5,0.9,0.1,0.2,39.2,,,,,,
SWAN HILL,2019,260,2625.0,1.0,14,0.5,0.9,0.1,0.2,39.2,,,,,,
SWAN HILL,2019,260,2625.0,1.0,14,0.5,0.9,0.1,0.2,39.2,,,,,,
SWAN HILL,2019,260,2625.0,1.0,14,0.5,0.9,0.1,0.2,39.2,,,,,,
SWAN HILL,2019,270,2625.0,1.0,14,0.5,0.9,0.1,0.2,39.2,,,,,,
SWAN HILL,2020,260,2491.0,1.0,14,0.5,0.9,0.1,0.2,39.2,,,,,,
SWAN HILL,2020,280,2491.0,1.0,14,0.5,0.9,0.1,0.2,39.2,,,,,,
SWAN HILL,2020,280,2491.0,1.0,14,0.5,0.9,0.1,0.2,39.2,,,,,,
SWAN HILL,2020,300,2491.0,1.0,14,0.5,0.9,0.1,0.2,39.2,,,,,,
SWAN HILL,2021,280,2482.0,1.0,14,0.5,0.9,0.1,0.2,39.2,,,,,,
SWAN HILL,2021,300,2482.0,1.0,14,0.5,0.9,0.1,0.2,39.2,,,,,,
SWAN HILL,2021,280,2482.0,1.0,14,0.5,0.9,0.1,0.2,39.2,,,,,,
SWAN HILL,2021,303,2482.0,1.0,14,0.5,0.9,0.1,0.2,39.2,,,,,,
SWAN HILL,2022,295,2074.0,1.0,14,0.5,0.9,0.1,0.2,39.2,,,,,,
SWAN HILL,2022,300,2074.0,1.0,14,0.5,0.9,0.1,0.2,39.2,,,,,,
SWAN HILL,2022,310,2074.0,1.0,14,0.5,0.9,0.1,0.2,39.2,,,,,,
SWAN HILL,2022,320,2074.0,1.0,14,0.5,0.9,0.1,0.2,39.2,,,,,,
SWAN HILL,2023,315,2220.0,1.0,14,0.5,0.9,0.1,0.2,39.2,,,,,,
SWAN HILL,2023,330,2220.0,1.0,14,0.5,0.9,0.1,0.2,39.2,,,,,,
SWAN HILL,2023,370,2220.0,1.0,14,0.5,0.9,0.1,0.2,39.2,,,,,,
SWAN HILL,2023,390,2220.0,1.0,14,0.5,0.9,0.1,0.2,39.2,,,,,,
SWAN HILL,2024,350,2034.0,1.0,14,0.5,0.9,0.1,0.2,39.2,,,,,,
SWAN HILL,2024,370,2034.0,1.0,14,0.5,0.9,0.1,0.2,39.2,,,,,,
SWAN HILL,2024,380,2034.0,1.0,14,0.5,0.9,0.1,0.2,39.2,,,,,,
SWAN HILL,2024,408,2034.0,1.0,14,0.5,0.9,0.1,0.2,39.2,,,,,,
SWAN HILL,2025,395,2322.0,1.0,14,0.5,0.9,0.1,0.2,39.2,,,,,,
SWAN HILL,2025,380,2322.0,1.0,14,0.5,0.9,0.1,0.2,39.2,,,,,,
SWAN HILL,2025,430,2322.0,1.0,14,0.5,0.9,0.1,0.2,39.2,,,,,,
TOWONG,1999,120,,,10,0.9,0.9,,0.3,16.0,,,,,,
TOWONG,1999,100,,,10,0.9,0.9,,0.3,16.0,,,,,,
TOWONG,1999,125,,,10,0.9,0.9,,0.3,16.0,,,,,,
TOWONG,2000,115,,,10,0.9,0.9,,0.3,16.0,,,,,,
TOWONG,2000,96,,,10,0.9,0.9,,0.3,16.0,,,,,,
TOWONG,2000,125,,,10,0.9,0.9,,0.3,16.0,,,,,,
TOWONG,2000,91,,,10,0.9,0.9,,0.3,16.0,,,,,,
TOWONG,2001,110,,,10,0.9,0.9,,0.3,16.0,,,,,,
TOWONG,2001,110,,,10,0.9,0.9,,0.3,16.0,,,,,,
TOWONG,2001,116,,,10,0.9,0.9,,0.3,16.0,,,,,,
TOWONG,2001,100,,,10,0.9,0.9,,0.3,16.0,,,,,,
TOWONG,2002,108,,,10,0.9,0.9,,0.3,16.0,,,,,,
TOWONG,2002,115,,,10,0.9,0.9,,0.3,16.0,,,,,,
TOWONG,2002,110,,,10,0.9,0.9,,0.3,16.0,,,,,,
TOWONG,2002,130,,,10,0.9,0.9,,0.3,16.0,,,,,,
TOWONG,2003,125,,,10,0.9,0.9,,0.3,16.0,,,,,,
TOWONG,2003,118,,,10,0.9,0.9,,0.3,16.0,,,,,,
TOWONG,2003,125,,,10,0.9,0.9,,0.3,16.0,,,,,,
TOWONG,2003,128,,,10,0.9,0.9,,0.3,16.0,,,,,,
TOWONG,2004,138,,,10,0.9,0.9,,0.3,16.0,,,,,,
TOWONG,2004,123,,,10,0.9,0.9,,0.3,16.0,,,,,,
TOWONG,2004,123,,,10,0.9,0.9,,0.3,16.0,,,,,,
TOWONG,2004,135,,,10,0.9,0.9,,0.3,16.0,,,,,,
TOWONG,2005,130,,,10,0.9,0.9,,0.3,16.0,,,,,,
TOWONG,2005,140,,,10,0.9,0.9,,0.3,16.0,,,,,,
TOWONG,2005,150,,,10,0.9,0.9,,0.3,16.0,,,,,,
TOWONG,2005,130,,,10,0.9,0.9,,0.3,16.0,,,,,,
TOWONG,2006,130,,,10,0.9,0.9,,0.3,16.0,,,,,,
TOWONG,2006,145,,,10,0.9,0.9,,0.3,16.0,,,,,,
TOWONG,2006,150,,,10,0.9,0.9,,0.3,16.0,,,,,,
TOWONG,2006,130,,,10,0.9,0.9,,0.3,16.0,,,,,,
TOWONG,2007,135,,,10,0.9,0.9,,0.3,16.0,,,,,,
TOWONG,2007,200,,,10,0.9,0.9,,0.3,16.0,,,,,,
TOWONG,2007,150,,,10,0.9,0.9,,0.3,16.0,,,,,,
TOWONG,2007,140,,,10,0.9,0.9,,0.3,16.0,,,,,,
TOWONG,2008,150,,,10,0.9,0.9,,0.3,16.0,,,,,,
TOWONG,2008,160,,,10,0.9,0.9,,0.3,16.0,,,,,,
TOWONG,2008,155,,,10,0.9,0.9,,0.3,16.0,,,,,,
TOWONG,2008,160,,,10,0.9,0.9,,0.3,16.0,,,,,,
TOWONG,2009,155,,,10,0.9,0.9,,0.3,16.0,,,,,,
TOWONG,2009,160,,,10,0.9,0.9,,0.3,16.0,,,,,,
TOWONG,2009,170,,,10,0.9,0.9,,0.3,16.0,,,,,,
TOWONG,2009,175,,,10,0.9,0.9,,0.3,16.0,,,,,,
TOWONG,2010,160,,,10,0.9,0.9,,0.3,16.0,,,,,,
TOWONG,2010,170,,,10,0.9,0.9,,0.3,16.0,,,,,,
TOWONG,2010,200,,,10,0.9,0.9,,0.3,16.0,,,,,,
TOWONG,2010,153,,,10,0.9,0.9,,0.3,16.0,,,,,,
TOWONG,2011,180,,,10,0.9,0.9,,0.3,16.0,,,,,,
TOWONG,2011,175,,,10,0.9,0.9,,0.3,16.0,,,,,,
TOWONG,2011,180,,,10,0.9,0.9,,0.3,16.0,,,,,,
TOWONG,2011,180,,,10,0.9,0.9,,0.3,16.0,,,,,,
TOWONG,2012,190,,,10,0.9,0.9,,0.3,16.0,,,,,,
TOWONG,2012,180,,,10,0.9,0.9,,0.3,16.0,,,,,,
TOWONG,2012,190,,,10,0.9,0.9,,0.3,16.0,,,,,,
TOWONG,2012,188,,,10,0.9,0.9,,0.3,16.0,,,,,,
TOWONG,2013,190,,,10,0.9,0.9,,0.3,16.0,,,,,,
TOWONG,2013,185,,,10,0.9,0.9,,0.3,16.0,,,,,,
TOWONG,2013,220,,,10,0.9,0.9,,0.3,16.0,,,,,,
TOWONG,2013,195,,,10,0.9,0.9,,0.3,16.0,,,,,,
TOWONG,2014,225,,,10,0.9,0.9,,0.3,16.0,,,,,,
TOWONG,2014,220,,,10,0.9,0.9,,0.3,16.0,,,,,,
TOWONG,2014,190,,,10,0.9,0.9,,0.3,16.0,,,,,,
TOWONG,2014,210,,,10,0.9,0.9,,0.3,16.0,,,,,,
TOWONG,2015,213,,,10,0.9,0.9,,0.3,16.0,,,,,,
TOWONG,2015,208,,,10,0.9,0.9,,0.3,16.0,,,,,,
TOWONG,2015,200,,,10,0.9,0.9,,0.3,16.0,,,,,,
TOWONG,2015,220,,,10,0.9,0.9,,0.3,16.0,,,,,,
TOWONG,2016,225,245.0,,10,0.9,0.9,,0.3,16.0,,,,,,
TOWONG,2016,220,245.0,,10,0.9,0.9,,0.3,16.0,,,,,,
TOWONG,2016,230,245.0,,10,0.9,0.9,,0.3,16.0,,,,,,
TOWONG,2016,230,245.0,,10,0.9,0.9,,0.3,16.0,,,,,,
TOWONG,2017,230,217.0,,10,0.9,0.9,,0.3,16.0,,,,,,
TOWONG,2017,225,217.0,,10,0.9,0.9,,0.3,16.0,,,,,,
TOWONG,2017,250,217.0,,10,0.9,0.9,,0.3,16.0,,,,,,
TOWONG,2017,250,217.0,,10,0.9,0.9,,0.3,16.0,,,,,,
TOWONG,2018,250,212.0,,10,0.9,0.9,,0.3,16.0,,,,,,
TOWONG,2018,260,212.0,,10,0.9,0.9,,0.3,16.0,,,,,,
TOWONG,2018,263,212.0,,10,0.9,0.9,,0.3,16.0,,,,,,
TOWONG,2018,220,212.0,,10,0.9,0.9,,0.3,16.0,,,,,,
TOWONG,2019,250,214.0,,10,0.9,0.9,,0.3,16.0,,,,,,
TOWONG,2019,275,214.0,,10,0.9,0.9,,0.3,16.0,,,,,,
TOWONG,2019,240,214.0,,10,0.9,0.9,,0.3,16.0,,,,,,
TOWONG,2019,255,214.0,,10,0.9,0.9,,0.3,16.0,,,,,,
TOWONG,2020,250,218.0,,10,0.9,0.9,,0.3,16.0,,,,,,
TOWONG,2020,280,218.0,,10,0.9,0.9,,0.3,16.0,,,,,,
TOWONG,2020,300,218.0,,10,0.9,0.9,,0.3,16.0,,,,,,
TOWONG,2020,280,218.0,,10,0.9,0.9,,0.3,16.0,,,,,,
TOWONG,2021,250,194.0,,10,0.9,0.9,,0.3,16.0,,,,,,
TOWONG,2021,283,194.0,,10,0.9,0.9,,0.3,16.0,,,,,,
TOWONG,2021,280,194.0,,10,0.9,0.9,,0.3,16.0,,,,,,
TOWONG,2021,300,194.0,,10,0.9,0.9,,0.3,16.0,,,,,,
TOWONG,2022,330,159.0,,10,0.9,0.9,,0.3,16.0,,,,,,
TOWONG,2022,330,159.0,,10,0.9,0.9,,0.3,16.0,,,,,,
TOWONG,2022,375,159.0,,10,0.9,0.9,,0.3,16.0,,,,,,
TOWONG,2022,340,159.0,,10,0.9,0.9,,0.3,16.0,,,,,,
TOWONG,2023,400,282.0,,10,0.9,0.9,,0.3,16.0,,,,,,
TOWONG,2023,320,282.0,,10,0.9,0.9,,0.3,16.0,,,,,,
TOWONG,2023,360,282.0,,10,0.9,0.9,,0.3,16.0,,,,,,
TOWONG,2023,350,282.0,,10,0.9,0.9,,0.3,16.0,,,,,,
TOWONG,2024,360,242.0,,10,0.9,0.9,,0.3,16.0,,,,,,
TOWONG,2024,355,242.0,,10,0.9,0.9,,0.3,16.0,,,,,,
TOWONG,2024,440,242.0,,10,0.9,0.9,,0.3,16.0,,,,,,
TOWONG,2024,415,242.0,,10,0.9,0.9,,0.3,16.0,,,,,,
TOWONG,2025,450,210.0,,10,0.9,0.9,,0.3,16.0,,,,,,
TOWONG,2025,425,210.0,,10,0.9,0.9,,0.3,16.0,,,,,,
TOWONG,2025,330,210.0,,10,0.9,0.9,,0.3,16.0,,,,,,
WANGARATTA,1999,125,,1.0,23,0.4,1.0,0.2,0.2,28.8,,,,,,
WANGARATTA,1999,125,,1.0,23,0.4,1.0,0.2,0.2,28.8,,,,,,
WANGARATTA,1999,125,,1.0,23,0.4,1.0,0.2,0.2,28.8,,,,,,
WANGARATTA,2000,130,,1.0,23,0.4,1.0,0.2,0.2,28.8,,,,,,
WANGARATTA,2000,130,,1.0,23,0.4,1.0,0.2,0.2,28.8,,,,,,
WANGARATTA,2000,125,,1.0,23,0.4,1.0,0.2,0.2,28.8,,,,,,
WANGARATTA,2000,130,,1.0,23,0.4,1.0,0.2,0.2,28.8,,,,,,
WANGARATTA,2001,130,,1.0,23,0.4,1.0,0.2,0.2,28.8,,,,,,
WANGARATTA,2001,135,,1.0,23,0.4,1.0,0.2,0.2,28.8,,,,,,
WANGARATTA,2001,130,,1.0,23,0.4,1.0,0.2,0.2,28.8,,,,,,
WANGARATTA,2001,140,,1.0,23,0.4,1.0,0.2,0.2,28.8,,,,,,
WANGARATTA,2002,130,,1.0,23,0.4,1.0,0.2,0.2,28.8,,,,,,
WANGARATTA,2002,135,,1.0,23,0.4,1.0,0.2,0.2,28.8,,,,,,
WANGARATTA,2002,140,,1.0,23,0.4,1.0,0.2,0.2,28.8,,,,,,
WANGARATTA,2002,140,,1.0,23,0.4,1.0,0.2,0.2,28.8,,,,,,
WANGARATTA,2003,140,,1.0,23,0.4,1.0,0.2,0.2,28.8,,,,,,
WANGARATTA,2003,145,,1.0,23,0.4,1.0,0.2,0.2,28.8,,,,,,
WANGARATTA,2003,143,,1.0,23,0.4,1.0,0.2,0.2,28.8,,,,,,
WANGARATTA,2003,155,,1.0,23,0.4,1.0,0.2,0.2,28.8,,,,,,
WANGARATTA,2004,150,,1.0,23,0.4,1.0,0.2,0.2,28.8,,,,,,
WANGARATTA,2004,155,,1.0,23,0.4,1.0,0.2,0.2,28.8,,,,,,
WANGARATTA,2004,160,,1.0,23,0.4,1.0,0.2,0.2,28.8,,,,,,
WANGARATTA,2004,155,,1.0,23,0.4,1.0,0.2,0.2,28.8,,,,,,
WANGARATTA,2005,163,,1.0,23,0.4,1.0,0.2,0.2,28.8,,,,,,
WANGARATTA,2005,165,,1.0,23,0.4,1.0,0.2,0.2,28.8,,,,,,
WANGARATTA,2005,165,,1.0,23,0.4,1.0,0.2,0.2,28.8,,,,,,
WANGARATTA,2005,170,,1.0,23,0.4,1.0,0.2,0.2,28.8,,,,,,
WANGARATTA,2006,170,,1.0,23,0.4,1.0,0.2,0.2,28.8,,,,,,
WANGARATTA,2006,170,,1.0,23,0.4,1.0,0.2,0.2,28.8,,,,,,
WANGARATTA,2006,175,,1.0,23,0.4,1.0,0.2,0.2,28.8,,,,,,
WANGARATTA,2006,175,,1.0,23,0.4,1.0,0.2,0.2,28.8,,,,,,
WANGARATTA,2007,180,,1.0,23,0.4,1.0,0.2,0.2,28.8,,,,,,
WANGARATTA,2007,185,,1.0,23,0.4,1.0,0.2,0.2,28.8,,,,,,
WANGARATTA,2007,185,,1.0,23,0.4,1.0,0.2,0.2,28.8,,,,,,
WANGARATTA,2007,190,,1.0,23,0.4,1.0,0.2,0.2,28.8,,,,,,
WANGARATTA,2008,185,,1.0,23,0.4,1.0,0.2,0.2,28.8,,,,,,
WANGARATTA,2008,180,,1.0,23,0.4,1.0,0.2,0.2,28.8,,,,,,
WANGARATTA,2008,198,,1.0,23,0.4,1.0,0.2,0.2,28.8,,,,,,
WANGARATTA,2008,190,,1.0,23,0.4,1.0,0.2,0.2,28.8,,,,,,
WANGARATTA,2009,195,,1.0,23,0.4,1.0,0.2,0.2,28.8,,,,,,
WANGARATTA,2009,198,,1.0,23,0.4,1.0,0.2,0.2,28.8,,,,,,
WANGARATTA,2009,190,,1.0,23,0.4,1.0,0.2,0.2,28.8,,,,,,
WANGARATTA,2009,210,,1.0,23,0.4,1.0,0.2,0.2,28.8,,,,,,
WANGARATTA,2010,210,,1.0,23,0.4,1.0,0.2,0.2,28.8,,,,,,
WANGARATTA,2010,200,,1.0,23,0.4,1.0,0.2,0.2,28.8,,,,,,
WANGARATTA,2010,208,,1.0,23,0.4,1.0,0.2,0.2,28.8,,,,,,
WANGARATTA,2010,200,,1.0,23,0.4,1.0,0.2,0.2,28.8,,,,,,
WANGARATTA,2011,210,,1.0,23,0.4,1.0,0.2,0.2,28.8,,,,,,
WANGARATTA,2011,220,,1.0,23,0.4,1.0,0.2,0.2,28.8,,,,,,
WANGARATTA,2011,220,,1.0,23,0.4,1.0,0.2,0.2,28.8,,,,,,
WANGARATTA,2011,220,,1.0,23,0.4,1.0,0.2,0.2,28.8,,,,,,
WANGARATTA,2012,220,,1.0,23,0.4,1.0,0.2,0.2,28.8,,,,,,
WANGARATTA,2012,225,,1.0,23,0.4,1.0,0.2,0.2,28.8,,,,,,
WANGARATTA,2012,220,,1.0,23,0.4,1.0,0.2,0.2,28.8,,,,,,
WANGARATTA,2012,240,,1.0,23,0.4,1.0,0.2,0.2,28.8,,,,,,
WANGARATTA,2013,240,,1.0,23,0.4,1.0,0.2,0.2,28.8,,,,,,
WANGARATTA,2013,240,,1.0,23,0.4,1.0,0.2,0.2,28.8,,,,,,
WANGARATTA,2013,240,,1.0,23,0.4,1.0,0.2,0.2,28.8,,,,,,
WANGARATTA,2013,238,,1.0,23,0.4,1.0,0.2,0.2,28.8,,,,,,
WANGARATTA,2014,250,,1.0,23,0.4,1.0,0.2,0.2,28.8,,,,,,
WANGARATTA,2014,260,,1.0,23,0.4,1.0,0.2,0.2,28.8,,,,,,
WANGARATTA,2014,245,,1.0,23,0.4,1.0,0.2,0.2,28.8,,,,,,
WANGARATTA,2014,240,,1.0,23,0.4,1.0,0.2,0.2,28.8,,,,,,
WANGARATTA,2015,260,,1.0,23,0.4,1.0,0.2,0.2,28.8,,,,,,
WANGARATTA,2015,250,,1.0,23,0.4,1.0,0.2,0.2,28.8,,,,,,
WANGARATTA,2015,250,,1.0,23,0.4,1.0,0.2,0.2,28.8,,,,,,
WANGARATTA,2015,260,,1.0,23,0.4,1.0,0.2,0.2,28.8,,,,,,
WANGARATTA,2016,265,2594.0,1.0,23,0.4,1.0,0.2,0.2,28.8,,,,,,
WANGARATTA,2016,253,2594.0,1.0,23,0.4,1.0,0.2,0.2,28.8,,,,,,
WANGARATTA,2016,260,2594.0,1.0,23,0.4,1.0,0.2,0.2,28.8,,,,,,
WANGARATTA,2016,270,2594.0,1.0,23,0.4,1.0,0.2,0.2,28.8,,,,,,
WANGARATTA,2017,265,2344.0,1.0,23,0.4,1.0,0.2,0.2,28.8,,,,,,
WANGARATTA,2017,270,2344.0,1.0,23,0.4,1.0,0.2,0.2,28.8,,,,,,
WANGARATTA,2017,268,2344.0,1.0,23,0.4,1.0,0.2,0.2,28.8,,,,,,
WANGARATTA,2017,263,2344.0,1.0,23,0.4,1.0,0.2,0.2,28.8,,,,,,
WANGARATTA,2018,290,2387.0,1.0,23,0.4,1.0,0.2,0.2,28.8,,,,,,
WANGARATTA,2018,270,2387.0,1.0,23,0.4,1.0,0.2,0.2,28.8,,,,,,
WANGARATTA,2018,290,2387.0,1.0,23,0.4,1.0,0.2,0.2,28.8,,,,,,
WANGARATTA,2018,275,2387.0,1.0,23,0.4,1.0,0.2,0.2,28.8,,,,,,
WANGARATTA,2019,290,2519.0,1.0,23,0.4,1.0,0.2,0.2,28.8,,,,,,
WANGARATTA,2019,290,2519.0,1.0,23,0.4,1.0,0.2,0.2,28.8,,,,,,
WANGARATTA,2019,280,2519.0,1.0,23,0.4,1.0,0.2,0.2,28.8,,,,,,
WANGARATTA,2019,300,2519.0,1.0,23,0.4,1.0,0.2,0.2,28.8,,,,,,
WANGARATTA,2020,300,3083.0,1.0,23,0.4,1.0,0.2,0.2,28.8,,,,,,
WANGARATTA,2020,310,3083.0,1.0,23,0.4,1.0,0.2,0.2,28.8,,,,,,
WANGARATTA,2020,303,3083.0,1.0,23,0.4,1.0,0.2,0.2,28.8,,,,,,
WANGARATTA,2020,320,3083.0,1.0,23,0.4,1.0,0.2,0.2,28.8,,,,,,
WANGARATTA,2021,350,2339.0,1.0,23,0.4,1.0,0.2,0.2,28.8,,,,,,
WANGARATTA,2021,350,2339.0,1.0,23,0.4,1.0,0.2,0.2,28.8,,,,,,
WANGARATTA,2021,360,2339.0,1.0,23,0.4,1.0,0.2,0.2,28.8,,,,,,
WANGARATTA,2021,360,2339.0,1.0,23,0.4,1.0,0.2,0.2,28.8,,,,,,
WANGARATTA,2022,390,2448.0,1.0,23,0.4,1.0,0.2,0.2,28.8,,,,,,
WANGARATTA,2022,380,2448.0,1.0,23,0.4,1.0,0.2,0.2,28.8,,,,,,
WANGARATTA,2022,380,2448.0,1.0,23,0.4,1.0,0.2,0.2,28.8,,,,,,
WANGARATTA,2022,380,2448.0,1.0,23,0.4,1.0,0.2,0.2,28.8,,,,,,
WANGARATTA,2023,400,2717.0,1.0,23,0.4,1.0,0.2,0.2,28.8,,,,,,
WANGARATTA,2023,400,2717.0,1.0,23,0.4,1.0,0.2,0.2,28.8,,,,,,
WANGARATTA,2023,370,2717.0,1.0,23,0.4,1.0,0.2,0.2,28.8,,,,,,
WANGARATTA,2023,400,2717.0,1.0,23,0.4,1.0,0.2,0.2,28.8,,,,,,
WANGARATTA,2024,430,2861.0,1.0,23,0.4,1.0,0.2,0.2,28.8,,,,,,
WANGARATTA,2024,420,2861.0,1.0,23,0.4,1.0,0.2,0.2,28.8,,,,,,
WANGARATTA,2024,440,2861.0,1.0,23,0.4,1.0,0.2,0.2,28.8,,,,,,
WANGARATTA,2024,410,2861.0,1.0,23,0.4,1.0,0.2,0.2,28.8,,,,,,
WANGARATTA,2025,400,2889.0,1.0,23,0.4,1.0,0.2,0.2,28.8,,,,,,
WANGARATTA,2025,445,2889.0,1.0,23,0.4,1.0,0.2,0.2,28.8,,,,,,
WANGARATTA,2025,450,2889.0,1.0,23,0.4,1.0,0.2,0.2,28.8,,,,,,
WARRNAMBOOL,1999,130,,1.0,15,0.4,1.1,0.3,0.3,25.4,,,,,,
WARRNAMBOOL,1999,130,,1.0,15,0.4,1.1,0.3,0.3,25.4,,,,,,
WARRNAMBOOL,1999,130,,1.0,15,0.4,1.1,0.3,0.3,25.4,,,,,,
WARRNAMBOOL,2000,130,,1.0,15,0.4,1.1,0.3,0.3,25.4,,,,,,
WARRNAMBOOL,2000,143,,1.0,15,0.4,1.1,0.3,0.3,25.4,,,,,,
WARRNAMBOOL,2000,135,,1.0,15,0.4,1.1,0.3,0.3,25.4,,,,,,
WARRNAMBOOL,2000,140,,1.0,15,0.4,1.1,0.3,0.3,25.4,,,,,,
WARRNAMBOOL,2001,140,,1.0,15,0.4,1.1,0.3,0.3,25.4,,,,,,
WARRNAMBOOL,2001,145,,1.0,15,0.4,1.1,0.3,0.3,25.4,,,,,,
WARRNAMBOOL,2001,145,,1.0,15,0.4,1.1,0.3,0.3,25.4,,,,,,
WARRNAMBOOL,2001,145,,1.0,15,0.4,1.1,0.3,0.3,25.4,,,,,,
WARRNAMBOOL,2002,150,,1.0,15,0.4,1.1,0.3,0.3,25.4,,,,,,
WARRNAMBOOL,2002,155,,1.0,15,0.4,1.1,0.3,0.3,25.4,,,,,,
WARRNAMBOOL,2002,155,,1.0,15,0.4,1.1,0.3,0.3,25.4,,,,,,
WARRNAMBOOL,2002,165,,1.0,15,0.4,1.1,0.3,0.3,25.4,,,,,,
WARRNAMBOOL,2003,160,,1.0,15,0.4,1.1,0.3,0.3,25.4,,,,,,
WARRNAMBOOL,2003,170,,1.0,15,0.4,1.1,0.3,0.3,25.4,,,,,,
WARRNAMBOOL,2003,170,,1.0,15,0.4,1.1,0.3,0.3,25.4,,,,,,
WARRNAMBOOL,2003,175,,1.0,15,0.4,1.1,0.3,0.3,25.4,,,,,,
WARRNAMBOOL,2004,180,,1.0,15,0.4,1.1,0.3,0.3,25.4,,,,,,
WARRNAMBOOL,2004,190,,1.0,15,0.4,1.1,0.3,0.3,25.4,,,,,,
WARRNAMBOOL,2004,190,,1.0,15,0.4,1.1,0.3,0.3,25.4,,,,,,
WARRNAMBOOL,2004,190,,1.0,15,0.4,1.1,0.3,0.3,25.4,,,,,,
WARRNAMBOOL,2005,185,,1.0,15,0.4,1.1,0.3,0.3,25.4,,,,,,
WARRNAMBOOL,2005,200,,1.0,15,0.4,1.1,0.3,0.3,25.4,,,,,,
WARRNAMBOOL,2005,200,,1.0,15,0.4,1.1,0.3,0.3,25.4,,,,,,
WARRNAMBOOL,2005,200,,1.0,15,0.4,1.1,0.3,0.3,25.4,,,,,,
WARRNAMBOOL,2006,200,,1.0,15,0.4,1.1,0.3,0.3,25.4,,,,,,
WARRNAMBOOL,2006,210,,1.0,15,0.4,1.1,0.3,0.3,25.4,,,,,,
WARRNAMBOOL,2006,210,,1.0,15,0.4,1.1,0.3,0.3,25.4,,,,,,
WARRNAMBOOL,2006,210,,1.0,15,0.4,1.1,0.3,0.3,25.4,,,,,,
WARRNAMBOOL,2007,200,,1.0,15,0.4,1.1,0.3,0.3,25.4,,,,,,
WARRNAMBOOL,2007,220,,1.0,15,0.4,1.1,0.3,0.3,25.4,,,,,,
WARRNAMBOOL,2007,220,,1.0,15,0.4,1.1,0.3,0.3,25.4,,,,,,
WARRNAMBOOL,2007,220,,1.0,15,0.4,1.1,0.3,0.3,25.4,,,,,,
WARRNAMBOOL,2008,220,,1.0,15,0.4,1.1,0.3,0.3,25.4,,,,,,
WARRNAMBOOL,2008,225,,1.0,15,0.4,1.1,0.3,0.3,25.4,,,,,,
WARRNAMBOOL,2008,240,,1.0,15,0.4,1.1,0.3,0.3,25.4,,,,,,
WARRNAMBOOL,2008,240,,1.0,15,0.4,1.1,0.3,0.3,25.4,,,,,,
WARRNAMBOOL,2009,230,,1.0,15,0.4,1.1,0.3,0.3,25.4,,,,,,
WARRNAMBOOL,2009,230,,1.0,15,0.4,1.1,0.3,0.3,25.4,,,,,,
WARRNAMBOOL,2009,250,,1.0,15,0.4,1.1,0.3,0.3,25.4,,,,,,
WARRNAMBOOL,2009,260,,1.0,15,0.4,1.1,0.3,0.3,25.4,,,,,,
WARRNAMBOOL,2010,270,,1.0,15,0.4,1.1,0.3,0.3,25.4,,,,,,
WARRNAMBOOL,2010,273,,1.0,15,0.4,1.1,0.3,0.3,25.4,,,,,,
WARRNAMBOOL,2010,275,,1.0,15,0.4,1.1,0.3,0.3,25.4,,,,,,
WARRNAMBOOL,2010,270,,1.0,15,0.4,1.1,0.3,0.3,25.4,,,,,,
WARRNAMBOOL,2011,280,,1.0,15,0.4,1.1,0.3,0.3,25.4,,,,,,
WARRNAMBOOL,2011,280,,1.0,15,0.4,1.1,0.3,0.3,25.4,,,,,,
WARRNAMBOOL,2011,280,,1.0,15,0.4,1.1,0.3,0.3,25.4,,,,,,
WARRNAMBOOL,2011,290,,1.0,15,0.4,1.1,0.3,0.3,25.4,,,,,,
WARRNAMBOOL,2012,290,,1.0,15,0.4,1.1,0.3,0.3,25.4,,,,,,
WARRNAMBOOL,2012,280,,1.0,15,0.4,1.1,0.3,0.3,25.4,,,,,,
WARRNAMBOOL,2012,270,,1.0,15,0.4,1.1,0.3,0.3,25.4,,,,,,
WARRNAMBOOL,2012,275,,1.0,15,0.4,1.1,0.3,0.3,25.4,,,,,,
WARRNAMBOOL,2013,290,,1.0,15,0.4,1.1,0.3,0.3,25.4,,,,,,
WARRNAMBOOL,2013,275,,1.0,15,0.4,1.1,0.3,0.3,25.4,,,,,,
WARRNAMBOOL,2013,280,,1.0,15,0.4,1.1,0.3,0.3,25.4,,,,,,
WARRNAMBOOL,2013,280,,1.0,15,0.4,1.1,0.3,0.3,25.4,,,,,,
WARRNAMBOOL,2014,280,,1.0,15,0.4,1.1,0.3,0.3,25.4,,,,,,
WARRNAMBOOL,2014,276,,1.0,15,0.4,1.1,0.3,0.3,25.4,,,,,,
WARRNAMBOOL,2014,280,,1.0,15,0.4,1.1,0.3,0.3,25.4,,,,,,
WARRNAMBOOL,2014,280,,1.0,15,0.4,1.1,0.3,0.3,25.4,,,,,,
WARRNAMBOOL,2015,290,,1.0,15,0.4,1.1,0.3,0.3,25.4,,,,,,
WARRNAMBOOL,2015,290,,1.0,15,0.4,1.1,0.3,0.3,25.4,,,,,,
WARRNAMBOOL,2015,290,,1.0,15,0.4,1.1,0.3,0.3,25.4,,,,,,
WARRNAMBOOL,2015,280,,1.0,15,0.4,1.1,0.3,0.3,25.4,,,,,,
WARRNAMBOOL,2016,290,3235.0,1.0,15,0.4,1.1,0.3,0.3,25.4,,,,,,
WARRNAMBOOL,2016,280,3235.0,1.0,15,0.4,1.1,0.3,0.3,25.4,,,,,,
WARRNAMBOOL,2016,290,3235.0,1.0,15,0.4,1.1,0.3,0.3,25.4,,,,,,
WARRNAMBOOL,2016,285,3235.0,1.0,15,0.4,1.1,0.3,0.3,25.4,,,,,,
WARRNAMBOOL,2017,290,3474.0,1.0,15,0.4,1.1,0.3,0.3,25.4,,,,,,
WARRNAMBOOL,2017,290,3474.0,1.0,15,0.4,1.1,0.3,0.3,25.4,,,,,,
WARRNAMBOOL,2017,290,3474.0,1.0,15,0.4,1.1,0.3,0.3,25.4,,,,,,
WARRNAMBOOL,2017,290,3474.0,1.0,15,0.4,1.1,0.3,0.3,25.4,,,,,,
WARRNAMBOOL,2018,300,3950.0,1.0,15,0.4,1.1,0.3,0.3,25.4,,,,,,
WARRNAMBOOL,2018,300,3950.0,1.0,15,0.4,1.1,0.3,0.3,25.4,,,,,,
WARRNAMBOOL,2018,300,3950.0,1.0,15,0.4,1.1,0.3,0.3,25.4,,,,,,
WARRNAMBOOL,2018,318,3950.0,1.0,15,0.4,1.1,0.3,0.3,25.4,,,,,,
WARRNAMBOOL,2019,330,3450.0,1.0,15,0.4,1.1,0.3,0.3,25.4,,,,,,
WARRNAMBOOL,2019,340,3450.0,1.0,15,0.4,1.1,0.3,0.3,25.4,,,,,,
WARRNAMBOOL,2019,328,3450.0,1.0,15,0.4,1.1,0.3,0.3,25.4,,,,,,
WARRNAMBOOL,2019,330,3450.0,1.0,15,0.4,1.1,0.3,0.3,25.4,,,,,,
WARRNAMBOOL,2020,350,3334.0,1.0,15,0.4,1.1,0.3,0.3,25.4,,,,,,
WARRNAMBOOL,2020,330,3334.0,1.0,15,0.4,1.1,0.3,0.3,25.4,,,,,,
WARRNAMBOOL,2020,340,3334.0,1.0,15,0.4,1.1,0.3,0.3,25.4,,,,,,
WARRNAMBOOL,2020,350,3334.0,1.0,15,0.4,1.1,0.3,0.3,25.4,,,,,,
WARRNAMBOOL,2021,370,3125.0,1.0,15,0.4,1.1,0.3,0.3,25.4,,,,,,
WARRNAMBOOL,2021,393,3125.0,1.0,15,0.4,1.1,0.3,0.3,25.4,,,,,,
WARRNAMBOOL,2021,380,3125.0,1.0,15,0.4,1.1,0.3,0.3,25.4,,,,,,
WARRNAMBOOL,2021,400,3125.0,1.0,15,0.4,1.1,0.3,0.3,25.4,,,,,,
WARRNAMBOOL,2022,420,2928.0,1.0,15,0.4,1.1,0.3,0.3,25.4,,,,,,
WARRNAMBOOL,2022,420,2928.0,1.0,15,0.4,1.1,0.3,0.3,25.4,,,,,,
WARRNAMBOOL,2022,420,2928.0,1.0,15,0.4,1.1,0.3,0.3,25.4,,,,,,
WARRNAMBOOL,2022,420,2928.0,1.0,15,0.4,1.1,0.3,0.3,25.4,,,,,,
WARRNAMBOOL,2023,450,3174.0,1.0,15,0.4,1.1,0.3,0.3,25.4,,,,,,
WARRNAMBOOL,2023,445,3174.0,1.0,15,0.4,1.1,0.3,0.3,25.4,,,,,,
WARRNAMBOOL,2023,465,3174.0,1.0,15,0.4,1.1,0.3,0.3,25.4,,,,,,
WARRNAMBOOL,2023,480,3174.0,1.0,15,0.4,1.1,0.3,0.3,25.4,,,,,,
WARRNAMBOOL,2024,460,3640.0,1.0,15,0.4,1.1,0.3,0.3,25.4,,,,,,
WARRNAMBOOL,2024,480,3640.0,1.0,15,0.4,1.1,0.3,0.3,25.4,,,,,,
WARRNAMBOOL,2024,480,3640.0,1.0,15,0.4,1.1,0.3,0.3,25.4,,,,,,
WARRNAMBOOL,2024,480,3640.0,1.0,15,0.4,1.1,0.3,0.3,25.4,,,,,,
WARRNAMBOOL,2025,500,3662.0,1.0,15,0.4,1.1,0.3,0.3,25.4,,,,,,
WARRNAMBOOL,2025,510,3662.0,1.0,15,0.4,1.1,0.3,0.3,25.4,,,,,,
WARRNAMBOOL,2025,500,3662.0,1.0,15,0.4,1.1,0.3,0.3,25.4,,,,,,
WELLINGTON,1999,115,,1.0,33,0.3,0.9,0.2,0.3,31.1,,,,,,
WELLINGTON,1999,110,,1.0,33,0.3,0.9,0.2,0.3,31.1,,,,,,
WELLINGTON,1999,110,,1.0,33,0.3,0.9,0.2,0.3,31.1,,,,,,
WELLINGTON,2000,120,,1.0,33,0.3,0.9,0.2,0.3,31.1,,,,,,
WELLINGTON,2000,115,,1.0,33,0.3,0.9,0.2,0.3,31.1,,,,,,
WELLINGTON,2000,115,,1.0,33,0.3,0.9,0.2,0.3,31.1,,,,,,
WELLINGTON,2000,120,,1.0,33,0.3,0.9,0.2,0.3,31.1,,,,,,
WELLINGTON,2001,120,,1.0,33,0.3,0.9,0.2,0.3,31.1,,,,,,
WELLINGTON,2001,110,,1.0,33,0.3,0.9,0.2,0.3,31.1,,,,,,
WELLINGTON,2001,120,,1.0,33,0.3,0.9,0.2,0.3,31.1,,,,,,
WELLINGTON,2001,120,,1.0,33,0.3,0.9,0.2,0.3,31.1,,,,,,
WELLINGTON,2002,120,,1.0,33,0.3,0.9,0.2,0.3,31.1,,,,,,
WELLINGTON,2002,120,,1.0,33,0.3,0.9,0.2,0.3,31.1,,,,,,
WELLINGTON,2002,125,,1.0,33,0.3,0.9,0.2,0.3,31.1,,,,,,
WELLINGTON,2002,125,,1.0,33,0.3,0.9,0.2,0.3,31.1,,,,,,
WELLINGTON,2003,125,,1.0,33,0.3,0.9,0.2,0.3,31.1,,,,,,
WELLINGTON,2003,130,,1.0,33,0.3,0.9,0.2,0.3,31.1,,,,,,
WELLINGTON,2003,130,,1.0,33,0.3,0.9,0.2,0.3,31.1,,,,,,
WELLINGTON,2003,140,,1.0,33,0.3,0.9,0.2,0.3,31.1,,,,,,
WELLINGTON,2004,140,,1.0,33,0.3,0.9,0.2,0.3,31.1,,,,,,
WELLINGTON,2004,135,,1.0,33,0.3,0.9,0.2,0.3,31.1,,,,,,
WELLINGTON,2004,140,,1.0,33,0.3,0.9,0.2,0.3,31.1,,,,,,
WELLINGTON,2004,140,,1.0,33,0.3,0.9,0.2,0.3,31.1,,,,,,
WELLINGTON,2005,145,,1.0,33,0.3,0.9,0.2,0.3,31.1,,,,,,
WELLINGTON,2005,145,,1.0,33,0.3,0.9,0.2,0.3,31.1,,,,,,
WELLINGTON,2005,145,,1.0,33,0.3,0.9,0.2,0.3,31.1,,,,,,
WELLINGTON,2005,150,,1.0,33,0.3,0.9,0.2,0.3,31.1,,,,,,
WELLINGTON,2006,150,,1.0,33,0.3,0.9,0.2,0.3,31.1,,,,,,
WELLINGTON,2006,150,,1.0,33,0.3,0.9,0.2,0.3,31.1,,,,,,
WELLINGTON,2006,150,,1.0,33,0.3,0.9,0.2,0.3,31.1,,,,,,
WELLINGTON,2006,160,,1.0,33,0.3,0.9,0.2,0.3,31.1,,,,,,
WELLINGTON,2007,165,,1.0,33,0.3,0.9,0.2,0.3,31.1,,,,,,
WELLINGTON,2007,160,,1.0,33,0.3,0.9,0.2,0.3,31.1,,,,,,
WELLINGTON,2007,170,,1.0,33,0.3,0.9,0.2,0.3,31.1,,,,,,
WELLINGTON,2007,170,,1.0,33,0.3,0.9,0.2,0.3,31.1,,,,,,
WELLINGTON,2008,180,,1.0,33,0.3,0.9,0.2,0.3,31.1,,,,,,
WELLINGTON,2008,180,,1.0,33,0.3,0.9,0.2,0.3,31.1,,,,,,
WELLINGTON,2008,180,,1.0,33,0.3,0.9,0.2,0.3,31.1,,,,,,
WELLINGTON,2008,195,,1.0,33,0.3,0.9,0.2,0.3,31.1,,,,,,
WELLINGTON,2009,180,,1.0,33,0.3,0.9,0.2,0.3,31.1,,,,,,
WELLINGTON,2009,190,,1.0,33,0.3,0.9,0.2,0.3,31.1,,,,,,
WELLINGTON,2009,190,,1.0,33,0.3,0.9,0.2,0.3,31.1,,,,,,
WELLINGTON,2009,200,,1.0,33,0.3,0.9,0.2,0.3,31.1,,,,,,
WELLINGTON,2010,210,,1.0,33,0.3,0.9,0.2,0.3,31.1,,,,,,
WELLINGTON,2010,200,,1.0,33,0.3,0.9,0.2,0.3,31.1,,,,,,
WELLINGTON,2010,200,,1.0,33,0.3,0.9,0.2,0.3,31.1,,,,,,
WELLINGTON,2010,215,,1.0,33,0.3,0.9,0.2,0.3,31.1,,,,,,
WELLINGTON,2011,213,,1.0,33,0.3,0.9,0.2,0.3,31.1,,,,,,
WELLINGTON,2011,220,,1.0,33,0.3,0.9,0.2,0.3,31.1,,,,,,
WELLINGTON,2011,228,,1.0,33,0.3,0.9,0.2,0.3,31.1,,,,,,
WELLINGTON,2011,225,,1.0,33,0.3,0.9,0.2,0.3,31.1,,,,,,
WELLINGTON,2012,220,,1.0,33,0.3,0.9,0.2,0.3,31.1,,,,,,
WELLINGTON,2012,230,,1.0,33,0.3,0.9,0.2,0.3,31.1,,,,,,
WELLINGTON,2012,230,,1.0,33,0.3,0.9,0.2,0.3,31.1,,,,,,
WELLINGTON,2012,230,,1.0,33,0.3,0.9,0.2,0.3,31.1,,,,,,
WELLINGTON,2013,240,,1.0,33,0.3,0.9,0.2,0.3,31.1,,,,,,
WELLINGTON,2013,230,,1.0,33,0.3,0.9,0.2,0.3,31.1,,,,,,
WELLINGTON,2013,230,,1.0,33,0.3,0.9,0.2,0.3,31.1,,,,,,
WELLINGTON,2013,240,,1.0,33,0.3,0.9,0.2,0.3,31.1,,,,,,
WELLINGTON,2014,238,,1.0,33,0.3,0.9,0.2,0.3,31.1,,,,,,
WELLINGTON,2014,250,,1.0,33,0.3,0.9,0.2,0.3,31.1,,,,,,
WELLINGTON,2014,250,,1.0,33,0.3,0.9,0.2,0.3,31.1,,,,,,
WELLINGTON,2014,250,,1.0,33,0.3,0.9,0.2,0.3,31.1,,,,,,
WELLINGTON,2015,265,,1.0,33,0.3,0.9,0.2,0.3,31.1,,,,,,
WELLINGTON,2015,260,,1.0,33,0.3,0.9,0.2,0.3,31.1,,,,,,
WELLINGTON,2015,265,,1.0,33,0.3,0.9,0.2,0.3,31.1,,,,,,
WELLINGTON,2015,250,,1.0,33,0.3,0.9,0.2,0.3,31.1,,,,,,
WELLINGTON,2016,265,4747.0,1.0,33,0.3,0.9,0.2,0.3,31.1,,,,,,
WELLINGTON,2016,260,4747.0,1.0,33,0.3,0.9,0.2,0.3,31.1,,,,,,
WELLINGTON,2016,260,4747.0,1.0,33,0.3,0.9,0.2,0.3,31.1,,,,,,
WELLINGTON,2016,255,4747.0,1.0,33,0.3,0.9,0.2,0.3,31.1,,,,,,
WELLINGTON,2017,260,3665.0,1.0,33,0.3,0.9,0.2,0.3,31.1,,,,,,
WELLINGTON,2017,260,3665.0,1.0,33,0.3,0.9,0.2,0.3,31.1,,,,,,
WELLINGTON,2017,260,3665.0,1.0,33,0.3,0.9,0.2,0.3,31.1,,,,,,
WELLINGTON,2017,260,3665.0,1.0,33,0.3,0.9,0.2,0.3,31.1,,,,,,
WELLINGTON,2018,260,3999.0,1.0,33,0.3,0.9,0.2,0.3,31.1,,,,,,
WELLINGTON,2018,260,3999.0,1.0,33,0.3,0.9,0.2,0.3,31.1,,,,,,
WELLINGTON,2018,260,3999.0,1.0,33,0.3,0.9,0.2,0.3,31.1,,,,,,
WELLINGTON,2018,270,3999.0,1.0,33,0.3,0.9,0.2,0.3,31.1,,,,,,
WELLINGTON,2019,275,4590.0,1.0,33,0.3,0.9,0.2,0.3,31.1,,,,,,
WELLINGTON,2019,280,4590.0,1.0,33,0.3,0.9,0.2,0.3,31.1,,,,,,
WELLINGTON,2019,280,4590.0,1.0,33,0.3,0.9,0.2,0.3,31.1,,,,,,
WELLINGTON,2019,280,4590.0,1.0,33,0.3,0.9,0.2,0.3,31.1,,,,,,
WELLINGTON,2020,290,4851.0,1.0,33,0.3,0.9,0.2,0.3,31.1,,,,,,
WELLINGTON,2020,300,4851.0,1.0,33,0.3,0.9,0.2,0.3,31.1,,,,,,
WELLINGTON,2020,300,4851.0,1.0,33,0.3,0.9,0.2,0.3,31.1,,,,,,
WELLINGTON,2020,300,4851.0,1.0,33,0.3,0.9,0.2,0.3,31.1,,,,,,
WELLINGTON,2021,320,4384.0,1.0,33,0.3,0.9,0.2,0.3,31.1,,,,,,
WELLINGTON,2021,335,4384.0,1.0,33,0.3,0.9,0.2,0.3,31.1,,,,,,
WELLINGTON,2021,340,4384.0,1.0,33,0.3,0.9,0.2,0.3,31.1,,,,,,
WELLINGTON,2021,360,4384.0,1.0,33,0.3,0.9,0.2,0.3,31.1,,,,,,
WELLINGTON,2022,375,4485.0,1.0,33,0.3,0.9,0.2,0.3,31.1,,,,,,
WELLINGTON,2022,380,4485.0,1.0,33,0.3,0.9,0.2,0.3,31.1,,,,,,
WELLINGTON,2022,385,4485.0,1.0,33,0.3,0.9,0.2,0.3,31.1,,,,,,
WELLINGTON,2022,385,4485.0,1.0,33,0.3,0.9,0.2,0.3,31.1,,,,,,
WELLINGTON,2023,400,4677.0,1.0,33,0.3,0.9,0.2,0.3,31.1,,,,,,
WELLINGTON,2023,400,4677.0,1.0,33,0.3,0.9,0.2,0.3,31.1,,,,,,
WELLINGTON,2023,400,4677.0,1.0,33,0.3,0.9,0.2,0.3,31.1,,,,,,
WELLINGTON,2023,400,4677.0,1.0,33,0.3,0.9,0.2,0.3,31.1,,,,,,
WELLINGTON,2024,420,5483.0,1.0,33,0.3,0.9,0.2,0.3,31.1,,,,,,
WELLINGTON,2024,400,5483.0,1.0,33,0.3,0.9,0.2,0.3,31.1,,,,,,
WELLINGTON,2024,420,5483.0,1.0,33,0.3,0.9,0.2,0.3,31.1,,,,,,
WELLINGTON,2024,420,5483.0,1.0,33,0.3,0.9,0.2,0.3,31.1,,,,,,
WELLINGTON,2025,430,5680.0,1.0,33,0.3,0.9,0.2,0.3,31.1,,,,,,
WELLINGTON,2025,430,5680.0,1.0,33,0.3,0.9,0.2,0.3,31.1,,,,,,
WELLINGTON,2025,435,5680.0,1.0,33,0.3,0.9,0.2,0.3,31.1,,,,,,
WEST WIMMERA,1999,77,,,5,1.8,1.0,0.3,0.8,39.7,,,,,,
WEST WIMMERA,1999,90,,,5,1.8,1.0,0.3,0.8,39.7,,,,,,
WEST WIMMERA,1999,90,,,5,1.8,1.0,0.3,0.8,39.7,,,,,,
WEST WIMMERA,2000,90,,,5,1.8,1.0,0.3,0.8,39.7,,,,,,
WEST WIMMERA,2000,90,,,5,1.8,1.0,0.3,0.8,39.7,,,,,,
WEST WIMMERA,2000,95,,,5,1.8,1.0,0.3,0.8,39.7,,,,,,
WEST WIMMERA,2000,90,,,5,1.8,1.0,0.3,0.8,39.7,,,,,,
WEST WIMMERA,2001,80,,,5,1.8,1.0,0.3,0.8,39.7,,,,,,
WEST WIMMERA,2001,88,,,5,1.8,1.0,0.3,0.8,39.7,,,,,,
WEST WIMMERA,2001,95,,,5,1.8,1.0,0.3,0.8,39.7,,,,,,
WEST WIMMERA,2002,75,,,5,1.8,1.0,0.3,0.8,39.7,,,,,,
WEST WIMMERA,2002,85,,,5,1.8,1.0,0.3,0.8,39.7,,,,,,
WEST WIMMERA,2002,93,,,5,1.8,1.0,0.3,0.8,39.7,,,,,,
WEST WIMMERA,2003,100,,,5,1.8,1.0,0.3,0.8,39.7,,,,,,
WEST WIMMERA,2003,95,,,5,1.8,1.0,0.3,0.8,39.7,,,,,,
WEST WIMMERA,2003,100,,,5,1.8,1.0,0.3,0.8,39.7,,,,,,
WEST WIMMERA,2004,110,,,5,1.8,1.0,0.3,0.8,39.7,,,,,,
WEST WIMMERA,2004,105,,,5,1.8,1.0,0.3,0.8,39.7,,,,,,
WEST WIMMERA,2005,100,,,5,1.8,1.0,0.3,0.8,39.7,,,,,,
WEST WIMMERA,2005,105,,,5,1.8,1.0,0.3,0.8,39.7,,,,,,
WEST WIMMERA,2006,110,,,5,1.8,1.0,0.3,0.8,39.7,,,,,,
WEST WIMMERA,2006,120,,,5,1.8,1.0,0.3,0.8,39.7,,,,,,
WEST WIMMERA,2006,113,,,5,1.8,1.0,0.3,0.8,39.7,,,,,,
WEST WIMMERA,2006,120,,,5,1.8,1.0,0.3,0.8,39.7,,,,,,
WEST WIMMERA,2007,120,,,5,1.8,1.0,0.3,0.8,39.7,,,,,,
WEST WIMMERA,2007,129,,,5,1.8,1.0,0.3,0.8,39.7,,,,,,
WEST WIMMERA,2007,120,,,5,1.8,1.0,0.3,0.8,39.7,,,,,,
WEST WIMMERA,2007,135,,,5,1.8,1.0,0.3,0.8,39.7,,,,,,
WEST WIMMERA,2008,130,,,5,1.8,1.0,0.3,0.8,39.7,,,,,,
WEST WIMMERA,2008,120,,,5,1.8,1.0,0.3,0.8,39.7,,,,,,
WEST WIMMERA,2008,110,,,5,1.8,1.0,0.3,0.8,39.7,,,,,,
WEST WIMMERA,2008,140,,,5,1.8,1.0,0.3,0.8,39.7,,,,,,
WEST WIMMERA,2009,120,,,5,1.8,1.0,0.3,0.8,39.7,,,,,,
WEST WIMMERA,2009,150,,,5,1.8,1.0,0.3,0.8,39.7,,,,,,
WEST WIMMERA,2010,130,,,5,1.8,1.0,0.3,0.8,39.7,,,,,,
WEST WIMMERA,2010,148,,,5,1.8,1.0,0.3,0.8,39.7,,,,,,
WEST WIMMERA,2011,140,,,5,1.8,1.0,0.3,0.8,39.7,,,,,,
WEST WIMMERA,2011,150,,,5,1.8,1.0,0.3,0.8,39.7,,,,,,
WEST WIMMERA,2011,150,,,5,1.8,1.0,0.3,0.8,39.7,,,,,,
WEST WIMMERA,2011,150,,,5,1.8,1.0,0.3,0.8,39.7,,,,,,
WEST WIMMERA,2012,145,,,5,1.8,1.0,0.3,0.8,39.7,,,,,,
WEST WIMMERA,2013,138,,,5,1.8,1.0,0.3,0.8,39.7,,,,,,
WEST WIMMERA,2014,163,,,5,1.8,1.0,0.3,0.8,39.7,,,,,,
WEST WIMMERA,2014,140,,,5,1.8,1.0,0.3,0.8,39.7,,,,,,
WEST WIMMERA,2014,153,,,5,1.8,1.0,0.3,0.8,39.7,,,,,,
WEST WIMMERA,2014,155,,,5,1.8,1.0,0.3,0.8,39.7,,,,,,
WEST WIMMERA,2015,170,,,5,1.8,1.0,0.3,0.8,39.7,,,,,,
WEST WIMMERA,2015,170,,,5,1.8,1.0,0.3,0.8,39.7,,,,,,
WEST WIMMERA,2015,165,,,5,1.8,1.0,0.3,0.8,39.7,,,,,,
WEST WIMMERA,2016,155,187.0,,5,1.8,1.0,0.3,0.8,39.7,,,,,,
WEST WIMMERA,2016,170,187.0,,5,1.8,1.0,0.3,0.8,39.7,,,,,,
WEST WIMMERA,2017,183,188.0,,5,1.8,1.0,0.3,0.8,39.7,,,,,,
WEST WIMMERA,2017,180,188.0,,5,1.8,1.0,0.3,0.8,39.7,,,,,,
WEST WIMMERA,2017,200,188.0,,5,1.8,1.0,0.3,0.8,39.7,,,,,,
WEST WIMMERA,2017,163,188.0,,5,1.8,1.0,0.3,0.8,39.7,,,,,,
WEST WIMMERA,2018,180,166.0,,5,1.8,1.0,0.3,0.8,39.7,,,,,,
WEST WIMMERA,2018,180,166.0,,5,1.8,1.0,0.3,0.8,39.7,,,,,,
WEST WIMMERA,2018,200,166.0,,5,1.8,1.0,0.3,0.8,39.7,,,,,,
WEST WIMMERA,2019,180,168.0,,5,1.8,1.0,0.3,0.8,39.7,,,,,,
WEST WIMMERA,2019,195,168.0,,5,1.8,1.0,0.3,0.8,39.7,,,,,,
WEST WIMMERA,2020,178,169.0,,5,1.8,1.0,0.3,0.8,39.7,,,,,,
WEST WIMMERA,2020,165,169.0,,5,1.8,1.0,0.3,0.8,39.7,,,,,,
WEST WIMMERA,2020,210,169.0,,5,1.8,1.0,0.3,0.8,39.7,,,,,,
WEST WIMMERA,2020,220,169.0,,5,1.8,1.0,0.3,0.8,39.7,,,,,,
WEST WIMMERA,2021,228,214.0,,5,1.8,1.0,0.3,0.8,39.7,,,,,,
WEST WIMMERA,2021,215,214.0,,5,1.8,1.0,0.3,0.8,39.7,,,,,,
WEST WIMMERA,2021,220,214.0,,5,1.8,1.0,0.3,0.8,39.7,,,,,,
WEST WIMMERA,2021,213,214.0,,5,1.8,1.0,0.3,0.8,39.7,,,,,,
WEST WIMMERA,2022,220,117.0,,5,1.8,1.0,0.3,0.8,39.7,,,,,,
WEST WIMMERA,2022,230,117.0,,5,1.8,1.0,0.3,0.8,39.7,,,,,,
WEST WIMMERA,2022,210,117.0,,5,1.8,1.0,0.3,0.8,39.7,,,,,,
WEST WIMMERA,2023,290,184.0,,5,1.8,1.0,0.3,0.8,39.7,,,,,,
WEST WIMMERA,2023,250,184.0,,5,1.8,1.0,0.3,0.8,39.7,,,,,,
WEST WIMMERA,2023,280,184.0,,5,1.8,1.0,0.3,0.8,39.7,,,,,,
WEST WIMMERA,2023,300,184.0,,5,1.8,1.0,0.3,0.8,39.7,,,,,,
WEST WIMMERA,2024,258,233.0,,5,1.8,1.0,0.3,0.8,39.7,,,,,,
WEST WIMMERA,2024,313,233.0,,5,1.8,1.0,0.3,0.8,39.7,,,,,,
WEST WIMMERA,2024,275,233.0,,5,1.8,1.0,0.3,0.8,39.7,,,,,,
WEST WIMMERA,2024,315,233.0,,5,1.8,1.0,0.3,0.8,39.7,,,,,,
WEST WIMMERA,2025,300,180.0,,5,1.8,1.0,0.3,0.8,39.7,,,,,,
WEST WIMMERA,2025,280,180.0,,5,1.8,1.0,0.3,0.8,39.7,,,,,,
WEST WIMMERA,2025,340,180.0,,5,1.8,1.0,0.3,0.8,39.7,,,,,,
WHITEHORSE,1999,185,,6.0,49,0.3,1.1,0.4,0.2,25.4,399 Whitehorse Road, Nunawading VIC 3131,-37.8178,145.1742,19.08,21.8
WHITEHORSE,1999,185,,6.0,49,0.3,1.1,0.4,0.2,25.4,399 Whitehorse Road, Nunawading VIC 3131,-37.8178,145.1742,19.08,21.8
WHITEHORSE,1999,190,,6.0,49,0.3,1.1,0.4,0.2,25.4,399 Whitehorse Road, Nunawading VIC 3131,-37.8178,145.1742,19.08,21.8
WHITEHORSE,2000,195,,6.0,49,0.3,1.1,0.4,0.2,25.4,399 Whitehorse Road, Nunawading VIC 3131,-37.8178,145.1742,19.08,21.8
WHITEHORSE,2000,195,,6.0,49,0.3,1.1,0.4,0.2,25.4,399 Whitehorse Road, Nunawading VIC 3131,-37.8178,145.1742,19.08,21.8
WHITEHORSE,2000,200,,6.0,49,0.3,1.1,0.4,0.2,25.4,399 Whitehorse Road, Nunawading VIC 3131,-37.8178,145.1742,19.08,21.8
WHITEHORSE,2000,195,,6.0,49,0.3,1.1,0.4,0.2,25.4,399 Whitehorse Road, Nunawading VIC 3131,-37.8178,145.1742,19.08,21.8
WHITEHORSE,2001,200,,6.0,49,0.3,1.1,0.4,0.2,25.4,399 Whitehorse Road, Nunawading VIC 3131,-37.8178,145.1742,19.08,21.8
WHITEHORSE,2001,210,,6.0,49,0.3,1.1,0.4,0.2,25.4,399 Whitehorse Road, Nunawading VIC 3131,-37.8178,145.1742,19.08,21.8
WHITEHORSE,2001,205,,6.0,49,0.3,1.1,0.4,0.2,25.4,399 Whitehorse Road, Nunawading VIC 3131,-37.8178,145.1742,19.08,21.8
WHITEHORSE,2001,215,,6.0,49,0.3,1.1,0.4,0.2,25.4,399 Whitehorse Road, Nunawading VIC 3131,-37.8178,145.1742,19.08,21.8
WHITEHORSE,2002,215,,6.0,49,0.3,1.1,0.4,0.2,25.4,399 Whitehorse Road, Nunawading VIC 3131,-37.8178,145.1742,19.08,21.8
WHITEHORSE,2002,220,,6.0,49,0.3,1.1,0.4,0.2,25.4,399 Whitehorse Road, Nunawading VIC 3131,-37.8178,145.1742,19.08,21.8
WHITEHORSE,2002,220,,6.0,49,0.3,1.1,0.4,0.2,25.4,399 Whitehorse Road, Nunawading VIC 3131,-37.8178,145.1742,19.08,21.8
WHITEHORSE,2002,220,,6.0,49,0.3,1.1,0.4,0.2,25.4,399 Whitehorse Road, Nunawading VIC 3131,-37.8178,145.1742,19.08,21.8
WHITEHORSE,2003,220,,6.0,49,0.3,1.1,0.4,0.2,25.4,399 Whitehorse Road, Nunawading VIC 3131,-37.8178,145.1742,19.08,21.8
WHITEHORSE,2003,220,,6.0,49,0.3,1.1,0.4,0.2,25.4,399 Whitehorse Road, Nunawading VIC 3131,-37.8178,145.1742,19.08,21.8
WHITEHORSE,2003,220,,6.0,49,0.3,1.1,0.4,0.2,25.4,399 Whitehorse Road, Nunawading VIC 3131,-37.8178,145.1742,19.08,21.8
WHITEHORSE,2003,230,,6.0,49,0.3,1.1,0.4,0.2,25.4,399 Whitehorse Road, Nunawading VIC 3131,-37.8178,145.1742,19.08,21.8
WHITEHORSE,2004,230,,6.0,49,0.3,1.1,0.4,0.2,25.4,399 Whitehorse Road, Nunawading VIC 3131,-37.8178,145.1742,19.08,21.8
WHITEHORSE,2004,230,,6.0,49,0.3,1.1,0.4,0.2,25.4,399 Whitehorse Road, Nunawading VIC 3131,-37.8178,145.1742,19.08,21.8
WHITEHORSE,2004,240,,6.0,49,0.3,1.1,0.4,0.2,25.4,399 Whitehorse Road, Nunawading VIC 3131,-37.8178,145.1742,19.08,21.8
WHITEHORSE,2004,235,,6.0,49,0.3,1.1,0.4,0.2,25.4,399 Whitehorse Road, Nunawading VIC 3131,-37.8178,145.1742,19.08,21.8
WHITEHORSE,2005,245,,6.0,49,0.3,1.1,0.4,0.2,25.4,399 Whitehorse Road, Nunawading VIC 3131,-37.8178,145.1742,19.08,21.8
WHITEHORSE,2005,240,,6.0,49,0.3,1.1,0.4,0.2,25.4,399 Whitehorse Road, Nunawading VIC 3131,-37.8178,145.1742,19.08,21.8
WHITEHORSE,2005,240,,6.0,49,0.3,1.1,0.4,0.2,25.4,399 Whitehorse Road, Nunawading VIC 3131,-37.8178,145.1742,19.08,21.8
WHITEHORSE,2005,245,,6.0,49,0.3,1.1,0.4,0.2,25.4,399 Whitehorse Road, Nunawading VIC 3131,-37.8178,145.1742,19.08,21.8
WHITEHORSE,2006,250,,6.0,49,0.3,1.1,0.4,0.2,25.4,399 Whitehorse Road, Nunawading VIC 3131,-37.8178,145.1742,19.08,21.8
WHITEHORSE,2006,255,,6.0,49,0.3,1.1,0.4,0.2,25.4,399 Whitehorse Road, Nunawading VIC 3131,-37.8178,145.1742,19.08,21.8
WHITEHORSE,2006,255,,6.0,49,0.3,1.1,0.4,0.2,25.4,399 Whitehorse Road, Nunawading VIC 3131,-37.8178,145.1742,19.08,21.8
WHITEHORSE,2006,260,,6.0,49,0.3,1.1,0.4,0.2,25.4,399 Whitehorse Road, Nunawading VIC 3131,-37.8178,145.1742,19.08,21.8
WHITEHORSE,2007,270,,6.0,49,0.3,1.1,0.4,0.2,25.4,399 Whitehorse Road, Nunawading VIC 3131,-37.8178,145.1742,19.08,21.8
WHITEHORSE,2007,280,,6.0,49,0.3,1.1,0.4,0.2,25.4,399 Whitehorse Road, Nunawading VIC 3131,-37.8178,145.1742,19.08,21.8
WHITEHORSE,2007,295,,6.0,49,0.3,1.1,0.4,0.2,25.4,399 Whitehorse Road, Nunawading VIC 3131,-37.8178,145.1742,19.08,21.8
WHITEHORSE,2007,300,,6.0,49,0.3,1.1,0.4,0.2,25.4,399 Whitehorse Road, Nunawading VIC 3131,-37.8178,145.1742,19.08,21.8
WHITEHORSE,2008,310,,6.0,49,0.3,1.1,0.4,0.2,25.4,399 Whitehorse Road, Nunawading VIC 3131,-37.8178,145.1742,19.08,21.8
WHITEHORSE,2008,330,,6.0,49,0.3,1.1,0.4,0.2,25.4,399 Whitehorse Road, Nunawading VIC 3131,-37.8178,145.1742,19.08,21.8
WHITEHORSE,2008,330,,6.0,49,0.3,1.1,0.4,0.2,25.4,399 Whitehorse Road, Nunawading VIC 3131,-37.8178,145.1742,19.08,21.8
WHITEHORSE,2008,335,,6.0,49,0.3,1.1,0.4,0.2,25.4,399 Whitehorse Road, Nunawading VIC 3131,-37.8178,145.1742,19.08,21.8
WHITEHORSE,2009,320,,6.0,49,0.3,1.1,0.4,0.2,25.4,399 Whitehorse Road, Nunawading VIC 3131,-37.8178,145.1742,19.08,21.8
WHITEHORSE,2009,330,,6.0,49,0.3,1.1,0.4,0.2,25.4,399 Whitehorse Road, Nunawading VIC 3131,-37.8178,145.1742,19.08,21.8
WHITEHORSE,2009,330,,6.0,49,0.3,1.1,0.4,0.2,25.4,399 Whitehorse Road, Nunawading VIC 3131,-37.8178,145.1742,19.08,21.8
WHITEHORSE,2009,350,,6.0,49,0.3,1.1,0.4,0.2,25.4,399 Whitehorse Road, Nunawading VIC 3131,-37.8178,145.1742,19.08,21.8
WHITEHORSE,2010,350,,6.0,49,0.3,1.1,0.4,0.2,25.4,399 Whitehorse Road, Nunawading VIC 3131,-37.8178,145.1742,19.08,21.8
WHITEHORSE,2010,355,,6.0,49,0.3,1.1,0.4,0.2,25.4,399 Whitehorse Road, Nunawading VIC 3131,-37.8178,145.1742,19.08,21.8
WHITEHORSE,2010,360,,6.0,49,0.3,1.1,0.4,0.2,25.4,399 Whitehorse Road, Nunawading VIC 3131,-37.8178,145.1742,19.08,21.8
WHITEHORSE,2010,360,,6.0,49,0.3,1.1,0.4,0.2,25.4,399 Whitehorse Road, Nunawading VIC 3131,-37.8178,145.1742,19.08,21.8
WHITEHORSE,2011,370,,6.0,49,0.3,1.1,0.4,0.2,25.4,399 Whitehorse Road, Nunawading VIC 3131,-37.8178,145.1742,19.08,21.8
WHITEHORSE,2011,370,,6.0,49,0.3,1.1,0.4,0.2,25.4,399 Whitehorse Road, Nunawading VIC 3131,-37.8178,145.1742,19.08,21.8
WHITEHORSE,2011,370,,6.0,49,0.3,1.1,0.4,0.2,25.4,399 Whitehorse Road, Nunawading VIC 3131,-37.8178,145.1742,19.08,21.8
WHITEHORSE,2011,375,,6.0,49,0.3,1.1,0.4,0.2,25.4,399 Whitehorse Road, Nunawading VIC 3131,-37.8178,145.1742,19.08,21.8
WHITEHORSE,2012,380,,6.0,49,0.3,1.1,0.4,0.2,25.4,399 Whitehorse Road, Nunawading VIC 3131,-37.8178,145.1742,19.08,21.8
WHITEHORSE,2012,375,,6.0,49,0.3,1.1,0.4,0.2,25.4,399 Whitehorse Road, Nunawading VIC 3131,-37.8178,145.1742,19.08,21.8
WHITEHORSE,2012,370,,6.0,49,0.3,1.1,0.4,0.2,25.4,399 Whitehorse Road, Nunawading VIC 3131,-37.8178,145.1742,19.08,21.8
WHITEHORSE,2012,370,,6.0,49,0.3,1.1,0.4,0.2,25.4,399 Whitehorse Road, Nunawading VIC 3131,-37.8178,145.1742,19.08,21.8
WHITEHORSE,2013,375,,6.0,49,0.3,1.1,0.4,0.2,25.4,399 Whitehorse Road, Nunawading VIC 3131,-37.8178,145.1742,19.08,21.8
WHITEHORSE,2013,380,,6.0,49,0.3,1.1,0.4,0.2,25.4,399 Whitehorse Road, Nunawading VIC 3131,-37.8178,145.1742,19.08,21.8
WHITEHORSE,2013,380,,6.0,49,0.3,1.1,0.4,0.2,25.4,399 Whitehorse Road, Nunawading VIC 3131,-37.8178,145.1742,19.08,21.8
WHITEHORSE,2013,381,,6.0,49,0.3,1.1,0.4,0.2,25.4,399 Whitehorse Road, Nunawading VIC 3131,-37.8178,145.1742,19.08,21.8
WHITEHORSE,2014,380,,6.0,49,0.3,1.1,0.4,0.2,25.4,399 Whitehorse Road, Nunawading VIC 3131,-37.8178,145.1742,19.08,21.8
WHITEHORSE,2014,385,,6.0,49,0.3,1.1,0.4,0.2,25.4,399 Whitehorse Road, Nunawading VIC 3131,-37.8178,145.1742,19.08,21.8
WHITEHORSE,2014,395,,6.0,49,0.3,1.1,0.4,0.2,25.4,399 Whitehorse Road, Nunawading VIC 3131,-37.8178,145.1742,19.08,21.8
WHITEHORSE,2014,395,,6.0,49,0.3,1.1,0.4,0.2,25.4,399 Whitehorse Road, Nunawading VIC 3131,-37.8178,145.1742,19.08,21.8
WHITEHORSE,2015,390,,6.0,49,0.3,1.1,0.4,0.2,25.4,399 Whitehorse Road, Nunawading VIC 3131,-37.8178,145.1742,19.08,21.8
WHITEHORSE,2015,390,,6.0,49,0.3,1.1,0.4,0.2,25.4,399 Whitehorse Road, Nunawading VIC 3131,-37.8178,145.1742,19.08,21.8
WHITEHORSE,2015,400,,6.0,49,0.3,1.1,0.4,0.2,25.4,399 Whitehorse Road, Nunawading VIC 3131,-37.8178,145.1742,19.08,21.8
WHITEHORSE,2015,400,,6.0,49,0.3,1.1,0.4,0.2,25.4,399 Whitehorse Road, Nunawading VIC 3131,-37.8178,145.1742,19.08,21.8
WHITEHORSE,2016,400,7983.0,6.0,49,0.3,1.1,0.4,0.2,25.4,399 Whitehorse Road, Nunawading VIC 3131,-37.8178,145.1742,19.08,21.8
WHITEHORSE,2016,400,7983.0,6.0,49,0.3,1.1,0.4,0.2,25.4,399 Whitehorse Road, Nunawading VIC 3131,-37.8178,145.1742,19.08,21.8
WHITEHORSE,2016,410,7983.0,6.0,49,0.3,1.1,0.4,0.2,25.4,399 Whitehorse Road, Nunawading VIC 3131,-37.8178,145.1742,19.08,21.8
WHITEHORSE,2016,400,7983.0,6.0,49,0.3,1.1,0.4,0.2,25.4,399 Whitehorse Road, Nunawading VIC 3131,-37.8178,145.1742,19.08,21.8
WHITEHORSE,2017,420,8290.0,6.0,49,0.3,1.1,0.4,0.2,25.4,399 Whitehorse Road, Nunawading VIC 3131,-37.8178,145.1742,19.08,21.8
WHITEHORSE,2017,420,8290.0,6.0,49,0.3,1.1,0.4,0.2,25.4,399 Whitehorse Road, Nunawading VIC 3131,-37.8178,145.1742,19.08,21.8
WHITEHORSE,2017,430,8290.0,6.0,49,0.3,1.1,0.4,0.2,25.4,399 Whitehorse Road, Nunawading VIC 3131,-37.8178,145.1742,19.08,21.8
WHITEHORSE,2017,430,8290.0,6.0,49,0.3,1.1,0.4,0.2,25.4,399 Whitehorse Road, Nunawading VIC 3131,-37.8178,145.1742,19.08,21.8
WHITEHORSE,2018,450,8206.0,6.0,49,0.3,1.1,0.4,0.2,25.4,399 Whitehorse Road, Nunawading VIC 3131,-37.8178,145.1742,19.08,21.8
WHITEHORSE,2018,440,8206.0,6.0,49,0.3,1.1,0.4,0.2,25.4,399 Whitehorse Road, Nunawading VIC 3131,-37.8178,145.1742,19.08,21.8
WHITEHORSE,2018,440,8206.0,6.0,49,0.3,1.1,0.4,0.2,25.4,399 Whitehorse Road, Nunawading VIC 3131,-37.8178,145.1742,19.08,21.8
WHITEHORSE,2018,448,8206.0,6.0,49,0.3,1.1,0.4,0.2,25.4,399 Whitehorse Road, Nunawading VIC 3131,-37.8178,145.1742,19.08,21.8
WHITEHORSE,2019,450,9212.0,6.0,49,0.3,1.1,0.4,0.2,25.4,399 Whitehorse Road, Nunawading VIC 3131,-37.8178,145.1742,19.08,21.8
WHITEHORSE,2019,450,9212.0,6.0,49,0.3,1.1,0.4,0.2,25.4,399 Whitehorse Road, Nunawading VIC 3131,-37.8178,145.1742,19.08,21.8
WHITEHORSE,2019,450,9212.0,6.0,49,0.3,1.1,0.4,0.2,25.4,399 Whitehorse Road, Nunawading VIC 3131,-37.8178,145.1742,19.08,21.8
WHITEHORSE,2019,450,9212.0,6.0,49,0.3,1.1,0.4,0.2,25.4,399 Whitehorse Road, Nunawading VIC 3131,-37.8178,145.1742,19.08,21.8
WHITEHORSE,2020,450,9360.0,6.0,49,0.3,1.1,0.4,0.2,25.4,399 Whitehorse Road, Nunawading VIC 3131,-37.8178,145.1742,19.08,21.8
WHITEHORSE,2020,425,9360.0,6.0,49,0.3,1.1,0.4,0.2,25.4,399 Whitehorse Road, Nunawading VIC 3131,-37.8178,145.1742,19.08,21.8
WHITEHORSE,2020,420,9360.0,6.0,49,0.3,1.1,0.4,0.2,25.4,399 Whitehorse Road, Nunawading VIC 3131,-37.8178,145.1742,19.08,21.8
WHITEHORSE,2020,410,9360.0,6.0,49,0.3,1.1,0.4,0.2,25.4,399 Whitehorse Road, Nunawading VIC 3131,-37.8178,145.1742,19.08,21.8
WHITEHORSE,2021,410,7609.0,6.0,49,0.3,1.1,0.4,0.2,25.4,399 Whitehorse Road, Nunawading VIC 3131,-37.8178,145.1742,19.08,21.8
WHITEHORSE,2021,410,7609.0,6.0,49,0.3,1.1,0.4,0.2,25.4,399 Whitehorse Road, Nunawading VIC 3131,-37.8178,145.1742,19.08,21.8
WHITEHORSE,2021,420,7609.0,6.0,49,0.3,1.1,0.4,0.2,25.4,399 Whitehorse Road, Nunawading VIC 3131,-37.8178,145.1742,19.08,21.8
WHITEHORSE,2021,425,7609.0,6.0,49,0.3,1.1,0.4,0.2,25.4,399 Whitehorse Road, Nunawading VIC 3131,-37.8178,145.1742,19.08,21.8
WHITEHORSE,2022,440,7934.0,6.0,49,0.3,1.1,0.4,0.2,25.4,399 Whitehorse Road, Nunawading VIC 3131,-37.8178,145.1742,19.08,21.8
WHITEHORSE,2022,450,7934.0,6.0,49,0.3,1.1,0.4,0.2,25.4,399 Whitehorse Road, Nunawading VIC 3131,-37.8178,145.1742,19.08,21.8
WHITEHORSE,2022,460,7934.0,6.0,49,0.3,1.1,0.4,0.2,25.4,399 Whitehorse Road, Nunawading VIC 3131,-37.8178,145.1742,19.08,21.8
WHITEHORSE,2022,475,7934.0,6.0,49,0.3,1.1,0.4,0.2,25.4,399 Whitehorse Road, Nunawading VIC 3131,-37.8178,145.1742,19.08,21.8
WHITEHORSE,2023,500,9909.0,6.0,49,0.3,1.1,0.4,0.2,25.4,399 Whitehorse Road, Nunawading VIC 3131,-37.8178,145.1742,19.08,21.8
WHITEHORSE,2023,530,9909.0,6.0,49,0.3,1.1,0.4,0.2,25.4,399 Whitehorse Road, Nunawading VIC 3131,-37.8178,145.1742,19.08,21.8
WHITEHORSE,2023,550,9909.0,6.0,49,0.3,1.1,0.4,0.2,25.4,399 Whitehorse Road, Nunawading VIC 3131,-37.8178,145.1742,19.08,21.8
WHITEHORSE,2023,550,9909.0,6.0,49,0.3,1.1,0.4,0.2,25.4,399 Whitehorse Road, Nunawading VIC 3131,-37.8178,145.1742,19.08,21.8
WHITEHORSE,2024,580,10902.0,6.0,49,0.3,1.1,0.4,0.2,25.4,399 Whitehorse Road, Nunawading VIC 3131,-37.8178,145.1742,19.08,21.8
WHITEHORSE,2024,595,10902.0,6.0,49,0.3,1.1,0.4,0.2,25.4,399 Whitehorse Road, Nunawading VIC 3131,-37.8178,145.1742,19.08,21.8
WHITEHORSE,2024,600,10902.0,6.0,49,0.3,1.1,0.4,0.2,25.4,399 Whitehorse Road, Nunawading VIC 3131,-37.8178,145.1742,19.08,21.8
WHITEHORSE,2024,595,10902.0,6.0,49,0.3,1.1,0.4,0.2,25.4,399 Whitehorse Road, Nunawading VIC 3131,-37.8178,145.1742,19.08,21.8
WHITEHORSE,2025,600,11844.0,6.0,49,0.3,1.1,0.4,0.2,25.4,399 Whitehorse Road, Nunawading VIC 3131,-37.8178,145.1742,19.08,21.8
WHITEHORSE,2025,600,11844.0,6.0,49,0.3,1.1,0.4,0.2,25.4,399 Whitehorse Road, Nunawading VIC 3131,-37.8178,145.1742,19.08,21.8
WHITEHORSE,2025,620,11844.0,6.0,49,0.3,1.1,0.4,0.2,25.4,399 Whitehorse Road, Nunawading VIC 3131,-37.8178,145.1742,19.08,21.8
WHITTLESEA,1999,165,,5.0,61,0.2,0.4,0.2,0.1,24.6,63 Church Street, Whittlesea VIC 3757,-37.5124,145.1155,36.34,40.4
WHITTLESEA,1999,165,,5.0,61,0.2,0.4,0.2,0.1,24.6,63 Church Street, Whittlesea VIC 3757,-37.5124,145.1155,36.34,40.4
WHITTLESEA,1999,170,,5.0,61,0.2,0.4,0.2,0.1,24.6,63 Church Street, Whittlesea VIC 3757,-37.5124,145.1155,36.34,40.4
WHITTLESEA,2000,175,,5.0,61,0.2,0.4,0.2,0.1,24.6,63 Church Street, Whittlesea VIC 3757,-37.5124,145.1155,36.34,40.4
WHITTLESEA,2000,170,,5.0,61,0.2,0.4,0.2,0.1,24.6,63 Church Street, Whittlesea VIC 3757,-37.5124,145.1155,36.34,40.4
WHITTLESEA,2000,175,,5.0,61,0.2,0.4,0.2,0.1,24.6,63 Church Street, Whittlesea VIC 3757,-37.5124,145.1155,36.34,40.4
WHITTLESEA,2000,180,,5.0,61,0.2,0.4,0.2,0.1,24.6,63 Church Street, Whittlesea VIC 3757,-37.5124,145.1155,36.34,40.4
WHITTLESEA,2001,180,,5.0,61,0.2,0.4,0.2,0.1,24.6,63 Church Street, Whittlesea VIC 3757,-37.5124,145.1155,36.34,40.4
WHITTLESEA,2001,180,,5.0,61,0.2,0.4,0.2,0.1,24.6,63 Church Street, Whittlesea VIC 3757,-37.5124,145.1155,36.34,40.4
WHITTLESEA,2001,180,,5.0,61,0.2,0.4,0.2,0.1,24.6,63 Church Street, Whittlesea VIC 3757,-37.5124,145.1155,36.34,40.4
WHITTLESEA,2001,185,,5.0,61,0.2,0.4,0.2,0.1,24.6,63 Church Street, Whittlesea VIC 3757,-37.5124,145.1155,36.34,40.4
WHITTLESEA,2002,190,,5.0,61,0.2,0.4,0.2,0.1,24.6,63 Church Street, Whittlesea VIC 3757,-37.5124,145.1155,36.34,40.4
WHITTLESEA,2002,190,,5.0,61,0.2,0.4,0.2,0.1,24.6,63 Church Street, Whittlesea VIC 3757,-37.5124,145.1155,36.34,40.4
WHITTLESEA,2002,190,,5.0,61,0.2,0.4,0.2,0.1,24.6,63 Church Street, Whittlesea VIC 3757,-37.5124,145.1155,36.34,40.4
WHITTLESEA,2002,193,,5.0,61,0.2,0.4,0.2,0.1,24.6,63 Church Street, Whittlesea VIC 3757,-37.5124,145.1155,36.34,40.4
WHITTLESEA,2003,191,,5.0,61,0.2,0.4,0.2,0.1,24.6,63 Church Street, Whittlesea VIC 3757,-37.5124,145.1155,36.34,40.4
WHITTLESEA,2003,195,,5.0,61,0.2,0.4,0.2,0.1,24.6,63 Church Street, Whittlesea VIC 3757,-37.5124,145.1155,36.34,40.4
WHITTLESEA,2003,200,,5.0,61,0.2,0.4,0.2,0.1,24.6,63 Church Street, Whittlesea VIC 3757,-37.5124,145.1155,36.34,40.4
WHITTLESEA,2003,200,,5.0,61,0.2,0.4,0.2,0.1,24.6,63 Church Street, Whittlesea VIC 3757,-37.5124,145.1155,36.34,40.4
WHITTLESEA,2004,200,,5.0,61,0.2,0.4,0.2,0.1,24.6,63 Church Street, Whittlesea VIC 3757,-37.5124,145.1155,36.34,40.4
WHITTLESEA,2004,200,,5.0,61,0.2,0.4,0.2,0.1,24.6,63 Church Street, Whittlesea VIC 3757,-37.5124,145.1155,36.34,40.4
WHITTLESEA,2004,205,,5.0,61,0.2,0.4,0.2,0.1,24.6,63 Church Street, Whittlesea VIC 3757,-37.5124,145.1155,36.34,40.4
WHITTLESEA,2004,205,,5.0,61,0.2,0.4,0.2,0.1,24.6,63 Church Street, Whittlesea VIC 3757,-37.5124,145.1155,36.34,40.4
WHITTLESEA,2005,210,,5.0,61,0.2,0.4,0.2,0.1,24.6,63 Church Street, Whittlesea VIC 3757,-37.5124,145.1155,36.34,40.4
WHITTLESEA,2005,210,,5.0,61,0.2,0.4,0.2,0.1,24.6,63 Church Street, Whittlesea VIC 3757,-37.5124,145.1155,36.34,40.4
WHITTLESEA,2005,210,,5.0,61,0.2,0.4,0.2,0.1,24.6,63 Church Street, Whittlesea VIC 3757,-37.5124,145.1155,36.34,40.4
WHITTLESEA,2005,215,,5.0,61,0.2,0.4,0.2,0.1,24.6,63 Church Street, Whittlesea VIC 3757,-37.5124,145.1155,36.34,40.4
WHITTLESEA,2006,210,,5.0,61,0.2,0.4,0.2,0.1,24.6,63 Church Street, Whittlesea VIC 3757,-37.5124,145.1155,36.34,40.4
WHITTLESEA,2006,220,,5.0,61,0.2,0.4,0.2,0.1,24.6,63 Church Street, Whittlesea VIC 3757,-37.5124,145.1155,36.34,40.4
WHITTLESEA,2006,220,,5.0,61,0.2,0.4,0.2,0.1,24.6,63 Church Street, Whittlesea VIC 3757,-37.5124,145.1155,36.34,40.4
WHITTLESEA,2006,220,,5.0,61,0.2,0.4,0.2,0.1,24.6,63 Church Street, Whittlesea VIC 3757,-37.5124,145.1155,36.34,40.4
WHITTLESEA,2007,230,,5.0,61,0.2,0.4,0.2,0.1,24.6,63 Church Street, Whittlesea VIC 3757,-37.5124,145.1155,36.34,40.4
WHITTLESEA,2007,240,,5.0,61,0.2,0.4,0.2,0.1,24.6,63 Church Street, Whittlesea VIC 3757,-37.5124,145.1155,36.34,40.4
WHITTLESEA,2007,250,,5.0,61,0.2,0.4,0.2,0.1,24.6,63 Church Street, Whittlesea VIC 3757,-37.5124,145.1155,36.34,40.4
WHITTLESEA,2007,255,,5.0,61,0.2,0.4,0.2,0.1,24.6,63 Church Street, Whittlesea VIC 3757,-37.5124,145.1155,36.34,40.4
WHITTLESEA,2008,260,,5.0,61,0.2,0.4,0.2,0.1,24.6,63 Church Street, Whittlesea VIC 3757,-37.5124,145.1155,36.34,40.4
WHITTLESEA,2008,280,,5.0,61,0.2,0.4,0.2,0.1,24.6,63 Church Street, Whittlesea VIC 3757,-37.5124,145.1155,36.34,40.4
WHITTLESEA,2008,290,,5.0,61,0.2,0.4,0.2,0.1,24.6,63 Church Street, Whittlesea VIC 3757,-37.5124,145.1155,36.34,40.4
WHITTLESEA,2008,290,,5.0,61,0.2,0.4,0.2,0.1,24.6,63 Church Street, Whittlesea VIC 3757,-37.5124,145.1155,36.34,40.4
WHITTLESEA,2009,300,,5.0,61,0.2,0.4,0.2,0.1,24.6,63 Church Street, Whittlesea VIC 3757,-37.5124,145.1155,36.34,40.4
WHITTLESEA,2009,300,,5.0,61,0.2,0.4,0.2,0.1,24.6,63 Church Street, Whittlesea VIC 3757,-37.5124,145.1155,36.34,40.4
WHITTLESEA,2009,300,,5.0,61,0.2,0.4,0.2,0.1,24.6,63 Church Street, Whittlesea VIC 3757,-37.5124,145.1155,36.34,40.4
WHITTLESEA,2009,300,,5.0,61,0.2,0.4,0.2,0.1,24.6,63 Church Street, Whittlesea VIC 3757,-37.5124,145.1155,36.34,40.4
WHITTLESEA,2010,320,,5.0,61,0.2,0.4,0.2,0.1,24.6,63 Church Street, Whittlesea VIC 3757,-37.5124,145.1155,36.34,40.4
WHITTLESEA,2010,320,,5.0,61,0.2,0.4,0.2,0.1,24.6,63 Church Street, Whittlesea VIC 3757,-37.5124,145.1155,36.34,40.4
WHITTLESEA,2010,320,,5.0,61,0.2,0.4,0.2,0.1,24.6,63 Church Street, Whittlesea VIC 3757,-37.5124,145.1155,36.34,40.4
WHITTLESEA,2010,320,,5.0,61,0.2,0.4,0.2,0.1,24.6,63 Church Street, Whittlesea VIC 3757,-37.5124,145.1155,36.34,40.4
WHITTLESEA,2011,325,,5.0,61,0.2,0.4,0.2,0.1,24.6,63 Church Street, Whittlesea VIC 3757,-37.5124,145.1155,36.34,40.4
WHITTLESEA,2011,330,,5.0,61,0.2,0.4,0.2,0.1,24.6,63 Church Street, Whittlesea VIC 3757,-37.5124,145.1155,36.34,40.4
WHITTLESEA,2011,323,,5.0,61,0.2,0.4,0.2,0.1,24.6,63 Church Street, Whittlesea VIC 3757,-37.5124,145.1155,36.34,40.4
WHITTLESEA,2011,330,,5.0,61,0.2,0.4,0.2,0.1,24.6,63 Church Street, Whittlesea VIC 3757,-37.5124,145.1155,36.34,40.4
WHITTLESEA,2012,320,,5.0,61,0.2,0.4,0.2,0.1,24.6,63 Church Street, Whittlesea VIC 3757,-37.5124,145.1155,36.34,40.4
WHITTLESEA,2012,320,,5.0,61,0.2,0.4,0.2,0.1,24.6,63 Church Street, Whittlesea VIC 3757,-37.5124,145.1155,36.34,40.4
WHITTLESEA,2012,325,,5.0,61,0.2,0.4,0.2,0.1,24.6,63 Church Street, Whittlesea VIC 3757,-37.5124,145.1155,36.34,40.4
WHITTLESEA,2012,320,,5.0,61,0.2,0.4,0.2,0.1,24.6,63 Church Street, Whittlesea VIC 3757,-37.5124,145.1155,36.34,40.4
WHITTLESEA,2013,320,,5.0,61,0.2,0.4,0.2,0.1,24.6,63 Church Street, Whittlesea VIC 3757,-37.5124,145.1155,36.34,40.4
WHITTLESEA,2013,325,,5.0,61,0.2,0.4,0.2,0.1,24.6,63 Church Street, Whittlesea VIC 3757,-37.5124,145.1155,36.34,40.4
WHITTLESEA,2013,325,,5.0,61,0.2,0.4,0.2,0.1,24.6,63 Church Street, Whittlesea VIC 3757,-37.5124,145.1155,36.34,40.4
WHITTLESEA,2013,325,,5.0,61,0.2,0.4,0.2,0.1,24.6,63 Church Street, Whittlesea VIC 3757,-37.5124,145.1155,36.34,40.4
WHITTLESEA,2014,320,,5.0,61,0.2,0.4,0.2,0.1,24.6,63 Church Street, Whittlesea VIC 3757,-37.5124,145.1155,36.34,40.4
WHITTLESEA,2014,330,,5.0,61,0.2,0.4,0.2,0.1,24.6,63 Church Street, Whittlesea VIC 3757,-37.5124,145.1155,36.34,40.4
WHITTLESEA,2014,330,,5.0,61,0.2,0.4,0.2,0.1,24.6,63 Church Street, Whittlesea VIC 3757,-37.5124,145.1155,36.34,40.4
WHITTLESEA,2014,330,,5.0,61,0.2,0.4,0.2,0.1,24.6,63 Church Street, Whittlesea VIC 3757,-37.5124,145.1155,36.34,40.4
WHITTLESEA,2015,330,,5.0,61,0.2,0.4,0.2,0.1,24.6,63 Church Street, Whittlesea VIC 3757,-37.5124,145.1155,36.34,40.4
WHITTLESEA,2015,330,,5.0,61,0.2,0.4,0.2,0.1,24.6,63 Church Street, Whittlesea VIC 3757,-37.5124,145.1155,36.34,40.4
WHITTLESEA,2015,340,,5.0,61,0.2,0.4,0.2,0.1,24.6,63 Church Street, Whittlesea VIC 3757,-37.5124,145.1155,36.34,40.4
WHITTLESEA,2015,340,,5.0,61,0.2,0.4,0.2,0.1,24.6,63 Church Street, Whittlesea VIC 3757,-37.5124,145.1155,36.34,40.4
WHITTLESEA,2016,350,16656.0,5.0,61,0.2,0.4,0.2,0.1,24.6,63 Church Street, Whittlesea VIC 3757,-37.5124,145.1155,36.34,40.4
WHITTLESEA,2016,340,16656.0,5.0,61,0.2,0.4,0.2,0.1,24.6,63 Church Street, Whittlesea VIC 3757,-37.5124,145.1155,36.34,40.4
WHITTLESEA,2016,340,16656.0,5.0,61,0.2,0.4,0.2,0.1,24.6,63 Church Street, Whittlesea VIC 3757,-37.5124,145.1155,36.34,40.4
WHITTLESEA,2016,350,16656.0,5.0,61,0.2,0.4,0.2,0.1,24.6,63 Church Street, Whittlesea VIC 3757,-37.5124,145.1155,36.34,40.4
WHITTLESEA,2017,350,15574.0,5.0,61,0.2,0.4,0.2,0.1,24.6,63 Church Street, Whittlesea VIC 3757,-37.5124,145.1155,36.34,40.4
WHITTLESEA,2017,355,15574.0,5.0,61,0.2,0.4,0.2,0.1,24.6,63 Church Street, Whittlesea VIC 3757,-37.5124,145.1155,36.34,40.4
WHITTLESEA,2017,360,15574.0,5.0,61,0.2,0.4,0.2,0.1,24.6,63 Church Street, Whittlesea VIC 3757,-37.5124,145.1155,36.34,40.4
WHITTLESEA,2017,360,15574.0,5.0,61,0.2,0.4,0.2,0.1,24.6,63 Church Street, Whittlesea VIC 3757,-37.5124,145.1155,36.34,40.4
WHITTLESEA,2018,370,15620.0,5.0,61,0.2,0.4,0.2,0.1,24.6,63 Church Street, Whittlesea VIC 3757,-37.5124,145.1155,36.34,40.4
WHITTLESEA,2018,370,15620.0,5.0,61,0.2,0.4,0.2,0.1,24.6,63 Church Street, Whittlesea VIC 3757,-37.5124,145.1155,36.34,40.4
WHITTLESEA,2018,375,15620.0,5.0,61,0.2,0.4,0.2,0.1,24.6,63 Church Street, Whittlesea VIC 3757,-37.5124,145.1155,36.34,40.4
WHITTLESEA,2018,375,15620.0,5.0,61,0.2,0.4,0.2,0.1,24.6,63 Church Street, Whittlesea VIC 3757,-37.5124,145.1155,36.34,40.4
WHITTLESEA,2019,370,16489.0,5.0,61,0.2,0.4,0.2,0.1,24.6,63 Church Street, Whittlesea VIC 3757,-37.5124,145.1155,36.34,40.4
WHITTLESEA,2019,380,16489.0,5.0,61,0.2,0.4,0.2,0.1,24.6,63 Church Street, Whittlesea VIC 3757,-37.5124,145.1155,36.34,40.4
WHITTLESEA,2019,380,16489.0,5.0,61,0.2,0.4,0.2,0.1,24.6,63 Church Street, Whittlesea VIC 3757,-37.5124,145.1155,36.34,40.4
WHITTLESEA,2019,380,16489.0,5.0,61,0.2,0.4,0.2,0.1,24.6,63 Church Street, Whittlesea VIC 3757,-37.5124,145.1155,36.34,40.4
WHITTLESEA,2020,380,16795.0,5.0,61,0.2,0.4,0.2,0.1,24.6,63 Church Street, Whittlesea VIC 3757,-37.5124,145.1155,36.34,40.4
WHITTLESEA,2020,380,16795.0,5.0,61,0.2,0.4,0.2,0.1,24.6,63 Church Street, Whittlesea VIC 3757,-37.5124,145.1155,36.34,40.4
WHITTLESEA,2020,380,16795.0,5.0,61,0.2,0.4,0.2,0.1,24.6,63 Church Street, Whittlesea VIC 3757,-37.5124,145.1155,36.34,40.4
WHITTLESEA,2020,380,16795.0,5.0,61,0.2,0.4,0.2,0.1,24.6,63 Church Street, Whittlesea VIC 3757,-37.5124,145.1155,36.34,40.4
WHITTLESEA,2021,380,13146.0,5.0,61,0.2,0.4,0.2,0.1,24.6,63 Church Street, Whittlesea VIC 3757,-37.5124,145.1155,36.34,40.4
WHITTLESEA,2021,380,13146.0,5.0,61,0.2,0.4,0.2,0.1,24.6,63 Church Street, Whittlesea VIC 3757,-37.5124,145.1155,36.34,40.4
WHITTLESEA,2021,380,13146.0,5.0,61,0.2,0.4,0.2,0.1,24.6,63 Church Street, Whittlesea VIC 3757,-37.5124,145.1155,36.34,40.4
WHITTLESEA,2021,395,13146.0,5.0,61,0.2,0.4,0.2,0.1,24.6,63 Church Street, Whittlesea VIC 3757,-37.5124,145.1155,36.34,40.4
WHITTLESEA,2022,390,12482.0,5.0,61,0.2,0.4,0.2,0.1,24.6,63 Church Street, Whittlesea VIC 3757,-37.5124,145.1155,36.34,40.4
WHITTLESEA,2022,400,12482.0,5.0,61,0.2,0.4,0.2,0.1,24.6,63 Church Street, Whittlesea VIC 3757,-37.5124,145.1155,36.34,40.4
WHITTLESEA,2022,410,12482.0,5.0,61,0.2,0.4,0.2,0.1,24.6,63 Church Street, Whittlesea VIC 3757,-37.5124,145.1155,36.34,40.4
WHITTLESEA,2022,420,12482.0,5.0,61,0.2,0.4,0.2,0.1,24.6,63 Church Street, Whittlesea VIC 3757,-37.5124,145.1155,36.34,40.4
WHITTLESEA,2023,425,13224.0,5.0,61,0.2,0.4,0.2,0.1,24.6,63 Church Street, Whittlesea VIC 3757,-37.5124,145.1155,36.34,40.4
WHITTLESEA,2023,450,13224.0,5.0,61,0.2,0.4,0.2,0.1,24.6,63 Church Street, Whittlesea VIC 3757,-37.5124,145.1155,36.34,40.4
WHITTLESEA,2023,480,13224.0,5.0,61,0.2,0.4,0.2,0.1,24.6,63 Church Street, Whittlesea VIC 3757,-37.5124,145.1155,36.34,40.4
WHITTLESEA,2023,500,13224.0,5.0,61,0.2,0.4,0.2,0.1,24.6,63 Church Street, Whittlesea VIC 3757,-37.5124,145.1155,36.34,40.4
WHITTLESEA,2024,510,17051.0,5.0,61,0.2,0.4,0.2,0.1,24.6,63 Church Street, Whittlesea VIC 3757,-37.5124,145.1155,36.34,40.4
WHITTLESEA,2024,520,17051.0,5.0,61,0.2,0.4,0.2,0.1,24.6,63 Church Street, Whittlesea VIC 3757,-37.5124,145.1155,36.34,40.4
WHITTLESEA,2024,530,17051.0,5.0,61,0.2,0.4,0.2,0.1,24.6,63 Church Street, Whittlesea VIC 3757,-37.5124,145.1155,36.34,40.4
WHITTLESEA,2024,530,17051.0,5.0,61,0.2,0.4,0.2,0.1,24.6,63 Church Street, Whittlesea VIC 3757,-37.5124,145.1155,36.34,40.4
WHITTLESEA,2025,530,18378.0,5.0,61,0.2,0.4,0.2,0.1,24.6,63 Church Street, Whittlesea VIC 3757,-37.5124,145.1155,36.34,40.4
WHITTLESEA,2025,530,18378.0,5.0,61,0.2,0.4,0.2,0.1,24.6,63 Church Street, Whittlesea VIC 3757,-37.5124,145.1155,36.34,40.4
WHITTLESEA,2025,530,18378.0,5.0,61,0.2,0.4,0.2,0.1,24.6,63 Church Street, Whittlesea VIC 3757,-37.5124,145.1155,36.34,40.4
WODONGA,1999,140,,3.0,16,0.3,0.8,0.2,0.2,17.7,,,,,,
WODONGA,1999,140,,3.0,16,0.3,0.8,0.2,0.2,17.7,,,,,,
WODONGA,1999,150,,3.0,16,0.3,0.8,0.2,0.2,17.7,,,,,,
WODONGA,2000,145,,3.0,16,0.3,0.8,0.2,0.2,17.7,,,,,,
WODONGA,2000,150,,3.0,16,0.3,0.8,0.2,0.2,17.7,,,,,,
WODONGA,2000,150,,3.0,16,0.3,0.8,0.2,0.2,17.7,,,,,,
WODONGA,2000,150,,3.0,16,0.3,0.8,0.2,0.2,17.7,,,,,,
WODONGA,2001,145,,3.0,16,0.3,0.8,0.2,0.2,17.7,,,,,,
WODONGA,2001,150,,3.0,16,0.3,0.8,0.2,0.2,17.7,,,,,,
WODONGA,2001,150,,3.0,16,0.3,0.8,0.2,0.2,17.7,,,,,,
WODONGA,2001,155,,3.0,16,0.3,0.8,0.2,0.2,17.7,,,,,,
WODONGA,2002,155,,3.0,16,0.3,0.8,0.2,0.2,17.7,,,,,,
WODONGA,2002,160,,3.0,16,0.3,0.8,0.2,0.2,17.7,,,,,,
WODONGA,2002,160,,3.0,16,0.3,0.8,0.2,0.2,17.7,,,,,,
WODONGA,2002,165,,3.0,16,0.3,0.8,0.2,0.2,17.7,,,,,,
WODONGA,2003,165,,3.0,16,0.3,0.8,0.2,0.2,17.7,,,,,,
WODONGA,2003,170,,3.0,16,0.3,0.8,0.2,0.2,17.7,,,,,,
WODONGA,2003,175,,3.0,16,0.3,0.8,0.2,0.2,17.7,,,,,,
WODONGA,2003,190,,3.0,16,0.3,0.8,0.2,0.2,17.7,,,,,,
WODONGA,2004,180,,3.0,16,0.3,0.8,0.2,0.2,17.7,,,,,,
WODONGA,2004,180,,3.0,16,0.3,0.8,0.2,0.2,17.7,,,,,,
WODONGA,2004,190,,3.0,16,0.3,0.8,0.2,0.2,17.7,,,,,,
WODONGA,2004,190,,3.0,16,0.3,0.8,0.2,0.2,17.7,,,,,,
WODONGA,2005,195,,3.0,16,0.3,0.8,0.2,0.2,17.7,,,,,,
WODONGA,2005,193,,3.0,16,0.3,0.8,0.2,0.2,17.7,,,,,,
WODONGA,2005,200,,3.0,16,0.3,0.8,0.2,0.2,17.7,,,,,,
WODONGA,2005,203,,3.0,16,0.3,0.8,0.2,0.2,17.7,,,,,,
WODONGA,2006,220,,3.0,16,0.3,0.8,0.2,0.2,17.7,,,,,,
WODONGA,2006,210,,3.0,16,0.3,0.8,0.2,0.2,17.7,,,,,,
WODONGA,2006,210,,3.0,16,0.3,0.8,0.2,0.2,17.7,,,,,,
WODONGA,2006,224,,3.0,16,0.3,0.8,0.2,0.2,17.7,,,,,,
WODONGA,2007,210,,3.0,16,0.3,0.8,0.2,0.2,17.7,,,,,,
WODONGA,2007,220,,3.0,16,0.3,0.8,0.2,0.2,17.7,,,,,,
WODONGA,2007,220,,3.0,16,0.3,0.8,0.2,0.2,17.7,,,,,,
WODONGA,2007,230,,3.0,16,0.3,0.8,0.2,0.2,17.7,,,,,,
WODONGA,2008,230,,3.0,16,0.3,0.8,0.2,0.2,17.7,,,,,,
WODONGA,2008,225,,3.0,16,0.3,0.8,0.2,0.2,17.7,,,,,,
WODONGA,2008,233,,3.0,16,0.3,0.8,0.2,0.2,17.7,,,,,,
WODONGA,2008,230,,3.0,16,0.3,0.8,0.2,0.2,17.7,,,,,,
WODONGA,2009,235,,3.0,16,0.3,0.8,0.2,0.2,17.7,,,,,,
WODONGA,2009,238,,3.0,16,0.3,0.8,0.2,0.2,17.7,,,,,,
WODONGA,2009,240,,3.0,16,0.3,0.8,0.2,0.2,17.7,,,,,,
WODONGA,2009,240,,3.0,16,0.3,0.8,0.2,0.2,17.7,,,,,,
WODONGA,2010,240,,3.0,16,0.3,0.8,0.2,0.2,17.7,,,,,,
WODONGA,2010,240,,3.0,16,0.3,0.8,0.2,0.2,17.7,,,,,,
WODONGA,2010,250,,3.0,16,0.3,0.8,0.2,0.2,17.7,,,,,,
WODONGA,2010,250,,3.0,16,0.3,0.8,0.2,0.2,17.7,,,,,,
WODONGA,2011,250,,3.0,16,0.3,0.8,0.2,0.2,17.7,,,,,,
WODONGA,2011,250,,3.0,16,0.3,0.8,0.2,0.2,17.7,,,,,,
WODONGA,2011,250,,3.0,16,0.3,0.8,0.2,0.2,17.7,,,,,,
WODONGA,2011,260,,3.0,16,0.3,0.8,0.2,0.2,17.7,,,,,,
WODONGA,2012,265,,3.0,16,0.3,0.8,0.2,0.2,17.7,,,,,,
WODONGA,2012,265,,3.0,16,0.3,0.8,0.2,0.2,17.7,,,,,,
WODONGA,2012,260,,3.0,16,0.3,0.8,0.2,0.2,17.7,,,,,,
WODONGA,2012,270,,3.0,16,0.3,0.8,0.2,0.2,17.7,,,,,,
WODONGA,2013,270,,3.0,16,0.3,0.8,0.2,0.2,17.7,,,,,,
WODONGA,2013,270,,3.0,16,0.3,0.8,0.2,0.2,17.7,,,,,,
WODONGA,2013,275,,3.0,16,0.3,0.8,0.2,0.2,17.7,,,,,,
WODONGA,2013,280,,3.0,16,0.3,0.8,0.2,0.2,17.7,,,,,,
WODONGA,2014,280,,3.0,16,0.3,0.8,0.2,0.2,17.7,,,,,,
WODONGA,2014,280,,3.0,16,0.3,0.8,0.2,0.2,17.7,,,,,,
WODONGA,2014,285,,3.0,16,0.3,0.8,0.2,0.2,17.7,,,,,,
WODONGA,2014,290,,3.0,16,0.3,0.8,0.2,0.2,17.7,,,,,,
WODONGA,2015,285,,3.0,16,0.3,0.8,0.2,0.2,17.7,,,,,,
WODONGA,2015,290,,3.0,16,0.3,0.8,0.2,0.2,17.7,,,,,,
WODONGA,2015,300,,3.0,16,0.3,0.8,0.2,0.2,17.7,,,,,,
WODONGA,2015,300,,3.0,16,0.3,0.8,0.2,0.2,17.7,,,,,,
WODONGA,2016,295,3311.0,3.0,16,0.3,0.8,0.2,0.2,17.7,,,,,,
WODONGA,2016,280,3311.0,3.0,16,0.3,0.8,0.2,0.2,17.7,,,,,,
WODONGA,2016,295,3311.0,3.0,16,0.3,0.8,0.2,0.2,17.7,,,,,,
WODONGA,2016,300,3311.0,3.0,16,0.3,0.8,0.2,0.2,17.7,,,,,,
WODONGA,2017,310,3297.0,3.0,16,0.3,0.8,0.2,0.2,17.7,,,,,,
WODONGA,2017,290,3297.0,3.0,16,0.3,0.8,0.2,0.2,17.7,,,,,,
WODONGA,2017,295,3297.0,3.0,16,0.3,0.8,0.2,0.2,17.7,,,,,,
WODONGA,2017,300,3297.0,3.0,16,0.3,0.8,0.2,0.2,17.7,,,,,,
WODONGA,2018,310,3207.0,3.0,16,0.3,0.8,0.2,0.2,17.7,,,,,,
WODONGA,2018,300,3207.0,3.0,16,0.3,0.8,0.2,0.2,17.7,,,,,,
WODONGA,2018,310,3207.0,3.0,16,0.3,0.8,0.2,0.2,17.7,,,,,,
WODONGA,2018,330,3207.0,3.0,16,0.3,0.8,0.2,0.2,17.7,,,,,,
WODONGA,2019,328,3745.0,3.0,16,0.3,0.8,0.2,0.2,17.7,,,,,,
WODONGA,2019,330,3745.0,3.0,16,0.3,0.8,0.2,0.2,17.7,,,,,,
WODONGA,2019,320,3745.0,3.0,16,0.3,0.8,0.2,0.2,17.7,,,,,,
WODONGA,2019,340,3745.0,3.0,16,0.3,0.8,0.2,0.2,17.7,,,,,,
WODONGA,2020,330,3566.0,3.0,16,0.3,0.8,0.2,0.2,17.7,,,,,,
WODONGA,2020,325,3566.0,3.0,16,0.3,0.8,0.2,0.2,17.7,,,,,,
WODONGA,2020,325,3566.0,3.0,16,0.3,0.8,0.2,0.2,17.7,,,,,,
WODONGA,2020,350,3566.0,3.0,16,0.3,0.8,0.2,0.2,17.7,,,,,,
WODONGA,2021,360,3439.0,3.0,16,0.3,0.8,0.2,0.2,17.7,,,,,,
WODONGA,2021,380,3439.0,3.0,16,0.3,0.8,0.2,0.2,17.7,,,,,,
WODONGA,2021,380,3439.0,3.0,16,0.3,0.8,0.2,0.2,17.7,,,,,,
WODONGA,2021,390,3439.0,3.0,16,0.3,0.8,0.2,0.2,17.7,,,,,,
WODONGA,2022,410,3632.0,3.0,16,0.3,0.8,0.2,0.2,17.7,,,,,,
WODONGA,2022,410,3632.0,3.0,16,0.3,0.8,0.2,0.2,17.7,,,,,,
WODONGA,2022,418,3632.0,3.0,16,0.3,0.8,0.2,0.2,17.7,,,,,,
WODONGA,2022,425,3632.0,3.0,16,0.3,0.8,0.2,0.2,17.7,,,,,,
WODONGA,2023,420,4370.0,3.0,16,0.3,0.8,0.2,0.2,17.7,,,,,,
WODONGA,2023,450,4370.0,3.0,16,0.3,0.8,0.2,0.2,17.7,,,,,,
WODONGA,2023,440,4370.0,3.0,16,0.3,0.8,0.2,0.2,17.7,,,,,,
WODONGA,2023,450,4370.0,3.0,16,0.3,0.8,0.2,0.2,17.7,,,,,,
WODONGA,2024,455,4823.0,3.0,16,0.3,0.8,0.2,0.2,17.7,,,,,,
WODONGA,2024,480,4823.0,3.0,16,0.3,0.8,0.2,0.2,17.7,,,,,,
WODONGA,2024,480,4823.0,3.0,16,0.3,0.8,0.2,0.2,17.7,,,,,,
WODONGA,2024,490,4823.0,3.0,16,0.3,0.8,0.2,0.2,17.7,,,,,,
WODONGA,2025,520,4260.0,3.0,16,0.3,0.8,0.2,0.2,17.7,,,,,,
WODONGA,2025,530,4260.0,3.0,16,0.3,0.8,0.2,0.2,17.7,,,,,,
WODONGA,2025,530,4260.0,3.0,16,0.3,0.8,0.2,0.2,17.7,,,,,,
WYNDHAM,1999,160,,6.0,71,0.2,0.4,0.2,0.1,21.1,45 Princes Highway, Werribee VIC 3030,-37.9015,144.6606,27.35,30.7
WYNDHAM,1999,160,,6.0,71,0.2,0.4,0.2,0.1,21.1,45 Princes Highway, Werribee VIC 3030,-37.9015,144.6606,27.35,30.7
WYNDHAM,1999,165,,6.0,71,0.2,0.4,0.2,0.1,21.1,45 Princes Highway, Werribee VIC 3030,-37.9015,144.6606,27.35,30.7
WYNDHAM,2000,160,,6.0,71,0.2,0.4,0.2,0.1,21.1,45 Princes Highway, Werribee VIC 3030,-37.9015,144.6606,27.35,30.7
WYNDHAM,2000,165,,6.0,71,0.2,0.4,0.2,0.1,21.1,45 Princes Highway, Werribee VIC 3030,-37.9015,144.6606,27.35,30.7
WYNDHAM,2000,165,,6.0,71,0.2,0.4,0.2,0.1,21.1,45 Princes Highway, Werribee VIC 3030,-37.9015,144.6606,27.35,30.7
WYNDHAM,2000,170,,6.0,71,0.2,0.4,0.2,0.1,21.1,45 Princes Highway, Werribee VIC 3030,-37.9015,144.6606,27.35,30.7
WYNDHAM,2001,170,,6.0,71,0.2,0.4,0.2,0.1,21.1,45 Princes Highway, Werribee VIC 3030,-37.9015,144.6606,27.35,30.7
WYNDHAM,2001,170,,6.0,71,0.2,0.4,0.2,0.1,21.1,45 Princes Highway, Werribee VIC 3030,-37.9015,144.6606,27.35,30.7
WYNDHAM,2001,170,,6.0,71,0.2,0.4,0.2,0.1,21.1,45 Princes Highway, Werribee VIC 3030,-37.9015,144.6606,27.35,30.7
WYNDHAM,2001,175,,6.0,71,0.2,0.4,0.2,0.1,21.1,45 Princes Highway, Werribee VIC 3030,-37.9015,144.6606,27.35,30.7
WYNDHAM,2002,175,,6.0,71,0.2,0.4,0.2,0.1,21.1,45 Princes Highway, Werribee VIC 3030,-37.9015,144.6606,27.35,30.7
WYNDHAM,2002,180,,6.0,71,0.2,0.4,0.2,0.1,21.1,45 Princes Highway, Werribee VIC 3030,-37.9015,144.6606,27.35,30.7
WYNDHAM,2002,180,,6.0,71,0.2,0.4,0.2,0.1,21.1,45 Princes Highway, Werribee VIC 3030,-37.9015,144.6606,27.35,30.7
WYNDHAM,2002,180,,6.0,71,0.2,0.4,0.2,0.1,21.1,45 Princes Highway, Werribee VIC 3030,-37.9015,144.6606,27.35,30.7
WYNDHAM,2003,180,,6.0,71,0.2,0.4,0.2,0.1,21.1,45 Princes Highway, Werribee VIC 3030,-37.9015,144.6606,27.35,30.7
WYNDHAM,2003,185,,6.0,71,0.2,0.4,0.2,0.1,21.1,45 Princes Highway, Werribee VIC 3030,-37.9015,144.6606,27.35,30.7
WYNDHAM,2003,185,,6.0,71,0.2,0.4,0.2,0.1,21.1,45 Princes Highway, Werribee VIC 3030,-37.9015,144.6606,27.35,30.7
WYNDHAM,2003,185,,6.0,71,0.2,0.4,0.2,0.1,21.1,45 Princes Highway, Werribee VIC 3030,-37.9015,144.6606,27.35,30.7
WYNDHAM,2004,185,,6.0,71,0.2,0.4,0.2,0.1,21.1,45 Princes Highway, Werribee VIC 3030,-37.9015,144.6606,27.35,30.7
WYNDHAM,2004,185,,6.0,71,0.2,0.4,0.2,0.1,21.1,45 Princes Highway, Werribee VIC 3030,-37.9015,144.6606,27.35,30.7
WYNDHAM,2004,190,,6.0,71,0.2,0.4,0.2,0.1,21.1,45 Princes Highway, Werribee VIC 3030,-37.9015,144.6606,27.35,30.7
WYNDHAM,2004,190,,6.0,71,0.2,0.4,0.2,0.1,21.1,45 Princes Highway, Werribee VIC 3030,-37.9015,144.6606,27.35,30.7
WYNDHAM,2005,190,,6.0,71,0.2,0.4,0.2,0.1,21.1,45 Princes Highway, Werribee VIC 3030,-37.9015,144.6606,27.35,30.7
WYNDHAM,2005,195,,6.0,71,0.2,0.4,0.2,0.1,21.1,45 Princes Highway, Werribee VIC 3030,-37.9015,144.6606,27.35,30.7
WYNDHAM,2005,195,,6.0,71,0.2,0.4,0.2,0.1,21.1,45 Princes Highway, Werribee VIC 3030,-37.9015,144.6606,27.35,30.7
WYNDHAM,2005,200,,6.0,71,0.2,0.4,0.2,0.1,21.1,45 Princes Highway, Werribee VIC 3030,-37.9015,144.6606,27.35,30.7
WYNDHAM,2006,200,,6.0,71,0.2,0.4,0.2,0.1,21.1,45 Princes Highway, Werribee VIC 3030,-37.9015,144.6606,27.35,30.7
WYNDHAM,2006,200,,6.0,71,0.2,0.4,0.2,0.1,21.1,45 Princes Highway, Werribee VIC 3030,-37.9015,144.6606,27.35,30.7
WYNDHAM,2006,210,,6.0,71,0.2,0.4,0.2,0.1,21.1,45 Princes Highway, Werribee VIC 3030,-37.9015,144.6606,27.35,30.7
WYNDHAM,2006,215,,6.0,71,0.2,0.4,0.2,0.1,21.1,45 Princes Highway, Werribee VIC 3030,-37.9015,144.6606,27.35,30.7
WYNDHAM,2007,220,,6.0,71,0.2,0.4,0.2,0.1,21.1,45 Princes Highway, Werribee VIC 3030,-37.9015,144.6606,27.35,30.7
WYNDHAM,2007,220,,6.0,71,0.2,0.4,0.2,0.1,21.1,45 Princes Highway, Werribee VIC 3030,-37.9015,144.6606,27.35,30.7
WYNDHAM,2007,235,,6.0,71,0.2,0.4,0.2,0.1,21.1,45 Princes Highway, Werribee VIC 3030,-37.9015,144.6606,27.35,30.7
WYNDHAM,2007,240,,6.0,71,0.2,0.4,0.2,0.1,21.1,45 Princes Highway, Werribee VIC 3030,-37.9015,144.6606,27.35,30.7
WYNDHAM,2008,240,,6.0,71,0.2,0.4,0.2,0.1,21.1,45 Princes Highway, Werribee VIC 3030,-37.9015,144.6606,27.35,30.7
WYNDHAM,2008,260,,6.0,71,0.2,0.4,0.2,0.1,21.1,45 Princes Highway, Werribee VIC 3030,-37.9015,144.6606,27.35,30.7
WYNDHAM,2008,280,,6.0,71,0.2,0.4,0.2,0.1,21.1,45 Princes Highway, Werribee VIC 3030,-37.9015,144.6606,27.35,30.7
WYNDHAM,2008,280,,6.0,71,0.2,0.4,0.2,0.1,21.1,45 Princes Highway, Werribee VIC 3030,-37.9015,144.6606,27.35,30.7
WYNDHAM,2009,280,,6.0,71,0.2,0.4,0.2,0.1,21.1,45 Princes Highway, Werribee VIC 3030,-37.9015,144.6606,27.35,30.7
WYNDHAM,2009,270,,6.0,71,0.2,0.4,0.2,0.1,21.1,45 Princes Highway, Werribee VIC 3030,-37.9015,144.6606,27.35,30.7
WYNDHAM,2009,280,,6.0,71,0.2,0.4,0.2,0.1,21.1,45 Princes Highway, Werribee VIC 3030,-37.9015,144.6606,27.35,30.7
WYNDHAM,2009,280,,6.0,71,0.2,0.4,0.2,0.1,21.1,45 Princes Highway, Werribee VIC 3030,-37.9015,144.6606,27.35,30.7
WYNDHAM,2010,282,,6.0,71,0.2,0.4,0.2,0.1,21.1,45 Princes Highway, Werribee VIC 3030,-37.9015,144.6606,27.35,30.7
WYNDHAM,2010,285,,6.0,71,0.2,0.4,0.2,0.1,21.1,45 Princes Highway, Werribee VIC 3030,-37.9015,144.6606,27.35,30.7
WYNDHAM,2010,290,,6.0,71,0.2,0.4,0.2,0.1,21.1,45 Princes Highway, Werribee VIC 3030,-37.9015,144.6606,27.35,30.7
WYNDHAM,2010,295,,6.0,71,0.2,0.4,0.2,0.1,21.1,45 Princes Highway, Werribee VIC 3030,-37.9015,144.6606,27.35,30.7
WYNDHAM,2011,300,,6.0,71,0.2,0.4,0.2,0.1,21.1,45 Princes Highway, Werribee VIC 3030,-37.9015,144.6606,27.35,30.7
WYNDHAM,2011,295,,6.0,71,0.2,0.4,0.2,0.1,21.1,45 Princes Highway, Werribee VIC 3030,-37.9015,144.6606,27.35,30.7
WYNDHAM,2011,300,,6.0,71,0.2,0.4,0.2,0.1,21.1,45 Princes Highway, Werribee VIC 3030,-37.9015,144.6606,27.35,30.7
WYNDHAM,2011,300,,6.0,71,0.2,0.4,0.2,0.1,21.1,45 Princes Highway, Werribee VIC 3030,-37.9015,144.6606,27.35,30.7
WYNDHAM,2012,300,,6.0,71,0.2,0.4,0.2,0.1,21.1,45 Princes Highway, Werribee VIC 3030,-37.9015,144.6606,27.35,30.7
WYNDHAM,2012,300,,6.0,71,0.2,0.4,0.2,0.1,21.1,45 Princes Highway, Werribee VIC 3030,-37.9015,144.6606,27.35,30.7
WYNDHAM,2012,300,,6.0,71,0.2,0.4,0.2,0.1,21.1,45 Princes Highway, Werribee VIC 3030,-37.9015,144.6606,27.35,30.7
WYNDHAM,2012,300,,6.0,71,0.2,0.4,0.2,0.1,21.1,45 Princes Highway, Werribee VIC 3030,-37.9015,144.6606,27.35,30.7
WYNDHAM,2013,300,,6.0,71,0.2,0.4,0.2,0.1,21.1,45 Princes Highway, Werribee VIC 3030,-37.9015,144.6606,27.35,30.7
WYNDHAM,2013,300,,6.0,71,0.2,0.4,0.2,0.1,21.1,45 Princes Highway, Werribee VIC 3030,-37.9015,144.6606,27.35,30.7
WYNDHAM,2013,300,,6.0,71,0.2,0.4,0.2,0.1,21.1,45 Princes Highway, Werribee VIC 3030,-37.9015,144.6606,27.35,30.7
WYNDHAM,2013,310,,6.0,71,0.2,0.4,0.2,0.1,21.1,45 Princes Highway, Werribee VIC 3030,-37.9015,144.6606,27.35,30.7
WYNDHAM,2014,315,,6.0,71,0.2,0.4,0.2,0.1,21.1,45 Princes Highway, Werribee VIC 3030,-37.9015,144.6606,27.35,30.7
WYNDHAM,2014,315,,6.0,71,0.2,0.4,0.2,0.1,21.1,45 Princes Highway, Werribee VIC 3030,-37.9015,144.6606,27.35,30.7
WYNDHAM,2014,320,,6.0,71,0.2,0.4,0.2,0.1,21.1,45 Princes Highway, Werribee VIC 3030,-37.9015,144.6606,27.35,30.7
WYNDHAM,2014,320,,6.0,71,0.2,0.4,0.2,0.1,21.1,45 Princes Highway, Werribee VIC 3030,-37.9015,144.6606,27.35,30.7
WYNDHAM,2015,320,,6.0,71,0.2,0.4,0.2,0.1,21.1,45 Princes Highway, Werribee VIC 3030,-37.9015,144.6606,27.35,30.7
WYNDHAM,2015,325,,6.0,71,0.2,0.4,0.2,0.1,21.1,45 Princes Highway, Werribee VIC 3030,-37.9015,144.6606,27.35,30.7
WYNDHAM,2015,335,,6.0,71,0.2,0.4,0.2,0.1,21.1,45 Princes Highway, Werribee VIC 3030,-37.9015,144.6606,27.35,30.7
WYNDHAM,2015,340,,6.0,71,0.2,0.4,0.2,0.1,21.1,45 Princes Highway, Werribee VIC 3030,-37.9015,144.6606,27.35,30.7
WYNDHAM,2016,340,15373.0,6.0,71,0.2,0.4,0.2,0.1,21.1,45 Princes Highway, Werribee VIC 3030,-37.9015,144.6606,27.35,30.7
WYNDHAM,2016,340,15373.0,6.0,71,0.2,0.4,0.2,0.1,21.1,45 Princes Highway, Werribee VIC 3030,-37.9015,144.6606,27.35,30.7
WYNDHAM,2016,350,15373.0,6.0,71,0.2,0.4,0.2,0.1,21.1,45 Princes Highway, Werribee VIC 3030,-37.9015,144.6606,27.35,30.7
WYNDHAM,2016,350,15373.0,6.0,71,0.2,0.4,0.2,0.1,21.1,45 Princes Highway, Werribee VIC 3030,-37.9015,144.6606,27.35,30.7
WYNDHAM,2017,360,14221.0,6.0,71,0.2,0.4,0.2,0.1,21.1,45 Princes Highway, Werribee VIC 3030,-37.9015,144.6606,27.35,30.7
WYNDHAM,2017,365,14221.0,6.0,71,0.2,0.4,0.2,0.1,21.1,45 Princes Highway, Werribee VIC 3030,-37.9015,144.6606,27.35,30.7
WYNDHAM,2017,365,14221.0,6.0,71,0.2,0.4,0.2,0.1,21.1,45 Princes Highway, Werribee VIC 3030,-37.9015,144.6606,27.35,30.7
WYNDHAM,2017,370,14221.0,6.0,71,0.2,0.4,0.2,0.1,21.1,45 Princes Highway, Werribee VIC 3030,-37.9015,144.6606,27.35,30.7
WYNDHAM,2018,370,14456.0,6.0,71,0.2,0.4,0.2,0.1,21.1,45 Princes Highway, Werribee VIC 3030,-37.9015,144.6606,27.35,30.7
WYNDHAM,2018,370,14456.0,6.0,71,0.2,0.4,0.2,0.1,21.1,45 Princes Highway, Werribee VIC 3030,-37.9015,144.6606,27.35,30.7
WYNDHAM,2018,380,14456.0,6.0,71,0.2,0.4,0.2,0.1,21.1,45 Princes Highway, Werribee VIC 3030,-37.9015,144.6606,27.35,30.7
WYNDHAM,2018,380,14456.0,6.0,71,0.2,0.4,0.2,0.1,21.1,45 Princes Highway, Werribee VIC 3030,-37.9015,144.6606,27.35,30.7
WYNDHAM,2019,380,16770.0,6.0,71,0.2,0.4,0.2,0.1,21.1,45 Princes Highway, Werribee VIC 3030,-37.9015,144.6606,27.35,30.7
WYNDHAM,2019,380,16770.0,6.0,71,0.2,0.4,0.2,0.1,21.1,45 Princes Highway, Werribee VIC 3030,-37.9015,144.6606,27.35,30.7
WYNDHAM,2019,380,16770.0,6.0,71,0.2,0.4,0.2,0.1,21.1,45 Princes Highway, Werribee VIC 3030,-37.9015,144.6606,27.35,30.7
WYNDHAM,2019,380,16770.0,6.0,71,0.2,0.4,0.2,0.1,21.1,45 Princes Highway, Werribee VIC 3030,-37.9015,144.6606,27.35,30.7
WYNDHAM,2020,380,18258.0,6.0,71,0.2,0.4,0.2,0.1,21.1,45 Princes Highway, Werribee VIC 3030,-37.9015,144.6606,27.35,30.7
WYNDHAM,2020,370,18258.0,6.0,71,0.2,0.4,0.2,0.1,21.1,45 Princes Highway, Werribee VIC 3030,-37.9015,144.6606,27.35,30.7
WYNDHAM,2020,370,18258.0,6.0,71,0.2,0.4,0.2,0.1,21.1,45 Princes Highway, Werribee VIC 3030,-37.9015,144.6606,27.35,30.7
WYNDHAM,2020,370,18258.0,6.0,71,0.2,0.4,0.2,0.1,21.1,45 Princes Highway, Werribee VIC 3030,-37.9015,144.6606,27.35,30.7
WYNDHAM,2021,370,15962.0,6.0,71,0.2,0.4,0.2,0.1,21.1,45 Princes Highway, Werribee VIC 3030,-37.9015,144.6606,27.35,30.7
WYNDHAM,2021,370,15962.0,6.0,71,0.2,0.4,0.2,0.1,21.1,45 Princes Highway, Werribee VIC 3030,-37.9015,144.6606,27.35,30.7
WYNDHAM,2021,370,15962.0,6.0,71,0.2,0.4,0.2,0.1,21.1,45 Princes Highway, Werribee VIC 3030,-37.9015,144.6606,27.35,30.7
WYNDHAM,2021,370,15962.0,6.0,71,0.2,0.4,0.2,0.1,21.1,45 Princes Highway, Werribee VIC 3030,-37.9015,144.6606,27.35,30.7
WYNDHAM,2022,380,17708.0,6.0,71,0.2,0.4,0.2,0.1,21.1,45 Princes Highway, Werribee VIC 3030,-37.9015,144.6606,27.35,30.7
WYNDHAM,2022,385,17708.0,6.0,71,0.2,0.4,0.2,0.1,21.1,45 Princes Highway, Werribee VIC 3030,-37.9015,144.6606,27.35,30.7
WYNDHAM,2022,400,17708.0,6.0,71,0.2,0.4,0.2,0.1,21.1,45 Princes Highway, Werribee VIC 3030,-37.9015,144.6606,27.35,30.7
WYNDHAM,2022,410,17708.0,6.0,71,0.2,0.4,0.2,0.1,21.1,45 Princes Highway, Werribee VIC 3030,-37.9015,144.6606,27.35,30.7
WYNDHAM,2023,420,18627.0,6.0,71,0.2,0.4,0.2,0.1,21.1,45 Princes Highway, Werribee VIC 3030,-37.9015,144.6606,27.35,30.7
WYNDHAM,2023,450,18627.0,6.0,71,0.2,0.4,0.2,0.1,21.1,45 Princes Highway, Werribee VIC 3030,-37.9015,144.6606,27.35,30.7
WYNDHAM,2023,460,18627.0,6.0,71,0.2,0.4,0.2,0.1,21.1,45 Princes Highway, Werribee VIC 3030,-37.9015,144.6606,27.35,30.7
WYNDHAM,2023,480,18627.0,6.0,71,0.2,0.4,0.2,0.1,21.1,45 Princes Highway, Werribee VIC 3030,-37.9015,144.6606,27.35,30.7
WYNDHAM,2024,500,23051.0,6.0,71,0.2,0.4,0.2,0.1,21.1,45 Princes Highway, Werribee VIC 3030,-37.9015,144.6606,27.35,30.7
WYNDHAM,2024,500,23051.0,6.0,71,0.2,0.4,0.2,0.1,21.1,45 Princes Highway, Werribee VIC 3030,-37.9015,144.6606,27.35,30.7
WYNDHAM,2024,500,23051.0,6.0,71,0.2,0.4,0.2,0.1,21.1,45 Princes Highway, Werribee VIC 3030,-37.9015,144.6606,27.35,30.7
WYNDHAM,2024,500,23051.0,6.0,71,0.2,0.4,0.2,0.1,21.1,45 Princes Highway, Werribee VIC 3030,-37.9015,144.6606,27.35,30.7
WYNDHAM,2025,500,24450.0,6.0,71,0.2,0.4,0.2,0.1,21.1,45 Princes Highway, Werribee VIC 3030,-37.9015,144.6606,27.35,30.7
WYNDHAM,2025,500,24450.0,6.0,71,0.2,0.4,0.2,0.1,21.1,45 Princes Highway, Werribee VIC 3030,-37.9015,144.6606,27.35,30.7
WYNDHAM,2025,500,24450.0,6.0,71,0.2,0.4,0.2,0.1,21.1,45 Princes Highway, Werribee VIC 3030,-37.9015,144.6606,27.35,30.7
YARRA,1999,225,,4.0,28,0.5,1.0,0.4,0.2,18.8,333 Bridge Road, Richmond VIC 3121,-37.8187,144.9982,3.25,4.7
YARRA,1999,235,,4.0,28,0.5,1.0,0.4,0.2,18.8,333 Bridge Road, Richmond VIC 3121,-37.8187,144.9982,3.25,4.7
YARRA,1999,232,,4.0,28,0.5,1.0,0.4,0.2,18.8,333 Bridge Road, Richmond VIC 3121,-37.8187,144.9982,3.25,4.7
YARRA,2000,250,,4.0,28,0.5,1.0,0.4,0.2,18.8,333 Bridge Road, Richmond VIC 3121,-37.8187,144.9982,3.25,4.7
YARRA,2000,260,,4.0,28,0.5,1.0,0.4,0.2,18.8,333 Bridge Road, Richmond VIC 3121,-37.8187,144.9982,3.25,4.7
YARRA,2000,250,,4.0,28,0.5,1.0,0.4,0.2,18.8,333 Bridge Road, Richmond VIC 3121,-37.8187,144.9982,3.25,4.7
YARRA,2000,260,,4.0,28,0.5,1.0,0.4,0.2,18.8,333 Bridge Road, Richmond VIC 3121,-37.8187,144.9982,3.25,4.7
YARRA,2001,260,,4.0,28,0.5,1.0,0.4,0.2,18.8,333 Bridge Road, Richmond VIC 3121,-37.8187,144.9982,3.25,4.7
YARRA,2001,260,,4.0,28,0.5,1.0,0.4,0.2,18.8,333 Bridge Road, Richmond VIC 3121,-37.8187,144.9982,3.25,4.7
YARRA,2001,260,,4.0,28,0.5,1.0,0.4,0.2,18.8,333 Bridge Road, Richmond VIC 3121,-37.8187,144.9982,3.25,4.7
YARRA,2001,270,,4.0,28,0.5,1.0,0.4,0.2,18.8,333 Bridge Road, Richmond VIC 3121,-37.8187,144.9982,3.25,4.7
YARRA,2002,270,,4.0,28,0.5,1.0,0.4,0.2,18.8,333 Bridge Road, Richmond VIC 3121,-37.8187,144.9982,3.25,4.7
YARRA,2002,260,,4.0,28,0.5,1.0,0.4,0.2,18.8,333 Bridge Road, Richmond VIC 3121,-37.8187,144.9982,3.25,4.7
YARRA,2002,260,,4.0,28,0.5,1.0,0.4,0.2,18.8,333 Bridge Road, Richmond VIC 3121,-37.8187,144.9982,3.25,4.7
YARRA,2002,270,,4.0,28,0.5,1.0,0.4,0.2,18.8,333 Bridge Road, Richmond VIC 3121,-37.8187,144.9982,3.25,4.7
YARRA,2003,275,,4.0,28,0.5,1.0,0.4,0.2,18.8,333 Bridge Road, Richmond VIC 3121,-37.8187,144.9982,3.25,4.7
YARRA,2003,270,,4.0,28,0.5,1.0,0.4,0.2,18.8,333 Bridge Road, Richmond VIC 3121,-37.8187,144.9982,3.25,4.7
YARRA,2003,270,,4.0,28,0.5,1.0,0.4,0.2,18.8,333 Bridge Road, Richmond VIC 3121,-37.8187,144.9982,3.25,4.7
YARRA,2003,270,,4.0,28,0.5,1.0,0.4,0.2,18.8,333 Bridge Road, Richmond VIC 3121,-37.8187,144.9982,3.25,4.7
YARRA,2004,280,,4.0,28,0.5,1.0,0.4,0.2,18.8,333 Bridge Road, Richmond VIC 3121,-37.8187,144.9982,3.25,4.7
YARRA,2004,275,,4.0,28,0.5,1.0,0.4,0.2,18.8,333 Bridge Road, Richmond VIC 3121,-37.8187,144.9982,3.25,4.7
YARRA,2004,275,,4.0,28,0.5,1.0,0.4,0.2,18.8,333 Bridge Road, Richmond VIC 3121,-37.8187,144.9982,3.25,4.7
YARRA,2004,270,,4.0,28,0.5,1.0,0.4,0.2,18.8,333 Bridge Road, Richmond VIC 3121,-37.8187,144.9982,3.25,4.7
YARRA,2005,280,,4.0,28,0.5,1.0,0.4,0.2,18.8,333 Bridge Road, Richmond VIC 3121,-37.8187,144.9982,3.25,4.7
YARRA,2005,290,,4.0,28,0.5,1.0,0.4,0.2,18.8,333 Bridge Road, Richmond VIC 3121,-37.8187,144.9982,3.25,4.7
YARRA,2005,285,,4.0,28,0.5,1.0,0.4,0.2,18.8,333 Bridge Road, Richmond VIC 3121,-37.8187,144.9982,3.25,4.7
YARRA,2005,295,,4.0,28,0.5,1.0,0.4,0.2,18.8,333 Bridge Road, Richmond VIC 3121,-37.8187,144.9982,3.25,4.7
YARRA,2006,300,,4.0,28,0.5,1.0,0.4,0.2,18.8,333 Bridge Road, Richmond VIC 3121,-37.8187,144.9982,3.25,4.7
YARRA,2006,300,,4.0,28,0.5,1.0,0.4,0.2,18.8,333 Bridge Road, Richmond VIC 3121,-37.8187,144.9982,3.25,4.7
YARRA,2006,310,,4.0,28,0.5,1.0,0.4,0.2,18.8,333 Bridge Road, Richmond VIC 3121,-37.8187,144.9982,3.25,4.7
YARRA,2006,320,,4.0,28,0.5,1.0,0.4,0.2,18.8,333 Bridge Road, Richmond VIC 3121,-37.8187,144.9982,3.25,4.7
YARRA,2007,350,,4.0,28,0.5,1.0,0.4,0.2,18.8,333 Bridge Road, Richmond VIC 3121,-37.8187,144.9982,3.25,4.7
YARRA,2007,340,,4.0,28,0.5,1.0,0.4,0.2,18.8,333 Bridge Road, Richmond VIC 3121,-37.8187,144.9982,3.25,4.7
YARRA,2007,350,,4.0,28,0.5,1.0,0.4,0.2,18.8,333 Bridge Road, Richmond VIC 3121,-37.8187,144.9982,3.25,4.7
YARRA,2007,350,,4.0,28,0.5,1.0,0.4,0.2,18.8,333 Bridge Road, Richmond VIC 3121,-37.8187,144.9982,3.25,4.7
YARRA,2008,375,,4.0,28,0.5,1.0,0.4,0.2,18.8,333 Bridge Road, Richmond VIC 3121,-37.8187,144.9982,3.25,4.7
YARRA,2008,380,,4.0,28,0.5,1.0,0.4,0.2,18.8,333 Bridge Road, Richmond VIC 3121,-37.8187,144.9982,3.25,4.7
YARRA,2008,395,,4.0,28,0.5,1.0,0.4,0.2,18.8,333 Bridge Road, Richmond VIC 3121,-37.8187,144.9982,3.25,4.7
YARRA,2008,400,,4.0,28,0.5,1.0,0.4,0.2,18.8,333 Bridge Road, Richmond VIC 3121,-37.8187,144.9982,3.25,4.7
YARRA,2009,380,,4.0,28,0.5,1.0,0.4,0.2,18.8,333 Bridge Road, Richmond VIC 3121,-37.8187,144.9982,3.25,4.7
YARRA,2009,380,,4.0,28,0.5,1.0,0.4,0.2,18.8,333 Bridge Road, Richmond VIC 3121,-37.8187,144.9982,3.25,4.7
YARRA,2009,400,,4.0,28,0.5,1.0,0.4,0.2,18.8,333 Bridge Road, Richmond VIC 3121,-37.8187,144.9982,3.25,4.7
YARRA,2009,400,,4.0,28,0.5,1.0,0.4,0.2,18.8,333 Bridge Road, Richmond VIC 3121,-37.8187,144.9982,3.25,4.7
YARRA,2010,420,,4.0,28,0.5,1.0,0.4,0.2,18.8,333 Bridge Road, Richmond VIC 3121,-37.8187,144.9982,3.25,4.7
YARRA,2010,420,,4.0,28,0.5,1.0,0.4,0.2,18.8,333 Bridge Road, Richmond VIC 3121,-37.8187,144.9982,3.25,4.7
YARRA,2010,420,,4.0,28,0.5,1.0,0.4,0.2,18.8,333 Bridge Road, Richmond VIC 3121,-37.8187,144.9982,3.25,4.7
YARRA,2010,415,,4.0,28,0.5,1.0,0.4,0.2,18.8,333 Bridge Road, Richmond VIC 3121,-37.8187,144.9982,3.25,4.7
YARRA,2011,430,,4.0,28,0.5,1.0,0.4,0.2,18.8,333 Bridge Road, Richmond VIC 3121,-37.8187,144.9982,3.25,4.7
YARRA,2011,440,,4.0,28,0.5,1.0,0.4,0.2,18.8,333 Bridge Road, Richmond VIC 3121,-37.8187,144.9982,3.25,4.7
YARRA,2011,460,,4.0,28,0.5,1.0,0.4,0.2,18.8,333 Bridge Road, Richmond VIC 3121,-37.8187,144.9982,3.25,4.7
YARRA,2011,440,,4.0,28,0.5,1.0,0.4,0.2,18.8,333 Bridge Road, Richmond VIC 3121,-37.8187,144.9982,3.25,4.7
YARRA,2012,440,,4.0,28,0.5,1.0,0.4,0.2,18.8,333 Bridge Road, Richmond VIC 3121,-37.8187,144.9982,3.25,4.7
YARRA,2012,435,,4.0,28,0.5,1.0,0.4,0.2,18.8,333 Bridge Road, Richmond VIC 3121,-37.8187,144.9982,3.25,4.7
YARRA,2012,450,,4.0,28,0.5,1.0,0.4,0.2,18.8,333 Bridge Road, Richmond VIC 3121,-37.8187,144.9982,3.25,4.7
YARRA,2012,450,,4.0,28,0.5,1.0,0.4,0.2,18.8,333 Bridge Road, Richmond VIC 3121,-37.8187,144.9982,3.25,4.7
YARRA,2013,460,,4.0,28,0.5,1.0,0.4,0.2,18.8,333 Bridge Road, Richmond VIC 3121,-37.8187,144.9982,3.25,4.7
YARRA,2013,460,,4.0,28,0.5,1.0,0.4,0.2,18.8,333 Bridge Road, Richmond VIC 3121,-37.8187,144.9982,3.25,4.7
YARRA,2013,460,,4.0,28,0.5,1.0,0.4,0.2,18.8,333 Bridge Road, Richmond VIC 3121,-37.8187,144.9982,3.25,4.7
YARRA,2013,450,,4.0,28,0.5,1.0,0.4,0.2,18.8,333 Bridge Road, Richmond VIC 3121,-37.8187,144.9982,3.25,4.7
YARRA,2014,440,,4.0,28,0.5,1.0,0.4,0.2,18.8,333 Bridge Road, Richmond VIC 3121,-37.8187,144.9982,3.25,4.7
YARRA,2014,450,,4.0,28,0.5,1.0,0.4,0.2,18.8,333 Bridge Road, Richmond VIC 3121,-37.8187,144.9982,3.25,4.7
YARRA,2014,440,,4.0,28,0.5,1.0,0.4,0.2,18.8,333 Bridge Road, Richmond VIC 3121,-37.8187,144.9982,3.25,4.7
YARRA,2014,450,,4.0,28,0.5,1.0,0.4,0.2,18.8,333 Bridge Road, Richmond VIC 3121,-37.8187,144.9982,3.25,4.7
YARRA,2015,450,,4.0,28,0.5,1.0,0.4,0.2,18.8,333 Bridge Road, Richmond VIC 3121,-37.8187,144.9982,3.25,4.7
YARRA,2015,443,,4.0,28,0.5,1.0,0.4,0.2,18.8,333 Bridge Road, Richmond VIC 3121,-37.8187,144.9982,3.25,4.7
YARRA,2015,450,,4.0,28,0.5,1.0,0.4,0.2,18.8,333 Bridge Road, Richmond VIC 3121,-37.8187,144.9982,3.25,4.7
YARRA,2015,450,,4.0,28,0.5,1.0,0.4,0.2,18.8,333 Bridge Road, Richmond VIC 3121,-37.8187,144.9982,3.25,4.7
YARRA,2016,470,14003.0,4.0,28,0.5,1.0,0.4,0.2,18.8,333 Bridge Road, Richmond VIC 3121,-37.8187,144.9982,3.25,4.7
YARRA,2016,460,14003.0,4.0,28,0.5,1.0,0.4,0.2,18.8,333 Bridge Road, Richmond VIC 3121,-37.8187,144.9982,3.25,4.7
YARRA,2016,480,14003.0,4.0,28,0.5,1.0,0.4,0.2,18.8,333 Bridge Road, Richmond VIC 3121,-37.8187,144.9982,3.25,4.7
YARRA,2016,460,14003.0,4.0,28,0.5,1.0,0.4,0.2,18.8,333 Bridge Road, Richmond VIC 3121,-37.8187,144.9982,3.25,4.7
YARRA,2017,490,13268.0,4.0,28,0.5,1.0,0.4,0.2,18.8,333 Bridge Road, Richmond VIC 3121,-37.8187,144.9982,3.25,4.7
YARRA,2017,490,13268.0,4.0,28,0.5,1.0,0.4,0.2,18.8,333 Bridge Road, Richmond VIC 3121,-37.8187,144.9982,3.25,4.7
YARRA,2017,500,13268.0,4.0,28,0.5,1.0,0.4,0.2,18.8,333 Bridge Road, Richmond VIC 3121,-37.8187,144.9982,3.25,4.7
YARRA,2017,485,13268.0,4.0,28,0.5,1.0,0.4,0.2,18.8,333 Bridge Road, Richmond VIC 3121,-37.8187,144.9982,3.25,4.7
YARRA,2018,500,13680.0,4.0,28,0.5,1.0,0.4,0.2,18.8,333 Bridge Road, Richmond VIC 3121,-37.8187,144.9982,3.25,4.7
YARRA,2018,490,13680.0,4.0,28,0.5,1.0,0.4,0.2,18.8,333 Bridge Road, Richmond VIC 3121,-37.8187,144.9982,3.25,4.7
YARRA,2018,500,13680.0,4.0,28,0.5,1.0,0.4,0.2,18.8,333 Bridge Road, Richmond VIC 3121,-37.8187,144.9982,3.25,4.7
YARRA,2018,515,13680.0,4.0,28,0.5,1.0,0.4,0.2,18.8,333 Bridge Road, Richmond VIC 3121,-37.8187,144.9982,3.25,4.7
YARRA,2019,520,13489.0,4.0,28,0.5,1.0,0.4,0.2,18.8,333 Bridge Road, Richmond VIC 3121,-37.8187,144.9982,3.25,4.7
YARRA,2019,520,13489.0,4.0,28,0.5,1.0,0.4,0.2,18.8,333 Bridge Road, Richmond VIC 3121,-37.8187,144.9982,3.25,4.7
YARRA,2019,495,13489.0,4.0,28,0.5,1.0,0.4,0.2,18.8,333 Bridge Road, Richmond VIC 3121,-37.8187,144.9982,3.25,4.7
YARRA,2019,518,13489.0,4.0,28,0.5,1.0,0.4,0.2,18.8,333 Bridge Road, Richmond VIC 3121,-37.8187,144.9982,3.25,4.7
YARRA,2020,520,14223.0,4.0,28,0.5,1.0,0.4,0.2,18.8,333 Bridge Road, Richmond VIC 3121,-37.8187,144.9982,3.25,4.7
YARRA,2020,490,14223.0,4.0,28,0.5,1.0,0.4,0.2,18.8,333 Bridge Road, Richmond VIC 3121,-37.8187,144.9982,3.25,4.7
YARRA,2020,470,14223.0,4.0,28,0.5,1.0,0.4,0.2,18.8,333 Bridge Road, Richmond VIC 3121,-37.8187,144.9982,3.25,4.7
YARRA,2020,460,14223.0,4.0,28,0.5,1.0,0.4,0.2,18.8,333 Bridge Road, Richmond VIC 3121,-37.8187,144.9982,3.25,4.7
YARRA,2021,450,12147.0,4.0,28,0.5,1.0,0.4,0.2,18.8,333 Bridge Road, Richmond VIC 3121,-37.8187,144.9982,3.25,4.7
YARRA,2021,425,12147.0,4.0,28,0.5,1.0,0.4,0.2,18.8,333 Bridge Road, Richmond VIC 3121,-37.8187,144.9982,3.25,4.7
YARRA,2021,450,12147.0,4.0,28,0.5,1.0,0.4,0.2,18.8,333 Bridge Road, Richmond VIC 3121,-37.8187,144.9982,3.25,4.7
YARRA,2021,450,12147.0,4.0,28,0.5,1.0,0.4,0.2,18.8,333 Bridge Road, Richmond VIC 3121,-37.8187,144.9982,3.25,4.7
YARRA,2022,475,12877.0,4.0,28,0.5,1.0,0.4,0.2,18.8,333 Bridge Road, Richmond VIC 3121,-37.8187,144.9982,3.25,4.7
YARRA,2022,485,12877.0,4.0,28,0.5,1.0,0.4,0.2,18.8,333 Bridge Road, Richmond VIC 3121,-37.8187,144.9982,3.25,4.7
YARRA,2022,525,12877.0,4.0,28,0.5,1.0,0.4,0.2,18.8,333 Bridge Road, Richmond VIC 3121,-37.8187,144.9982,3.25,4.7
YARRA,2022,550,12877.0,4.0,28,0.5,1.0,0.4,0.2,18.8,333 Bridge Road, Richmond VIC 3121,-37.8187,144.9982,3.25,4.7
YARRA,2023,600,12857.0,4.0,28,0.5,1.0,0.4,0.2,18.8,333 Bridge Road, Richmond VIC 3121,-37.8187,144.9982,3.25,4.7
YARRA,2023,575,12857.0,4.0,28,0.5,1.0,0.4,0.2,18.8,333 Bridge Road, Richmond VIC 3121,-37.8187,144.9982,3.25,4.7
YARRA,2023,600,12857.0,4.0,28,0.5,1.0,0.4,0.2,18.8,333 Bridge Road, Richmond VIC 3121,-37.8187,144.9982,3.25,4.7
YARRA,2023,620,12857.0,4.0,28,0.5,1.0,0.4,0.2,18.8,333 Bridge Road, Richmond VIC 3121,-37.8187,144.9982,3.25,4.7
YARRA,2024,648,15034.0,4.0,28,0.5,1.0,0.4,0.2,18.8,333 Bridge Road, Richmond VIC 3121,-37.8187,144.9982,3.25,4.7
YARRA,2024,640,15034.0,4.0,28,0.5,1.0,0.4,0.2,18.8,333 Bridge Road, Richmond VIC 3121,-37.8187,144.9982,3.25,4.7
YARRA,2024,625,15034.0,4.0,28,0.5,1.0,0.4,0.2,18.8,333 Bridge Road, Richmond VIC 3121,-37.8187,144.9982,3.25,4.7
YARRA,2024,650,15034.0,4.0,28,0.5,1.0,0.4,0.2,18.8,333 Bridge Road, Richmond VIC 3121,-37.8187,144.9982,3.25,4.7
YARRA,2025,675,15763.0,4.0,28,0.5,1.0,0.4,0.2,18.8,333 Bridge Road, Richmond VIC 3121,-37.8187,144.9982,3.25,4.7
YARRA,2025,650,15763.0,4.0,28,0.5,1.0,0.4,0.2,18.8,333 Bridge Road, Richmond VIC 3121,-37.8187,144.9982,3.25,4.7
YARRA,2025,650,15763.0,4.0,28,0.5,1.0,0.4,0.2,18.8,333 Bridge Road, Richmond VIC 3121,-37.8187,144.9982,3.25,4.7
YARRA RANGES,1999,155,,11.0,78,0.3,0.7,0.1,0.2,25.7,15 Anderson Street, Lilydale VIC 3140,-37.758,145.3505,34.81,41.1
YARRA RANGES,1999,155,,11.0,78,0.3,0.7,0.1,0.2,25.7,15 Anderson Street, Lilydale VIC 3140,-37.758,145.3505,34.81,41.1
YARRA RANGES,1999,160,,11.0,78,0.3,0.7,0.1,0.2,25.7,15 Anderson Street, Lilydale VIC 3140,-37.758,145.3505,34.81,41.1
YARRA RANGES,2000,160,,11.0,78,0.3,0.7,0.1,0.2,25.7,15 Anderson Street, Lilydale VIC 3140,-37.758,145.3505,34.81,41.1
YARRA RANGES,2000,165,,11.0,78,0.3,0.7,0.1,0.2,25.7,15 Anderson Street, Lilydale VIC 3140,-37.758,145.3505,34.81,41.1
YARRA RANGES,2000,165,,11.0,78,0.3,0.7,0.1,0.2,25.7,15 Anderson Street, Lilydale VIC 3140,-37.758,145.3505,34.81,41.1
YARRA RANGES,2000,165,,11.0,78,0.3,0.7,0.1,0.2,25.7,15 Anderson Street, Lilydale VIC 3140,-37.758,145.3505,34.81,41.1
YARRA RANGES,2001,170,,11.0,78,0.3,0.7,0.1,0.2,25.7,15 Anderson Street, Lilydale VIC 3140,-37.758,145.3505,34.81,41.1
YARRA RANGES,2001,170,,11.0,78,0.3,0.7,0.1,0.2,25.7,15 Anderson Street, Lilydale VIC 3140,-37.758,145.3505,34.81,41.1
YARRA RANGES,2001,170,,11.0,78,0.3,0.7,0.1,0.2,25.7,15 Anderson Street, Lilydale VIC 3140,-37.758,145.3505,34.81,41.1
YARRA RANGES,2001,175,,11.0,78,0.3,0.7,0.1,0.2,25.7,15 Anderson Street, Lilydale VIC 3140,-37.758,145.3505,34.81,41.1
YARRA RANGES,2002,175,,11.0,78,0.3,0.7,0.1,0.2,25.7,15 Anderson Street, Lilydale VIC 3140,-37.758,145.3505,34.81,41.1
YARRA RANGES,2002,180,,11.0,78,0.3,0.7,0.1,0.2,25.7,15 Anderson Street, Lilydale VIC 3140,-37.758,145.3505,34.81,41.1
YARRA RANGES,2002,180,,11.0,78,0.3,0.7,0.1,0.2,25.7,15 Anderson Street, Lilydale VIC 3140,-37.758,145.3505,34.81,41.1
YARRA RANGES,2002,185,,11.0,78,0.3,0.7,0.1,0.2,25.7,15 Anderson Street, Lilydale VIC 3140,-37.758,145.3505,34.81,41.1
YARRA RANGES,2003,185,,11.0,78,0.3,0.7,0.1,0.2,25.7,15 Anderson Street, Lilydale VIC 3140,-37.758,145.3505,34.81,41.1
YARRA RANGES,2003,190,,11.0,78,0.3,0.7,0.1,0.2,25.7,15 Anderson Street, Lilydale VIC 3140,-37.758,145.3505,34.81,41.1
YARRA RANGES,2003,190,,11.0,78,0.3,0.7,0.1,0.2,25.7,15 Anderson Street, Lilydale VIC 3140,-37.758,145.3505,34.81,41.1
YARRA RANGES,2003,195,,11.0,78,0.3,0.7,0.1,0.2,25.7,15 Anderson Street, Lilydale VIC 3140,-37.758,145.3505,34.81,41.1
YARRA RANGES,2004,198,,11.0,78,0.3,0.7,0.1,0.2,25.7,15 Anderson Street, Lilydale VIC 3140,-37.758,145.3505,34.81,41.1
YARRA RANGES,2004,195,,11.0,78,0.3,0.7,0.1,0.2,25.7,15 Anderson Street, Lilydale VIC 3140,-37.758,145.3505,34.81,41.1
YARRA RANGES,2004,195,,11.0,78,0.3,0.7,0.1,0.2,25.7,15 Anderson Street, Lilydale VIC 3140,-37.758,145.3505,34.81,41.1
YARRA RANGES,2004,200,,11.0,78,0.3,0.7,0.1,0.2,25.7,15 Anderson Street, Lilydale VIC 3140,-37.758,145.3505,34.81,41.1
YARRA RANGES,2005,200,,11.0,78,0.3,0.7,0.1,0.2,25.7,15 Anderson Street, Lilydale VIC 3140,-37.758,145.3505,34.81,41.1
YARRA RANGES,2005,210,,11.0,78,0.3,0.7,0.1,0.2,25.7,15 Anderson Street, Lilydale VIC 3140,-37.758,145.3505,34.81,41.1
YARRA RANGES,2005,200,,11.0,78,0.3,0.7,0.1,0.2,25.7,15 Anderson Street, Lilydale VIC 3140,-37.758,145.3505,34.81,41.1
YARRA RANGES,2005,210,,11.0,78,0.3,0.7,0.1,0.2,25.7,15 Anderson Street, Lilydale VIC 3140,-37.758,145.3505,34.81,41.1
YARRA RANGES,2006,220,,11.0,78,0.3,0.7,0.1,0.2,25.7,15 Anderson Street, Lilydale VIC 3140,-37.758,145.3505,34.81,41.1
YARRA RANGES,2006,220,,11.0,78,0.3,0.7,0.1,0.2,25.7,15 Anderson Street, Lilydale VIC 3140,-37.758,145.3505,34.81,41.1
YARRA RANGES,2006,215,,11.0,78,0.3,0.7,0.1,0.2,25.7,15 Anderson Street, Lilydale VIC 3140,-37.758,145.3505,34.81,41.1
YARRA RANGES,2006,220,,11.0,78,0.3,0.7,0.1,0.2,25.7,15 Anderson Street, Lilydale VIC 3140,-37.758,145.3505,34.81,41.1
YARRA RANGES,2007,230,,11.0,78,0.3,0.7,0.1,0.2,25.7,15 Anderson Street, Lilydale VIC 3140,-37.758,145.3505,34.81,41.1
YARRA RANGES,2007,240,,11.0,78,0.3,0.7,0.1,0.2,25.7,15 Anderson Street, Lilydale VIC 3140,-37.758,145.3505,34.81,41.1
YARRA RANGES,2007,240,,11.0,78,0.3,0.7,0.1,0.2,25.7,15 Anderson Street, Lilydale VIC 3140,-37.758,145.3505,34.81,41.1
YARRA RANGES,2007,250,,11.0,78,0.3,0.7,0.1,0.2,25.7,15 Anderson Street, Lilydale VIC 3140,-37.758,145.3505,34.81,41.1
YARRA RANGES,2008,250,,11.0,78,0.3,0.7,0.1,0.2,25.7,15 Anderson Street, Lilydale VIC 3140,-37.758,145.3505,34.81,41.1
YARRA RANGES,2008,268,,11.0,78,0.3,0.7,0.1,0.2,25.7,15 Anderson Street, Lilydale VIC 3140,-37.758,145.3505,34.81,41.1
YARRA RANGES,2008,270,,11.0,78,0.3,0.7,0.1,0.2,25.7,15 Anderson Street, Lilydale VIC 3140,-37.758,145.3505,34.81,41.1
YARRA RANGES,2008,285,,11.0,78,0.3,0.7,0.1,0.2,25.7,15 Anderson Street, Lilydale VIC 3140,-37.758,145.3505,34.81,41.1
YARRA RANGES,2009,290,,11.0,78,0.3,0.7,0.1,0.2,25.7,15 Anderson Street, Lilydale VIC 3140,-37.758,145.3505,34.81,41.1
YARRA RANGES,2009,290,,11.0,78,0.3,0.7,0.1,0.2,25.7,15 Anderson Street, Lilydale VIC 3140,-37.758,145.3505,34.81,41.1
YARRA RANGES,2009,290,,11.0,78,0.3,0.7,0.1,0.2,25.7,15 Anderson Street, Lilydale VIC 3140,-37.758,145.3505,34.81,41.1
YARRA RANGES,2009,300,,11.0,78,0.3,0.7,0.1,0.2,25.7,15 Anderson Street, Lilydale VIC 3140,-37.758,145.3505,34.81,41.1
YARRA RANGES,2010,300,,11.0,78,0.3,0.7,0.1,0.2,25.7,15 Anderson Street, Lilydale VIC 3140,-37.758,145.3505,34.81,41.1
YARRA RANGES,2010,320,,11.0,78,0.3,0.7,0.1,0.2,25.7,15 Anderson Street, Lilydale VIC 3140,-37.758,145.3505,34.81,41.1
YARRA RANGES,2010,306,,11.0,78,0.3,0.7,0.1,0.2,25.7,15 Anderson Street, Lilydale VIC 3140,-37.758,145.3505,34.81,41.1
YARRA RANGES,2010,330,,11.0,78,0.3,0.7,0.1,0.2,25.7,15 Anderson Street, Lilydale VIC 3140,-37.758,145.3505,34.81,41.1
YARRA RANGES,2011,330,,11.0,78,0.3,0.7,0.1,0.2,25.7,15 Anderson Street, Lilydale VIC 3140,-37.758,145.3505,34.81,41.1
YARRA RANGES,2011,330,,11.0,78,0.3,0.7,0.1,0.2,25.7,15 Anderson Street, Lilydale VIC 3140,-37.758,145.3505,34.81,41.1
YARRA RANGES,2011,330,,11.0,78,0.3,0.7,0.1,0.2,25.7,15 Anderson Street, Lilydale VIC 3140,-37.758,145.3505,34.81,41.1
YARRA RANGES,2011,330,,11.0,78,0.3,0.7,0.1,0.2,25.7,15 Anderson Street, Lilydale VIC 3140,-37.758,145.3505,34.81,41.1
YARRA RANGES,2012,330,,11.0,78,0.3,0.7,0.1,0.2,25.7,15 Anderson Street, Lilydale VIC 3140,-37.758,145.3505,34.81,41.1
YARRA RANGES,2012,330,,11.0,78,0.3,0.7,0.1,0.2,25.7,15 Anderson Street, Lilydale VIC 3140,-37.758,145.3505,34.81,41.1
YARRA RANGES,2012,335,,11.0,78,0.3,0.7,0.1,0.2,25.7,15 Anderson Street, Lilydale VIC 3140,-37.758,145.3505,34.81,41.1
YARRA RANGES,2012,330,,11.0,78,0.3,0.7,0.1,0.2,25.7,15 Anderson Street, Lilydale VIC 3140,-37.758,145.3505,34.81,41.1
YARRA RANGES,2013,330,,11.0,78,0.3,0.7,0.1,0.2,25.7,15 Anderson Street, Lilydale VIC 3140,-37.758,145.3505,34.81,41.1
YARRA RANGES,2013,333,,11.0,78,0.3,0.7,0.1,0.2,25.7,15 Anderson Street, Lilydale VIC 3140,-37.758,145.3505,34.81,41.1
YARRA RANGES,2013,340,,11.0,78,0.3,0.7,0.1,0.2,25.7,15 Anderson Street, Lilydale VIC 3140,-37.758,145.3505,34.81,41.1
YARRA RANGES,2013,350,,11.0,78,0.3,0.7,0.1,0.2,25.7,15 Anderson Street, Lilydale VIC 3140,-37.758,145.3505,34.81,41.1
YARRA RANGES,2014,340,,11.0,78,0.3,0.7,0.1,0.2,25.7,15 Anderson Street, Lilydale VIC 3140,-37.758,145.3505,34.81,41.1
YARRA RANGES,2014,340,,11.0,78,0.3,0.7,0.1,0.2,25.7,15 Anderson Street, Lilydale VIC 3140,-37.758,145.3505,34.81,41.1
YARRA RANGES,2014,350,,11.0,78,0.3,0.7,0.1,0.2,25.7,15 Anderson Street, Lilydale VIC 3140,-37.758,145.3505,34.81,41.1
YARRA RANGES,2014,350,,11.0,78,0.3,0.7,0.1,0.2,25.7,15 Anderson Street, Lilydale VIC 3140,-37.758,145.3505,34.81,41.1
YARRA RANGES,2015,350,,11.0,78,0.3,0.7,0.1,0.2,25.7,15 Anderson Street, Lilydale VIC 3140,-37.758,145.3505,34.81,41.1
YARRA RANGES,2015,360,,11.0,78,0.3,0.7,0.1,0.2,25.7,15 Anderson Street, Lilydale VIC 3140,-37.758,145.3505,34.81,41.1
YARRA RANGES,2015,360,,11.0,78,0.3,0.7,0.1,0.2,25.7,15 Anderson Street, Lilydale VIC 3140,-37.758,145.3505,34.81,41.1
YARRA RANGES,2015,360,,11.0,78,0.3,0.7,0.1,0.2,25.7,15 Anderson Street, Lilydale VIC 3140,-37.758,145.3505,34.81,41.1
YARRA RANGES,2016,360,8905.0,11.0,78,0.3,0.7,0.1,0.2,25.7,15 Anderson Street, Lilydale VIC 3140,-37.758,145.3505,34.81,41.1
YARRA RANGES,2016,370,8905.0,11.0,78,0.3,0.7,0.1,0.2,25.7,15 Anderson Street, Lilydale VIC 3140,-37.758,145.3505,34.81,41.1
YARRA RANGES,2016,375,8905.0,11.0,78,0.3,0.7,0.1,0.2,25.7,15 Anderson Street, Lilydale VIC 3140,-37.758,145.3505,34.81,41.1
YARRA RANGES,2016,370,8905.0,11.0,78,0.3,0.7,0.1,0.2,25.7,15 Anderson Street, Lilydale VIC 3140,-37.758,145.3505,34.81,41.1
YARRA RANGES,2017,370,8201.0,11.0,78,0.3,0.7,0.1,0.2,25.7,15 Anderson Street, Lilydale VIC 3140,-37.758,145.3505,34.81,41.1
YARRA RANGES,2017,380,8201.0,11.0,78,0.3,0.7,0.1,0.2,25.7,15 Anderson Street, Lilydale VIC 3140,-37.758,145.3505,34.81,41.1
YARRA RANGES,2017,380,8201.0,11.0,78,0.3,0.7,0.1,0.2,25.7,15 Anderson Street, Lilydale VIC 3140,-37.758,145.3505,34.81,41.1
YARRA RANGES,2017,390,8201.0,11.0,78,0.3,0.7,0.1,0.2,25.7,15 Anderson Street, Lilydale VIC 3140,-37.758,145.3505,34.81,41.1
YARRA RANGES,2018,390,7660.0,11.0,78,0.3,0.7,0.1,0.2,25.7,15 Anderson Street, Lilydale VIC 3140,-37.758,145.3505,34.81,41.1
YARRA RANGES,2018,390,7660.0,11.0,78,0.3,0.7,0.1,0.2,25.7,15 Anderson Street, Lilydale VIC 3140,-37.758,145.3505,34.81,41.1
YARRA RANGES,2018,390,7660.0,11.0,78,0.3,0.7,0.1,0.2,25.7,15 Anderson Street, Lilydale VIC 3140,-37.758,145.3505,34.81,41.1
YARRA RANGES,2018,400,7660.0,11.0,78,0.3,0.7,0.1,0.2,25.7,15 Anderson Street, Lilydale VIC 3140,-37.758,145.3505,34.81,41.1
YARRA RANGES,2019,400,9172.0,11.0,78,0.3,0.7,0.1,0.2,25.7,15 Anderson Street, Lilydale VIC 3140,-37.758,145.3505,34.81,41.1
YARRA RANGES,2019,410,9172.0,11.0,78,0.3,0.7,0.1,0.2,25.7,15 Anderson Street, Lilydale VIC 3140,-37.758,145.3505,34.81,41.1
YARRA RANGES,2019,400,9172.0,11.0,78,0.3,0.7,0.1,0.2,25.7,15 Anderson Street, Lilydale VIC 3140,-37.758,145.3505,34.81,41.1
YARRA RANGES,2019,400,9172.0,11.0,78,0.3,0.7,0.1,0.2,25.7,15 Anderson Street, Lilydale VIC 3140,-37.758,145.3505,34.81,41.1
YARRA RANGES,2020,410,8760.0,11.0,78,0.3,0.7,0.1,0.2,25.7,15 Anderson Street, Lilydale VIC 3140,-37.758,145.3505,34.81,41.1
YARRA RANGES,2020,400,8760.0,11.0,78,0.3,0.7,0.1,0.2,25.7,15 Anderson Street, Lilydale VIC 3140,-37.758,145.3505,34.81,41.1
YARRA RANGES,2020,400,8760.0,11.0,78,0.3,0.7,0.1,0.2,25.7,15 Anderson Street, Lilydale VIC 3140,-37.758,145.3505,34.81,41.1
YARRA RANGES,2020,415,8760.0,11.0,78,0.3,0.7,0.1,0.2,25.7,15 Anderson Street, Lilydale VIC 3140,-37.758,145.3505,34.81,41.1
YARRA RANGES,2021,420,7609.0,11.0,78,0.3,0.7,0.1,0.2,25.7,15 Anderson Street, Lilydale VIC 3140,-37.758,145.3505,34.81,41.1
YARRA RANGES,2021,430,7609.0,11.0,78,0.3,0.7,0.1,0.2,25.7,15 Anderson Street, Lilydale VIC 3140,-37.758,145.3505,34.81,41.1
YARRA RANGES,2021,425,7609.0,11.0,78,0.3,0.7,0.1,0.2,25.7,15 Anderson Street, Lilydale VIC 3140,-37.758,145.3505,34.81,41.1
YARRA RANGES,2021,450,7609.0,11.0,78,0.3,0.7,0.1,0.2,25.7,15 Anderson Street, Lilydale VIC 3140,-37.758,145.3505,34.81,41.1
YARRA RANGES,2022,440,6957.0,11.0,78,0.3,0.7,0.1,0.2,25.7,15 Anderson Street, Lilydale VIC 3140,-37.758,145.3505,34.81,41.1
YARRA RANGES,2022,450,6957.0,11.0,78,0.3,0.7,0.1,0.2,25.7,15 Anderson Street, Lilydale VIC 3140,-37.758,145.3505,34.81,41.1
YARRA RANGES,2022,470,6957.0,11.0,78,0.3,0.7,0.1,0.2,25.7,15 Anderson Street, Lilydale VIC 3140,-37.758,145.3505,34.81,41.1
YARRA RANGES,2022,480,6957.0,11.0,78,0.3,0.7,0.1,0.2,25.7,15 Anderson Street, Lilydale VIC 3140,-37.758,145.3505,34.81,41.1
YARRA RANGES,2023,500,7114.0,11.0,78,0.3,0.7,0.1,0.2,25.7,15 Anderson Street, Lilydale VIC 3140,-37.758,145.3505,34.81,41.1
YARRA RANGES,2023,495,7114.0,11.0,78,0.3,0.7,0.1,0.2,25.7,15 Anderson Street, Lilydale VIC 3140,-37.758,145.3505,34.81,41.1
YARRA RANGES,2023,510,7114.0,11.0,78,0.3,0.7,0.1,0.2,25.7,15 Anderson Street, Lilydale VIC 3140,-37.758,145.3505,34.81,41.1
YARRA RANGES,2023,525,7114.0,11.0,78,0.3,0.7,0.1,0.2,25.7,15 Anderson Street, Lilydale VIC 3140,-37.758,145.3505,34.81,41.1
YARRA RANGES,2024,550,7892.0,11.0,78,0.3,0.7,0.1,0.2,25.7,15 Anderson Street, Lilydale VIC 3140,-37.758,145.3505,34.81,41.1
YARRA RANGES,2024,550,7892.0,11.0,78,0.3,0.7,0.1,0.2,25.7,15 Anderson Street, Lilydale VIC 3140,-37.758,145.3505,34.81,41.1
YARRA RANGES,2024,580,7892.0,11.0,78,0.3,0.7,0.1,0.2,25.7,15 Anderson Street, Lilydale VIC 3140,-37.758,145.3505,34.81,41.1
YARRA RANGES,2024,580,7892.0,11.0,78,0.3,0.7,0.1,0.2,25.7,15 Anderson Street, Lilydale VIC 3140,-37.758,145.3505,34.81,41.1
YARRA RANGES,2025,575,8307.0,11.0,78,0.3,0.7,0.1,0.2,25.7,15 Anderson Street, Lilydale VIC 3140,-37.758,145.3505,34.81,41.1
YARRA RANGES,2025,600,8307.0,11.0,78,0.3,0.7,0.1,0.2,25.7,15 Anderson Street, Lilydale VIC 3140,-37.758,145.3505,34.81,41.1
YARRA RANGES,2025,600,8307.0,11.0,78,0.3,0.7,0.1,0.2,25.7,15 Anderson Street, Lilydale VIC 3140,-37.758,145.3505,34.81,41.1
YARRIAMBIACK,1999,80,,,12,1.6,1.5,0.1,0.7,37.1,,,,,,
YARRIAMBIACK,1999,80,,,12,1.6,1.5,0.1,0.7,37.1,,,,,,
YARRIAMBIACK,1999,73,,,12,1.6,1.5,0.1,0.7,37.1,,,,,,
YARRIAMBIACK,2000,80,,,12,1.6,1.5,0.1,0.7,37.1,,,,,,
YARRIAMBIACK,2000,80,,,12,1.6,1.5,0.1,0.7,37.1,,,,,,
YARRIAMBIACK,2000,75,,,12,1.6,1.5,0.1,0.7,37.1,,,,,,
YARRIAMBIACK,2000,80,,,12,1.6,1.5,0.1,0.7,37.1,,,,,,
YARRIAMBIACK,2001,83,,,12,1.6,1.5,0.1,0.7,37.1,,,,,,
YARRIAMBIACK,2001,73,,,12,1.6,1.5,0.1,0.7,37.1,,,,,,
YARRIAMBIACK,2001,90,,,12,1.6,1.5,0.1,0.7,37.1,,,,,,
YARRIAMBIACK,2001,78,,,12,1.6,1.5,0.1,0.7,37.1,,,,,,
YARRIAMBIACK,2002,98,,,12,1.6,1.5,0.1,0.7,37.1,,,,,,
YARRIAMBIACK,2002,88,,,12,1.6,1.5,0.1,0.7,37.1,,,,,,
YARRIAMBIACK,2002,100,,,12,1.6,1.5,0.1,0.7,37.1,,,,,,
YARRIAMBIACK,2002,100,,,12,1.6,1.5,0.1,0.7,37.1,,,,,,
YARRIAMBIACK,2003,90,,,12,1.6,1.5,0.1,0.7,37.1,,,,,,
YARRIAMBIACK,2003,100,,,12,1.6,1.5,0.1,0.7,37.1,,,,,,
YARRIAMBIACK,2003,98,,,12,1.6,1.5,0.1,0.7,37.1,,,,,,
YARRIAMBIACK,2003,98,,,12,1.6,1.5,0.1,0.7,37.1,,,,,,
YARRIAMBIACK,2004,100,,,12,1.6,1.5,0.1,0.7,37.1,,,,,,
YARRIAMBIACK,2004,110,,,12,1.6,1.5,0.1,0.7,37.1,,,,,,
YARRIAMBIACK,2004,110,,,12,1.6,1.5,0.1,0.7,37.1,,,,,,
YARRIAMBIACK,2004,110,,,12,1.6,1.5,0.1,0.7,37.1,,,,,,
YARRIAMBIACK,2005,100,,,12,1.6,1.5,0.1,0.7,37.1,,,,,,
YARRIAMBIACK,2005,110,,,12,1.6,1.5,0.1,0.7,37.1,,,,,,
YARRIAMBIACK,2005,110,,,12,1.6,1.5,0.1,0.7,37.1,,,,,,
YARRIAMBIACK,2005,110,,,12,1.6,1.5,0.1,0.7,37.1,,,,,,
YARRIAMBIACK,2006,120,,,12,1.6,1.5,0.1,0.7,37.1,,,,,,
YARRIAMBIACK,2006,110,,,12,1.6,1.5,0.1,0.7,37.1,,,,,,
YARRIAMBIACK,2006,135,,,12,1.6,1.5,0.1,0.7,37.1,,,,,,
YARRIAMBIACK,2006,130,,,12,1.6,1.5,0.1,0.7,37.1,,,,,,
YARRIAMBIACK,2007,130,,,12,1.6,1.5,0.1,0.7,37.1,,,,,,
YARRIAMBIACK,2007,120,,,12,1.6,1.5,0.1,0.7,37.1,,,,,,
YARRIAMBIACK,2007,123,,,12,1.6,1.5,0.1,0.7,37.1,,,,,,
YARRIAMBIACK,2007,150,,,12,1.6,1.5,0.1,0.7,37.1,,,,,,
YARRIAMBIACK,2008,135,,,12,1.6,1.5,0.1,0.7,37.1,,,,,,
YARRIAMBIACK,2008,130,,,12,1.6,1.5,0.1,0.7,37.1,,,,,,
YARRIAMBIACK,2008,140,,,12,1.6,1.5,0.1,0.7,37.1,,,,,,
YARRIAMBIACK,2008,140,,,12,1.6,1.5,0.1,0.7,37.1,,,,,,
YARRIAMBIACK,2009,145,,,12,1.6,1.5,0.1,0.7,37.1,,,,,,
YARRIAMBIACK,2009,140,,,12,1.6,1.5,0.1,0.7,37.1,,,,,,
YARRIAMBIACK,2009,130,,,12,1.6,1.5,0.1,0.7,37.1,,,,,,
YARRIAMBIACK,2009,140,,,12,1.6,1.5,0.1,0.7,37.1,,,,,,
YARRIAMBIACK,2010,140,,,12,1.6,1.5,0.1,0.7,37.1,,,,,,
YARRIAMBIACK,2010,130,,,12,1.6,1.5,0.1,0.7,37.1,,,,,,
YARRIAMBIACK,2010,150,,,12,1.6,1.5,0.1,0.7,37.1,,,,,,
YARRIAMBIACK,2010,140,,,12,1.6,1.5,0.1,0.7,37.1,,,,,,
YARRIAMBIACK,2011,145,,,12,1.6,1.5,0.1,0.7,37.1,,,,,,
YARRIAMBIACK,2011,145,,,12,1.6,1.5,0.1,0.7,37.1,,,,,,
YARRIAMBIACK,2011,140,,,12,1.6,1.5,0.1,0.7,37.1,,,,,,
YARRIAMBIACK,2011,150,,,12,1.6,1.5,0.1,0.7,37.1,,,,,,
YARRIAMBIACK,2012,140,,,12,1.6,1.5,0.1,0.7,37.1,,,,,,
YARRIAMBIACK,2012,145,,,12,1.6,1.5,0.1,0.7,37.1,,,,,,
YARRIAMBIACK,2012,150,,,12,1.6,1.5,0.1,0.7,37.1,,,,,,
YARRIAMBIACK,2012,168,,,12,1.6,1.5,0.1,0.7,37.1,,,,,,
YARRIAMBIACK,2013,150,,,12,1.6,1.5,0.1,0.7,37.1,,,,,,
YARRIAMBIACK,2013,150,,,12,1.6,1.5,0.1,0.7,37.1,,,,,,
YARRIAMBIACK,2013,156,,,12,1.6,1.5,0.1,0.7,37.1,,,,,,
YARRIAMBIACK,2013,145,,,12,1.6,1.5,0.1,0.7,37.1,,,,,,
YARRIAMBIACK,2014,160,,,12,1.6,1.5,0.1,0.7,37.1,,,,,,
YARRIAMBIACK,2014,153,,,12,1.6,1.5,0.1,0.7,37.1,,,,,,
YARRIAMBIACK,2014,165,,,12,1.6,1.5,0.1,0.7,37.1,,,,,,
YARRIAMBIACK,2014,160,,,12,1.6,1.5,0.1,0.7,37.1,,,,,,
YARRIAMBIACK,2015,163,,,12,1.6,1.5,0.1,0.7,37.1,,,,,,
YARRIAMBIACK,2015,160,,,12,1.6,1.5,0.1,0.7,37.1,,,,,,
YARRIAMBIACK,2015,160,,,12,1.6,1.5,0.1,0.7,37.1,,,,,,
YARRIAMBIACK,2015,175,,,12,1.6,1.5,0.1,0.7,37.1,,,,,,
YARRIAMBIACK,2016,168,440.0,,12,1.6,1.5,0.1,0.7,37.1,,,,,,
YARRIAMBIACK,2016,175,440.0,,12,1.6,1.5,0.1,0.7,37.1,,,,,,
YARRIAMBIACK,2016,170,440.0,,12,1.6,1.5,0.1,0.7,37.1,,,,,,
YARRIAMBIACK,2016,163,440.0,,12,1.6,1.5,0.1,0.7,37.1,,,,,,
YARRIAMBIACK,2017,180,478.0,,12,1.6,1.5,0.1,0.7,37.1,,,,,,
YARRIAMBIACK,2017,165,478.0,,12,1.6,1.5,0.1,0.7,37.1,,,,,,
YARRIAMBIACK,2017,175,478.0,,12,1.6,1.5,0.1,0.7,37.1,,,,,,
YARRIAMBIACK,2017,173,478.0,,12,1.6,1.5,0.1,0.7,37.1,,,,,,
YARRIAMBIACK,2018,180,503.0,,12,1.6,1.5,0.1,0.7,37.1,,,,,,
YARRIAMBIACK,2018,175,503.0,,12,1.6,1.5,0.1,0.7,37.1,,,,,,
YARRIAMBIACK,2018,180,503.0,,12,1.6,1.5,0.1,0.7,37.1,,,,,,
YARRIAMBIACK,2018,190,503.0,,12,1.6,1.5,0.1,0.7,37.1,,,,,,
YARRIAMBIACK,2019,188,475.0,,12,1.6,1.5,0.1,0.7,37.1,,,,,,
YARRIAMBIACK,2019,185,475.0,,12,1.6,1.5,0.1,0.7,37.1,,,,,,
YARRIAMBIACK,2019,190,475.0,,12,1.6,1.5,0.1,0.7,37.1,,,,,,
YARRIAMBIACK,2019,180,475.0,,12,1.6,1.5,0.1,0.7,37.1,,,,,,
YARRIAMBIACK,2020,200,505.0,,12,1.6,1.5,0.1,0.7,37.1,,,,,,
YARRIAMBIACK,2020,200,505.0,,12,1.6,1.5,0.1,0.7,37.1,,,,,,
YARRIAMBIACK,2020,200,505.0,,12,1.6,1.5,0.1,0.7,37.1,,,,,,
YARRIAMBIACK,2020,225,505.0,,12,1.6,1.5,0.1,0.7,37.1,,,,,,
YARRIAMBIACK,2021,200,375.0,,12,1.6,1.5,0.1,0.7,37.1,,,,,,
YARRIAMBIACK,2021,200,375.0,,12,1.6,1.5,0.1,0.7,37.1,,,,,,
YARRIAMBIACK,2021,210,375.0,,12,1.6,1.5,0.1,0.7,37.1,,,,,,
YARRIAMBIACK,2021,218,375.0,,12,1.6,1.5,0.1,0.7,37.1,,,,,,
YARRIAMBIACK,2022,240,452.0,,12,1.6,1.5,0.1,0.7,37.1,,,,,,
YARRIAMBIACK,2022,250,452.0,,12,1.6,1.5,0.1,0.7,37.1,,,,,,
YARRIAMBIACK,2022,300,452.0,,12,1.6,1.5,0.1,0.7,37.1,,,,,,
YARRIAMBIACK,2022,250,452.0,,12,1.6,1.5,0.1,0.7,37.1,,,,,,
YARRIAMBIACK,2023,250,414.0,,12,1.6,1.5,0.1,0.7,37.1,,,,,,
YARRIAMBIACK,2023,270,414.0,,12,1.6,1.5,0.1,0.7,37.1,,,,,,
YARRIAMBIACK,2023,260,414.0,,12,1.6,1.5,0.1,0.7,37.1,,,,,,
YARRIAMBIACK,2023,300,414.0,,12,1.6,1.5,0.1,0.7,37.1,,,,,,
YARRIAMBIACK,2024,300,661.0,,12,1.6,1.5,0.1,0.7,37.1,,,,,,
YARRIAMBIACK,2024,300,661.0,,12,1.6,1.5,0.1,0.7,37.1,,,,,,
YARRIAMBIACK,2024,300,661.0,,12,1.6,1.5,0.1,0.7,37.1,,,,,,
YARRIAMBIACK,2024,245,661.0,,12,1.6,1.5,0.1,0.7,37.1,,,,,,
YARRIAMBIACK,2025,350,507.0,,12,1.6,1.5,0.1,0.7,37.1,,,,,,
YARRIAMBIACK,2025,300,507.0,,12,1.6,1.5,0.1,0.7,37.1,,,,,,
YARRIAMBIACK,2025,310,507.0,,12,1.6,1.5,0.1,0.7,37.1,,,,,,
