lga_name,year,median_rent
COLAC-OTWAY,1999,115.0
CORANGAMITE,1999,93.0
GLENELG,1999,110.0
GREATER GEELONG,1999,135.0
MOYNE,1999,130.0
QUEENSCLIFFE,1999,135.0
SOUTHERN GRAMPIANS,1999,110.0
SURF COAST,1999,145.0
WARRNAMBOOL,1999,130.0
ARARAT,1999,110.0
BALLARAT,1999,130.0
GOLDEN PLAINS,1999,140.0
HEPBURN,1999,130.0
HINDMARSH,1999,93.0
HORSHAM,1999,115.0
MOORABOOL,1999,145.0
NORTHERN GRAMPIANS,1999,105.0
PYRENEES,1999,115.0
WEST WIMMERA,1999,77.0
YARRIAMBIACK,1999,80.0
BULOKE,1999,85.0
CAMPASPE,1999,135.0
CENTRAL GOLDFIELDS,1999,110.0
GANNAWARRA,1999,100.0
GREATER BENDIGO,1999,135.0
LODDON,1999,85.0
MACEDON RANGES,1999,140.0
MILDURA,1999,130.0
MOUNT ALEXANDER,1999,120.0
SWAN HILL,1999,130.0
ALPINE,1999,120.0
BENALLA,1999,120.0
GREATER SHEPPARTON,1999,135.0
INDIGO,1999,128.0
MANSFIELD,1999,130.0
MITCHELL,1999,128.0
MOIRA,1999,125.0
MURRINDINDI,1999,123.0
STRATHBOGIE,1999,110.0
TOWONG,1999,120.0
WANGARATTA,1999,125.0
WODONGA,1999,140.0
BASS COAST,1999,111.0
BAW BAW,1999,125.0
EAST GIPPSLAND,1999,120.0
LATROBE,1999,110.0
SOUTH GIPPSLAND,1999,110.0
WELLINGTON,1999,115.0
BANYULE,1999,180.0
BRIMBANK,1999,150.0
DAREBIN,1999,150.0
HOBSONS BAY,1999,165.0
HUME,1999,165.0
MARIBYRNONG,1999,140.0
MELBOURNE,1999,270.0
MELTON,1999,150.0
MERRI-BEK,1999,155.0
MOONEE VALLEY,1999,170.0
NILLUMBIK,1999,200.0
WHITTLESEA,1999,165.0
WYNDHAM,1999,160.0
YARRA,1999,225.0
BOROONDARA,1999,220.0
KNOX,1999,180.0
MANNINGHAM,1999,215.0
MAROONDAH,1999,160.0
MONASH,1999,190.0
WHITEHORSE,1999,185.0
YARRA RANGES,1999,155.0
BAYSIDE,1999,250.0
CARDINIA,1999,155.0
CASEY,1999,160.0
FRANKSTON,1999,150.0
GLEN EIRA,1999,180.0
GREATER DANDENONG,1999,140.0
KINGSTON,1999,165.0
MORNINGTON PENINSULA,1999,140.0
PORT PHILLIP,1999,205.0
STONNINGTON,1999,200.0
COLAC-OTWAY,1999,113.0
CORANGAMITE,1999,90.0
GLENELG,1999,100.0
GREATER GEELONG,1999,135.0
MOYNE,1999,120.0
QUEENSCLIFFE,1999,160.0
SOUTHERN GRAMPIANS,1999,105.0
SURF COAST,1999,150.0
WARRNAMBOOL,1999,130.0
ARARAT,1999,100.0
BALLARAT,1999,130.0
GOLDEN PLAINS,1999,135.0
HEPBURN,1999,130.0
HINDMARSH,1999,85.0
HORSHAM,1999,115.0
MOORABOOL,1999,148.0
NORTHERN GRAMPIANS,1999,110.0
PYRENEES,1999,120.0
WEST WIMMERA,1999,90.0
YARRIAMBIACK,1999,80.0
BULOKE,1999,90.0
CAMPASPE,1999,140.0
CENTRAL GOLDFIELDS,1999,110.0
GANNAWARRA,1999,100.0
GREATER BENDIGO,1999,135.0
LODDON,1999,85.0
MACEDON RANGES,1999,150.0
MILDURA,1999,140.0
MOUNT ALEXANDER,1999,130.0
SWAN HILL,1999,130.0
ALPINE,1999,125.0
BENALLA,1999,123.0
GREATER SHEPPARTON,1999,140.0
INDIGO,1999,130.0
MANSFIELD,1999,125.0
MITCHELL,1999,130.0
MOIRA,1999,125.0
MURRINDINDI,1999,115.0
STRATHBOGIE,1999,103.0
TOWONG,1999,100.0
WANGARATTA,1999,125.0
WODONGA,1999,140.0
BASS COAST,1999,110.0
BAW BAW,1999,130.0
EAST GIPPSLAND,1999,118.0
LATROBE,1999,110.0
SOUTH GIPPSLAND,1999,110.0
WELLINGTON,1999,110.0
BANYULE,1999,180.0
BRIMBANK,1999,155.0
DAREBIN,1999,155.0
HOBSONS BAY,1999,170.0
HUME,1999,170.0
MARIBYRNONG,1999,145.0
MELBOURNE,1999,270.0
MELTON,1999,150.0
MERRI-BEK,1999,160.0
MOONEE VALLEY,1999,175.0
NILLUMBIK,1999,200.0
WHITTLESEA,1999,165.0
WYNDHAM,1999,160.0
YARRA,1999,235.0
BOROONDARA,1999,210.0
KNOX,1999,180.0
MANNINGHAM,1999,210.0
MAROONDAH,1999,165.0
MONASH,1999,190.0
WHITEHORSE,1999,185.0
YARRA RANGES,1999,155.0
BAYSIDE,1999,265.0
CARDINIA,1999,155.0
CASEY,1999,165.0
FRANKSTON,1999,150.0
GLEN EIRA,1999,179.0
GREATER DANDENONG,1999,135.0
KINGSTON,1999,165.0
MORNINGTON PENINSULA,1999,145.0
PORT PHILLIP,1999,211.0
STONNINGTON,1999,210.0
COLAC-OTWAY,1999,115.0
CORANGAMITE,1999,100.0
GLENELG,1999,100.0
GREATER GEELONG,1999,140.0
MOYNE,1999,120.0
QUEENSCLIFFE,1999,158.0
SOUTHERN GRAMPIANS,1999,110.0
SURF COAST,1999,150.0
WARRNAMBOOL,1999,130.0
ARARAT,1999,105.0
BALLARAT,1999,135.0
GOLDEN PLAINS,1999,128.0
HEPBURN,1999,130.0
HINDMARSH,1999,100.0
HORSHAM,1999,120.0
MOORABOOL,1999,145.0
NORTHERN GRAMPIANS,1999,110.0
PYRENEES,1999,113.0
WEST WIMMERA,1999,90.0
YARRIAMBIACK,1999,73.0
BULOKE,1999,80.0
CAMPASPE,1999,130.0
CENTRAL GOLDFIELDS,1999,110.0
GANNAWARRA,1999,110.0
GREATER BENDIGO,1999,140.0
LODDON,1999,100.0
MACEDON RANGES,1999,150.0
MILDURA,1999,135.0
MOUNT ALEXANDER,1999,125.0
SWAN HILL,1999,125.0
ALPINE,1999,120.0
BENALLA,1999,123.0
GREATER SHEPPARTON,1999,140.0
INDIGO,1999,130.0
MANSFIELD,1999,130.0
MITCHELL,1999,130.0
MOIRA,1999,130.0
MURRINDINDI,1999,120.0
STRATHBOGIE,1999,103.0
TOWONG,1999,125.0
WANGARATTA,1999,125.0
WODONGA,1999,150.0
BASS COAST,1999,110.0
BAW BAW,1999,130.0
EAST GIPPSLAND,1999,120.0
LATROBE,1999,110.0
SOUTH GIPPSLAND,1999,110.0
WELLINGTON,1999,110.0
BANYULE,1999,180.0
BRIMBANK,1999,155.0
DAREBIN,1999,160.0
HOBSONS BAY,1999,170.0
HUME,1999,170.0
MARIBYRNONG,1999,150.0
MELBOURNE,1999,270.0
MELTON,1999,155.0
MERRI-BEK,1999,165.0
MOONEE VALLEY,1999,180.0
NILLUMBIK,1999,200.0
WHITTLESEA,1999,170.0
WYNDHAM,1999,165.0
YARRA,1999,232.0
BOROONDARA,1999,220.0
KNOX,1999,180.0
MANNINGHAM,1999,220.0
MAROONDAH,1999,165.0
MONASH,1999,200.0
WHITEHORSE,1999,190.0
YARRA RANGES,1999,160.0
BAYSIDE,1999,255.0
CARDINIA,1999,155.0
CASEY,1999,165.0
FRANKSTON,1999,150.0
GLEN EIRA,1999,180.0
GREATER DANDENONG,1999,140.0
KINGSTON,1999,175.0
MORNINGTON PENINSULA,1999,150.0
PORT PHILLIP,1999,220.0
STONNINGTON,1999,210.0
COLAC-OTWAY,2000,115.0
CORANGAMITE,2000,100.0
GLENELG,2000,100.0
GREATER GEELONG,2000,140.0
MOYNE,2000,120.0
QUEENSCLIFFE,2000,180.0
SOUTHERN GRAMPIANS,2000,115.0
SURF COAST,2000,158.0
WARRNAMBOOL,2000,130.0
ARARAT,2000,100.0
BALLARAT,2000,135.0
GOLDEN PLAINS,2000,143.0
HEPBURN,2000,135.0
HINDMARSH,2000,110.0
HORSHAM,2000,115.0
MOORABOOL,2000,145.0
NORTHERN GRAMPIANS,2000,110.0
PYRENEES,2000,110.0
WEST WIMMERA,2000,90.0
YARRIAMBIACK,2000,80.0
BULOKE,2000,85.0
CAMPASPE,2000,140.0
CENTRAL GOLDFIELDS,2000,115.0
GANNAWARRA,2000,110.0
GREATER BENDIGO,2000,135.0
LODDON,2000,100.0
MACEDON RANGES,2000,145.0
MILDURA,2000,140.0
MOUNT ALEXANDER,2000,130.0
SWAN HILL,2000,130.0
ALPINE,2000,128.0
BENALLA,2000,115.0
GREATER SHEPPARTON,2000,140.0
INDIGO,2000,130.0
MANSFIELD,2000,135.0
MITCHELL,2000,135.0
MOIRA,2000,120.0
MURRINDINDI,2000,120.0
STRATHBOGIE,2000,110.0
TOWONG,2000,115.0
WANGARATTA,2000,130.0
WODONGA,2000,145.0
BASS COAST,2000,120.0
BAW BAW,2000,125.0
EAST GIPPSLAND,2000,120.0
LATROBE,2000,110.0
SOUTH GIPPSLAND,2000,115.0
WELLINGTON,2000,120.0
BANYULE,2000,185.0
BRIMBANK,2000,155.0
DAREBIN,2000,165.0
HOBSONS BAY,2000,175.0
HUME,2000,170.0
MARIBYRNONG,2000,155.0
MELBOURNE,2000,280.0
MELTON,2000,150.0
MERRI-BEK,2000,170.0
MOONEE VALLEY,2000,180.0
NILLUMBIK,2000,210.0
WHITTLESEA,2000,175.0
WYNDHAM,2000,160.0
YARRA,2000,250.0
BOROONDARA,2000,225.0
KNOX,2000,180.0
MANNINGHAM,2000,225.0
MAROONDAH,2000,165.0
MONASH,2000,200.0
WHITEHORSE,2000,195.0
YARRA RANGES,2000,160.0
BAYSIDE,2000,268.0
CARDINIA,2000,160.0
CASEY,2000,170.0
FRANKSTON,2000,150.0
GLEN EIRA,2000,185.0
GREATER DANDENONG,2000,140.0
KINGSTON,2000,170.0
MORNINGTON PENINSULA,2000,150.0
PORT PHILLIP,2000,220.0
STONNINGTON,2000,220.0
COLAC-OTWAY,2000,120.0
CORANGAMITE,2000,100.0
GLENELG,2000,110.0
GREATER GEELONG,2000,140.0
MOYNE,2000,120.0
QUEENSCLIFFE,2000,155.0
SOUTHERN GRAMPIANS,2000,105.0
SURF COAST,2000,159.0
WARRNAMBOOL,2000,143.0
ARARAT,2000,100.0
BALLARAT,2000,135.0
GOLDEN PLAINS,2000,130.0
HEPBURN,2000,135.0
HINDMARSH,2000,95.0
HORSHAM,2000,125.0
MOORABOOL,2000,140.0
NORTHERN GRAMPIANS,2000,110.0
PYRENEES,2000,113.0
WEST WIMMERA,2000,90.0
YARRIAMBIACK,2000,80.0
BULOKE,2000,73.0
CAMPASPE,2000,140.0
CENTRAL GOLDFIELDS,2000,110.0
GANNAWARRA,2000,100.0
GREATER BENDIGO,2000,140.0
LODDON,2000,88.0
MACEDON RANGES,2000,155.0
MILDURA,2000,140.0
MOUNT ALEXANDER,2000,130.0
SWAN HILL,2000,140.0
ALPINE,2000,135.0
BENALLA,2000,130.0
GREATER SHEPPARTON,2000,145.0
INDIGO,2000,130.0
MANSFIELD,2000,130.0
MITCHELL,2000,135.0
MOIRA,2000,125.0
MURRINDINDI,2000,120.0
STRATHBOGIE,2000,120.0
TOWONG,2000,96.0
WANGARATTA,2000,130.0
WODONGA,2000,150.0
BASS COAST,2000,120.0
BAW BAW,2000,130.0
EAST GIPPSLAND,2000,120.0
LATROBE,2000,110.0
SOUTH GIPPSLAND,2000,115.0
WELLINGTON,2000,115.0
BANYULE,2000,190.0
BRIMBANK,2000,160.0
DAREBIN,2000,165.0
HOBSONS BAY,2000,175.0
HUME,2000,170.0
MARIBYRNONG,2000,155.0
MELBOURNE,2000,280.0
MELTON,2000,155.0
MERRI-BEK,2000,165.0
MOONEE VALLEY,2000,180.0
NILLUMBIK,2000,215.0
WHITTLESEA,2000,170.0
WYNDHAM,2000,165.0
YARRA,2000,260.0
BOROONDARA,2000,220.0
KNOX,2000,185.0
MANNINGHAM,2000,225.0
MAROONDAH,2000,170.0
MONASH,2000,200.0
WHITEHORSE,2000,195.0
YARRA RANGES,2000,165.0
BAYSIDE,2000,270.0
CARDINIA,2000,160.0
CASEY,2000,170.0
FRANKSTON,2000,155.0
GLEN EIRA,2000,188.0
GREATER DANDENONG,2000,140.0
KINGSTON,2000,170.0
MORNINGTON PENINSULA,2000,150.0
PORT PHILLIP,2000,220.0
STONNINGTON,2000,230.0
COLAC-OTWAY,2000,120.0
CORANGAMITE,2000,100.0
GLENELG,2000,108.0
GREATER GEELONG,2000,145.0
MOYNE,2000,140.0
QUEENSCLIFFE,2000,170.0
SOUTHERN GRAMPIANS,2000,100.0
SURF COAST,2000,168.0
WARRNAMBOOL,2000,135.0
ARARAT,2000,98.0
BALLARAT,2000,140.0
GOLDEN PLAINS,2000,135.0
HEPBURN,2000,140.0
HINDMARSH,2000,100.0
HORSHAM,2000,125.0
MOORABOOL,2000,145.0
NORTHERN GRAMPIANS,2000,100.0
PYRENEES,2000,115.0
WEST WIMMERA,2000,95.0
YARRIAMBIACK,2000,75.0
BULOKE,2000,100.0
CAMPASPE,2000,135.0
CENTRAL GOLDFIELDS,2000,110.0
GANNAWARRA,2000,110.0
GREATER BENDIGO,2000,140.0
LODDON,2000,98.0
MACEDON RANGES,2000,158.0
MILDURA,2000,145.0
MOUNT ALEXANDER,2000,130.0
SWAN HILL,2000,135.0
ALPINE,2000,128.0
BENALLA,2000,130.0
GREATER SHEPPARTON,2000,145.0
INDIGO,2000,130.0
MANSFIELD,2000,143.0
MITCHELL,2000,135.0
MOIRA,2000,125.0
MURRINDINDI,2000,120.0
STRATHBOGIE,2000,105.0
TOWONG,2000,125.0
WANGARATTA,2000,125.0
WODONGA,2000,150.0
BASS COAST,2000,120.0
BAW BAW,2000,130.0
EAST GIPPSLAND,2000,125.0
LATROBE,2000,110.0
SOUTH GIPPSLAND,2000,113.0
WELLINGTON,2000,115.0
BANYULE,2000,190.0
BRIMBANK,2000,165.0
DAREBIN,2000,170.0
HOBSONS BAY,2000,180.0
HUME,2000,175.0
MARIBYRNONG,2000,160.0
MELBOURNE,2000,280.0
MELTON,2000,160.0
MERRI-BEK,2000,170.0
MOONEE VALLEY,2000,180.0
NILLUMBIK,2000,220.0
WHITTLESEA,2000,175.0
WYNDHAM,2000,165.0
YARRA,2000,250.0
BOROONDARA,2000,225.0
KNOX,2000,185.0
MANNINGHAM,2000,225.0
MAROONDAH,2000,175.0
MONASH,2000,200.0
WHITEHORSE,2000,200.0
YARRA RANGES,2000,165.0
BAYSIDE,2000,275.0
CARDINIA,2000,160.0
CASEY,2000,170.0
FRANKSTON,2000,155.0
GLEN EIRA,2000,190.0
GREATER DANDENONG,2000,140.0
KINGSTON,2000,180.0
MORNINGTON PENINSULA,2000,150.0
PORT PHILLIP,2000,220.0
STONNINGTON,2000,230.0
COLAC-OTWAY,2000,120.0
CORANGAMITE,2000,100.0
GLENELG,2000,105.0
GREATER GEELONG,2000,145.0
MOYNE,2000,125.0
QUEENSCLIFFE,2000,155.0
SOUTHERN GRAMPIANS,2000,100.0
SURF COAST,2000,165.0
WARRNAMBOOL,2000,140.0
ARARAT,2000,100.0
BALLARAT,2000,140.0
GOLDEN PLAINS,2000,138.0
HEPBURN,2000,135.0
HINDMARSH,2000,100.0
HORSHAM,2000,125.0
MOORABOOL,2000,145.0
NORTHERN GRAMPIANS,2000,115.0
PYRENEES,2000,130.0
WEST WIMMERA,2000,90.0
YARRIAMBIACK,2000,80.0
BULOKE,2000,100.0
CAMPASPE,2000,135.0
CENTRAL GOLDFIELDS,2000,115.0
GANNAWARRA,2000,110.0
GREATER BENDIGO,2000,140.0
LODDON,2000,95.0
MACEDON RANGES,2000,160.0
MILDURA,2000,145.0
MOUNT ALEXANDER,2000,130.0
SWAN HILL,2000,140.0
ALPINE,2000,130.0
BENALLA,2000,130.0
GREATER SHEPPARTON,2000,140.0
INDIGO,2000,130.0
MANSFIELD,2000,140.0
MITCHELL,2000,135.0
MOIRA,2000,130.0
MURRINDINDI,2000,125.0
STRATHBOGIE,2000,105.0
TOWONG,2000,91.0
WANGARATTA,2000,130.0
WODONGA,2000,150.0
BASS COAST,2000,120.0
BAW BAW,2000,130.0
EAST GIPPSLAND,2000,125.0
LATROBE,2000,110.0
SOUTH GIPPSLAND,2000,110.0
WELLINGTON,2000,120.0
BANYULE,2000,190.0
BRIMBANK,2000,165.0
DAREBIN,2000,170.0
HOBSONS BAY,2000,180.0
HUME,2000,175.0
MARIBYRNONG,2000,160.0
MELBOURNE,2000,280.0
MELTON,2000,160.0
MERRI-BEK,2000,170.0
MOONEE VALLEY,2000,190.0
NILLUMBIK,2000,216.0
WHITTLESEA,2000,180.0
WYNDHAM,2000,170.0
YARRA,2000,260.0
BOROONDARA,2000,230.0
KNOX,2000,185.0
MANNINGHAM,2000,230.0
MAROONDAH,2000,175.0
MONASH,2000,200.0
WHITEHORSE,2000,195.0
YARRA RANGES,2000,165.0
BAYSIDE,2000,280.0
CARDINIA,2000,165.0
CASEY,2000,174.0
FRANKSTON,2000,160.0
GLEN EIRA,2000,190.0
GREATER DANDENONG,2000,145.0
KINGSTON,2000,180.0
MORNINGTON PENINSULA,2000,160.0
PORT PHILLIP,2000,235.0
STONNINGTON,2000,230.0
COLAC-OTWAY,2001,120.0
CORANGAMITE,2001,100.0
GLENELG,2001,105.0
GREATER GEELONG,2001,147.0
MOYNE,2001,130.0
QUEENSCLIFFE,2001,170.0
SOUTHERN GRAMPIANS,2001,105.0
SURF COAST,2001,170.0
WARRNAMBOOL,2001,140.0
ARARAT,2001,110.0
BALLARAT,2001,140.0
GOLDEN PLAINS,2001,135.0
HEPBURN,2001,140.0
HINDMARSH,2001,100.0
HORSHAM,2001,125.0
MOORABOOL,2001,145.0
NORTHERN GRAMPIANS,2001,117.0
PYRENEES,2001,125.0
WEST WIMMERA,2001,80.0
YARRIAMBIACK,2001,83.0
BULOKE,2001,90.0
CAMPASPE,2001,140.0
CENTRAL GOLDFIELDS,2001,115.0
GANNAWARRA,2001,100.0
GREATER BENDIGO,2001,140.0
LODDON,2001,92.0
MACEDON RANGES,2001,150.0
MILDURA,2001,150.0
MOUNT ALEXANDER,2001,140.0
SWAN HILL,2001,140.0
ALPINE,2001,125.0
BENALLA,2001,128.0
GREATER SHEPPARTON,2001,145.0
INDIGO,2001,130.0
MANSFIELD,2001,140.0
MITCHELL,2001,135.0
MOIRA,2001,125.0
MURRINDINDI,2001,120.0
STRATHBOGIE,2001,100.0
TOWONG,2001,110.0
WANGARATTA,2001,130.0
WODONGA,2001,145.0
BASS COAST,2001,130.0
BAW BAW,2001,130.0
EAST GIPPSLAND,2001,125.0
LATROBE,2001,110.0
SOUTH GIPPSLAND,2001,115.0
WELLINGTON,2001,120.0
BANYULE,2001,200.0
BRIMBANK,2001,160.0
DAREBIN,2001,170.0
HOBSONS BAY,2001,180.0
HUME,2001,175.0
MARIBYRNONG,2001,160.0
MELBOURNE,2001,290.0
MELTON,2001,160.0
MERRI-BEK,2001,180.0
MOONEE VALLEY,2001,190.0
NILLUMBIK,2001,220.0
WHITTLESEA,2001,180.0
WYNDHAM,2001,170.0
YARRA,2001,260.0
BOROONDARA,2001,240.0
KNOX,2001,190.0
MANNINGHAM,2001,235.0
MAROONDAH,2001,180.0
MONASH,2001,210.0
WHITEHORSE,2001,200.0
YARRA RANGES,2001,170.0
BAYSIDE,2001,290.0
CARDINIA,2001,165.0
CASEY,2001,175.0
FRANKSTON,2001,160.0
GLEN EIRA,2001,200.0
GREATER DANDENONG,2001,145.0
KINGSTON,2001,180.0
MORNINGTON PENINSULA,2001,160.0
PORT PHILLIP,2001,240.0
STONNINGTON,2001,230.0
COLAC-OTWAY,2001,130.0
CORANGAMITE,2001,110.0
GLENELG,2001,110.0
GREATER GEELONG,2001,150.0
MOYNE,2001,130.0
QUEENSCLIFFE,2001,180.0
SOUTHERN GRAMPIANS,2001,100.0
SURF COAST,2001,180.0
WARRNAMBOOL,2001,145.0
ARARAT,2001,108.0
BALLARAT,2001,140.0
GOLDEN PLAINS,2001,140.0
HEPBURN,2001,145.0
HINDMARSH,2001,98.0
HORSHAM,2001,130.0
MOORABOOL,2001,145.0
NORTHERN GRAMPIANS,2001,115.0
PYRENEES,2001,105.0
YARRIAMBIACK,2001,73.0
BULOKE,2001,95.0
CAMPASPE,2001,140.0
CENTRAL GOLDFIELDS,2001,110.0
GANNAWARRA,2001,110.0
GREATER BENDIGO,2001,149.0
LODDON,2001,90.0
MACEDON RANGES,2001,160.0
MILDURA,2001,145.0
MOUNT ALEXANDER,2001,135.0
SWAN HILL,2001,135.0
ALPINE,2001,130.0
BENALLA,2001,130.0
GREATER SHEPPARTON,2001,150.0
INDIGO,2001,139.0
MANSFIELD,2001,135.0
MITCHELL,2001,140.0
MOIRA,2001,130.0
MURRINDINDI,2001,130.0
STRATHBOGIE,2001,105.0
TOWONG,2001,110.0
WANGARATTA,2001,135.0
WODONGA,2001,150.0
BASS COAST,2001,125.0
BAW BAW,2001,130.0
EAST GIPPSLAND,2001,125.0
LATROBE,2001,110.0
SOUTH GIPPSLAND,2001,115.0
WELLINGTON,2001,110.0
BANYULE,2001,200.0
BRIMBANK,2001,165.0
DAREBIN,2001,170.0
HOBSONS BAY,2001,180.0
HUME,2001,180.0
MARIBYRNONG,2001,160.0
MELBOURNE,2001,300.0
MELTON,2001,165.0
MERRI-BEK,2001,180.0
MOONEE VALLEY,2001,195.0
NILLUMBIK,2001,220.0
WHITTLESEA,2001,180.0
WYNDHAM,2001,170.0
YARRA,2001,260.0
BOROONDARA,2001,240.0
KNOX,2001,190.0
MANNINGHAM,2001,230.0
MAROONDAH,2001,180.0
MONASH,2001,210.0
WHITEHORSE,2001,210.0
YARRA RANGES,2001,170.0
BAYSIDE,2001,275.0
CARDINIA,2001,165.0
CASEY,2001,175.0
FRANKSTON,2001,160.0
GLEN EIRA,2001,200.0
GREATER DANDENONG,2001,145.0
KINGSTON,2001,180.0
MORNINGTON PENINSULA,2001,160.0
PORT PHILLIP,2001,245.0
STONNINGTON,2001,240.0
COLAC-OTWAY,2001,130.0
CORANGAMITE,2001,110.0
GLENELG,2001,120.0
GREATER GEELONG,2001,150.0
MOYNE,2001,135.0
QUEENSCLIFFE,2001,170.0
SOUTHERN GRAMPIANS,2001,115.0
SURF COAST,2001,175.0
WARRNAMBOOL,2001,145.0
ARARAT,2001,110.0
BALLARAT,2001,150.0
GOLDEN PLAINS,2001,145.0
HEPBURN,2001,150.0
HINDMARSH,2001,95.0
HORSHAM,2001,125.0
MOORABOOL,2001,150.0
NORTHERN GRAMPIANS,2001,115.0
PYRENEES,2001,105.0
WEST WIMMERA,2001,88.0
YARRIAMBIACK,2001,90.0
BULOKE,2001,78.0
CAMPASPE,2001,140.0
CENTRAL GOLDFIELDS,2001,115.0
GANNAWARRA,2001,120.0
GREATER BENDIGO,2001,150.0
LODDON,2001,93.0
MACEDON RANGES,2001,165.0
MILDURA,2001,145.0
MOUNT ALEXANDER,2001,140.0
SWAN HILL,2001,130.0
ALPINE,2001,135.0
BENALLA,2001,130.0
GREATER SHEPPARTON,2001,150.0
INDIGO,2001,130.0
MANSFIELD,2001,135.0
MITCHELL,2001,140.0
MOIRA,2001,125.0
MURRINDINDI,2001,130.0
STRATHBOGIE,2001,110.0
TOWONG,2001,116.0
WANGARATTA,2001,130.0
WODONGA,2001,150.0
BASS COAST,2001,130.0
BAW BAW,2001,138.0
EAST GIPPSLAND,2001,130.0
LATROBE,2001,110.0
SOUTH GIPPSLAND,2001,115.0
WELLINGTON,2001,120.0
BANYULE,2001,200.0
BRIMBANK,2001,165.0
DAREBIN,2001,180.0
HOBSONS BAY,2001,180.0
HUME,2001,180.0
MARIBYRNONG,2001,170.0
MELBOURNE,2001,295.0
MELTON,2001,170.0
MERRI-BEK,2001,180.0
MOONEE VALLEY,2001,200.0
NILLUMBIK,2001,216.0
WHITTLESEA,2001,180.0
WYNDHAM,2001,170.0
YARRA,2001,260.0
BOROONDARA,2001,240.0
KNOX,2001,195.0
MANNINGHAM,2001,240.0
MAROONDAH,2001,180.0
MONASH,2001,210.0
WHITEHORSE,2001,205.0
YARRA RANGES,2001,170.0
BAYSIDE,2001,290.0
CARDINIA,2001,165.0
CASEY,2001,180.0
FRANKSTON,2001,165.0
GLEN EIRA,2001,200.0
GREATER DANDENONG,2001,145.0
KINGSTON,2001,185.0
MORNINGTON PENINSULA,2001,165.0
PORT PHILLIP,2001,240.0
STONNINGTON,2001,240.0
COLAC-OTWAY,2001,130.0
CORANGAMITE,2001,110.0
GLENELG,2001,120.0
GREATER GEELONG,2001,155.0
MOYNE,2001,140.0
QUEENSCLIFFE,2001,166.0
SOUTHERN GRAMPIANS,2001,110.0
SURF COAST,2001,170.0
WARRNAMBOOL,2001,145.0
ARARAT,2001,110.0
BALLARAT,2001,150.0
GOLDEN PLAINS,2001,140.0
HEPBURN,2001,145.0
HINDMARSH,2001,110.0
HORSHAM,2001,125.0
MOORABOOL,2001,165.0
NORTHERN GRAMPIANS,2001,115.0
PYRENEES,2001,105.0
WEST WIMMERA,2001,95.0
YARRIAMBIACK,2001,78.0
BULOKE,2001,85.0
CAMPASPE,2001,140.0
CENTRAL GOLDFIELDS,2001,120.0
GANNAWARRA,2001,110.0
GREATER BENDIGO,2001,150.0
LODDON,2001,100.0
MACEDON RANGES,2001,163.0
MILDURA,2001,150.0
MOUNT ALEXANDER,2001,140.0
SWAN HILL,2001,140.0
ALPINE,2001,130.0
BENALLA,2001,135.0
GREATER SHEPPARTON,2001,155.0
INDIGO,2001,138.0
MANSFIELD,2001,140.0
MITCHELL,2001,145.0
MOIRA,2001,130.0
MURRINDINDI,2001,130.0
STRATHBOGIE,2001,120.0
TOWONG,2001,100.0
WANGARATTA,2001,140.0
WODONGA,2001,155.0
BASS COAST,2001,130.0
BAW BAW,2001,145.0
EAST GIPPSLAND,2001,130.0
LATROBE,2001,110.0
SOUTH GIPPSLAND,2001,120.0
WELLINGTON,2001,120.0
BANYULE,2001,200.0
BRIMBANK,2001,170.0
DAREBIN,2001,180.0
HOBSONS BAY,2001,190.0
HUME,2001,185.0
MARIBYRNONG,2001,175.0
MELBOURNE,2001,290.0
MELTON,2001,170.0
MERRI-BEK,2001,190.0
MOONEE VALLEY,2001,200.0
NILLUMBIK,2001,230.0
WHITTLESEA,2001,185.0
WYNDHAM,2001,175.0
YARRA,2001,270.0
BOROONDARA,2001,240.0
KNOX,2001,195.0
MANNINGHAM,2001,250.0
MAROONDAH,2001,185.0
MONASH,2001,220.0
WHITEHORSE,2001,215.0
YARRA RANGES,2001,175.0
BAYSIDE,2001,288.0
CARDINIA,2001,165.0
CASEY,2001,180.0
FRANKSTON,2001,165.0
GLEN EIRA,2001,205.0
GREATER DANDENONG,2001,150.0
KINGSTON,2001,190.0
MORNINGTON PENINSULA,2001,170.0
PORT PHILLIP,2001,250.0
STONNINGTON,2001,240.0
COLAC-OTWAY,2002,140.0
CORANGAMITE,2002,110.0
GLENELG,2002,120.0
GREATER GEELONG,2002,160.0
MOYNE,2002,150.0
QUEENSCLIFFE,2002,170.0
SOUTHERN GRAMPIANS,2002,110.0
SURF COAST,2002,180.0
WARRNAMBOOL,2002,150.0
ARARAT,2002,110.0
BALLARAT,2002,150.0
GOLDEN PLAINS,2002,155.0
HEPBURN,2002,150.0
HINDMARSH,2002,100.0
HORSHAM,2002,130.0
MOORABOOL,2002,153.0
NORTHERN GRAMPIANS,2002,110.0
PYRENEES,2002,125.0
WEST WIMMERA,2002,75.0
YARRIAMBIACK,2002,98.0
BULOKE,2002,90.0
CAMPASPE,2002,150.0
CENTRAL GOLDFIELDS,2002,120.0
GANNAWARRA,2002,110.0
GREATER BENDIGO,2002,150.0
LODDON,2002,100.0
MACEDON RANGES,2002,170.0
MILDURA,2002,150.0
MOUNT ALEXANDER,2002,145.0
SWAN HILL,2002,140.0
ALPINE,2002,130.0
BENALLA,2002,140.0
GREATER SHEPPARTON,2002,155.0
INDIGO,2002,135.0
MANSFIELD,2002,140.0
MITCHELL,2002,140.0
MOIRA,2002,120.0
MURRINDINDI,2002,130.0
STRATHBOGIE,2002,110.0
TOWONG,2002,108.0
WANGARATTA,2002,130.0
WODONGA,2002,155.0
BASS COAST,2002,140.0
BAW BAW,2002,145.0
EAST GIPPSLAND,2002,130.0
LATROBE,2002,115.0
SOUTH GIPPSLAND,2002,125.0
WELLINGTON,2002,120.0
BANYULE,2002,210.0
BRIMBANK,2002,175.0
DAREBIN,2002,185.0
HOBSONS BAY,2002,190.0
HUME,2002,185.0
MARIBYRNONG,2002,175.0
MELBOURNE,2002,300.0
MELTON,2002,170.0
MERRI-BEK,2002,190.0
MOONEE VALLEY,2002,210.0
NILLUMBIK,2002,231.0
WHITTLESEA,2002,190.0
WYNDHAM,2002,175.0
YARRA,2002,270.0
BOROONDARA,2002,240.0
KNOX,2002,200.0
MANNINGHAM,2002,250.0
MAROONDAH,2002,185.0
MONASH,2002,220.0
WHITEHORSE,2002,215.0
YARRA RANGES,2002,175.0
BAYSIDE,2002,295.0
CARDINIA,2002,170.0
CASEY,2002,180.0
FRANKSTON,2002,165.0
GLEN EIRA,2002,200.0
GREATER DANDENONG,2002,150.0
KINGSTON,2002,195.0
MORNINGTON PENINSULA,2002,175.0
PORT PHILLIP,2002,250.0
STONNINGTON,2002,244.0
COLAC-OTWAY,2002,145.0
CORANGAMITE,2002,110.0
GLENELG,2002,120.0
GREATER GEELONG,2002,160.0
MOYNE,2002,150.0
QUEENSCLIFFE,2002,185.0
SOUTHERN GRAMPIANS,2002,110.0
SURF COAST,2002,180.0
WARRNAMBOOL,2002,155.0
ARARAT,2002,120.0
BALLARAT,2002,160.0
GOLDEN PLAINS,2002,140.0
HEPBURN,2002,150.0
HINDMARSH,2002,105.0
HORSHAM,2002,135.0
MOORABOOL,2002,160.0
NORTHERN GRAMPIANS,2002,118.0
PYRENEES,2002,110.0
YARRIAMBIACK,2002,88.0
BULOKE,2002,90.0
CAMPASPE,2002,150.0
CENTRAL GOLDFIELDS,2002,120.0
GANNAWARRA,2002,120.0
GREATER BENDIGO,2002,155.0
LODDON,2002,98.0
MACEDON RANGES,2002,170.0
MILDURA,2002,155.0
MOUNT ALEXANDER,2002,140.0
SWAN HILL,2002,140.0
ALPINE,2002,130.0
BENALLA,2002,140.0
GREATER SHEPPARTON,2002,160.0
INDIGO,2002,135.0
MANSFIELD,2002,140.0
MITCHELL,2002,150.0
MOIRA,2002,135.0
MURRINDINDI,2002,130.0
STRATHBOGIE,2002,115.0
TOWONG,2002,115.0
WANGARATTA,2002,135.0
WODONGA,2002,160.0
BASS COAST,2002,140.0
BAW BAW,2002,149.0
EAST GIPPSLAND,2002,135.0
LATROBE,2002,114.0
SOUTH GIPPSLAND,2002,125.0
WELLINGTON,2002,120.0
BANYULE,2002,210.0
BRIMBANK,2002,175.0
DAREBIN,2002,180.0
HOBSONS BAY,2002,185.0
HUME,2002,185.0
MARIBYRNONG,2002,170.0
MELBOURNE,2002,300.0
MELTON,2002,175.0
MERRI-BEK,2002,185.0
MOONEE VALLEY,2002,200.0
NILLUMBIK,2002,235.0
WHITTLESEA,2002,190.0
WYNDHAM,2002,180.0
YARRA,2002,260.0
BOROONDARA,2002,250.0
KNOX,2002,200.0
MANNINGHAM,2002,250.0
MAROONDAH,2002,190.0
MONASH,2002,220.0
WHITEHORSE,2002,220.0
YARRA RANGES,2002,180.0
BAYSIDE,2002,290.0
CARDINIA,2002,170.0
CASEY,2002,180.0
FRANKSTON,2002,170.0
GLEN EIRA,2002,208.0
GREATER DANDENONG,2002,150.0
KINGSTON,2002,190.0
MORNINGTON PENINSULA,2002,175.0
PORT PHILLIP,2002,250.0
STONNINGTON,2002,250.0
COLAC-OTWAY,2002,150.0
CORANGAMITE,2002,118.0
GLENELG,2002,120.0
GREATER GEELONG,2002,160.0
MOYNE,2002,155.0
QUEENSCLIFFE,2002,175.0
SOUTHERN GRAMPIANS,2002,113.0
SURF COAST,2002,185.0
WARRNAMBOOL,2002,155.0
ARARAT,2002,110.0
BALLARAT,2002,160.0
GOLDEN PLAINS,2002,145.0
HEPBURN,2002,150.0
HINDMARSH,2002,100.0
HORSHAM,2002,135.0
MOORABOOL,2002,160.0
NORTHERN GRAMPIANS,2002,120.0
PYRENEES,2002,125.0
WEST WIMMERA,2002,85.0
YARRIAMBIACK,2002,100.0
BULOKE,2002,100.0
CAMPASPE,2002,159.0
CENTRAL GOLDFIELDS,2002,125.0
GANNAWARRA,2002,110.0
GREATER BENDIGO,2002,155.0
LODDON,2002,100.0
MACEDON RANGES,2002,175.0
MILDURA,2002,151.0
MOUNT ALEXANDER,2002,150.0
SWAN HILL,2002,140.0
ALPINE,2002,135.0
BENALLA,2002,140.0
GREATER SHEPPARTON,2002,160.0
INDIGO,2002,140.0
MANSFIELD,2002,148.0
MITCHELL,2002,150.0
MOIRA,2002,135.0
MURRINDINDI,2002,130.0
STRATHBOGIE,2002,120.0
TOWONG,2002,110.0
WANGARATTA,2002,140.0
WODONGA,2002,160.0
BASS COAST,2002,140.0
BAW BAW,2002,150.0
EAST GIPPSLAND,2002,135.0
LATROBE,2002,125.0
SOUTH GIPPSLAND,2002,128.0
WELLINGTON,2002,125.0
BANYULE,2002,210.0
BRIMBANK,2002,170.0
DAREBIN,2002,180.0
HOBSONS BAY,2002,190.0
HUME,2002,190.0
MARIBYRNONG,2002,180.0
MELBOURNE,2002,303.0
MELTON,2002,185.0
MERRI-BEK,2002,185.0
MOONEE VALLEY,2002,200.0
NILLUMBIK,2002,230.0
WHITTLESEA,2002,190.0
WYNDHAM,2002,180.0
YARRA,2002,260.0
BOROONDARA,2002,245.0
KNOX,2002,200.0
MANNINGHAM,2002,240.0
MAROONDAH,2002,190.0
MONASH,2002,220.0
WHITEHORSE,2002,220.0
YARRA RANGES,2002,180.0
BAYSIDE,2002,280.0
CARDINIA,2002,170.0
CASEY,2002,185.0
FRANKSTON,2002,170.0
GLEN EIRA,2002,210.0
GREATER DANDENONG,2002,150.0
KINGSTON,2002,195.0
MORNINGTON PENINSULA,2002,180.0
PORT PHILLIP,2002,250.0
STONNINGTON,2002,250.0
COLAC-OTWAY,2002,150.0
CORANGAMITE,2002,120.0
GLENELG,2002,125.0
GREATER GEELONG,2002,165.0
MOYNE,2002,150.0
QUEENSCLIFFE,2002,180.0
SOUTHERN GRAMPIANS,2002,100.0
SURF COAST,2002,210.0
WARRNAMBOOL,2002,165.0
ARARAT,2002,113.0
BALLARAT,2002,160.0
GOLDEN PLAINS,2002,160.0
HEPBURN,2002,155.0
HINDMARSH,2002,103.0
HORSHAM,2002,135.0
MOORABOOL,2002,160.0
NORTHERN GRAMPIANS,2002,123.0
PYRENEES,2002,140.0
WEST WIMMERA,2002,93.0
YARRIAMBIACK,2002,100.0
BULOKE,2002,100.0
CAMPASPE,2002,150.0
CENTRAL GOLDFIELDS,2002,125.0
GANNAWARRA,2002,110.0
GREATER BENDIGO,2002,165.0
LODDON,2002,100.0
MACEDON RANGES,2002,177.0
MILDURA,2002,160.0
MOUNT ALEXANDER,2002,150.0
SWAN HILL,2002,150.0
ALPINE,2002,140.0
BENALLA,2002,150.0
GREATER SHEPPARTON,2002,160.0
INDIGO,2002,150.0
MANSFIELD,2002,150.0
MITCHELL,2002,150.0
MOIRA,2002,140.0
MURRINDINDI,2002,140.0
STRATHBOGIE,2002,123.0
TOWONG,2002,130.0
WANGARATTA,2002,140.0
WODONGA,2002,165.0
BASS COAST,2002,138.0
BAW BAW,2002,155.0
EAST GIPPSLAND,2002,138.0
LATROBE,2002,125.0
SOUTH GIPPSLAND,2002,130.0
WELLINGTON,2002,125.0
BANYULE,2002,215.0
BRIMBANK,2002,175.0
DAREBIN,2002,190.0
HOBSONS BAY,2002,190.0
HUME,2002,190.0
MARIBYRNONG,2002,180.0
MELBOURNE,2002,303.0
MELTON,2002,185.0
MERRI-BEK,2002,190.0
MOONEE VALLEY,2002,210.0
NILLUMBIK,2002,230.0
WHITTLESEA,2002,193.0
WYNDHAM,2002,180.0
YARRA,2002,270.0
BOROONDARA,2002,250.0
KNOX,2002,205.0
MANNINGHAM,2002,250.0
MAROONDAH,2002,190.0
MONASH,2002,220.0
WHITEHORSE,2002,220.0
YARRA RANGES,2002,185.0
BAYSIDE,2002,298.0
CARDINIA,2002,180.0
CASEY,2002,185.0
FRANKSTON,2002,175.0
GLEN EIRA,2002,210.0
GREATER DANDENONG,2002,155.0
KINGSTON,2002,200.0
MORNINGTON PENINSULA,2002,180.0
PORT PHILLIP,2002,250.0
STONNINGTON,2002,250.0
COLAC-OTWAY,2003,160.0
CORANGAMITE,2003,120.0
GLENELG,2003,130.0
GREATER GEELONG,2003,170.0
MOYNE,2003,150.0
QUEENSCLIFFE,2003,185.0
SOUTHERN GRAMPIANS,2003,120.0
SURF COAST,2003,200.0
WARRNAMBOOL,2003,160.0
ARARAT,2003,120.0
BALLARAT,2003,160.0
GOLDEN PLAINS,2003,155.0
HEPBURN,2003,160.0
HINDMARSH,2003,110.0
HORSHAM,2003,140.0
MOORABOOL,2003,165.0
NORTHERN GRAMPIANS,2003,120.0
PYRENEES,2003,123.0
WEST WIMMERA,2003,100.0
YARRIAMBIACK,2003,90.0
BULOKE,2003,110.0
CAMPASPE,2003,150.0
CENTRAL GOLDFIELDS,2003,125.0
GANNAWARRA,2003,110.0
GREATER BENDIGO,2003,165.0
LODDON,2003,110.0
MACEDON RANGES,2003,184.0
MILDURA,2003,160.0
MOUNT ALEXANDER,2003,150.0
SWAN HILL,2003,145.0
ALPINE,2003,143.0
BENALLA,2003,150.0
GREATER SHEPPARTON,2003,165.0
INDIGO,2003,140.0
MANSFIELD,2003,153.0
MITCHELL,2003,165.0
MOIRA,2003,140.0
MURRINDINDI,2003,135.0
STRATHBOGIE,2003,130.0
TOWONG,2003,125.0
WANGARATTA,2003,140.0
WODONGA,2003,165.0
BASS COAST,2003,150.0
BAW BAW,2003,155.0
EAST GIPPSLAND,2003,145.0
LATROBE,2003,130.0
SOUTH GIPPSLAND,2003,130.0
WELLINGTON,2003,125.0
BANYULE,2003,215.0
BRIMBANK,2003,180.0
DAREBIN,2003,190.0
HOBSONS BAY,2003,195.0
HUME,2003,190.0
MARIBYRNONG,2003,185.0
MELBOURNE,2003,300.0
MELTON,2003,190.0
MERRI-BEK,2003,192.0
MOONEE VALLEY,2003,205.0
NILLUMBIK,2003,240.0
WHITTLESEA,2003,191.0
WYNDHAM,2003,180.0
YARRA,2003,275.0
BOROONDARA,2003,250.0
KNOX,2003,200.0
MANNINGHAM,2003,250.0
MAROONDAH,2003,190.0
MONASH,2003,230.0
WHITEHORSE,2003,220.0
YARRA RANGES,2003,185.0
BAYSIDE,2003,290.0
CARDINIA,2003,175.0
CASEY,2003,185.0
FRANKSTON,2003,180.0
GLEN EIRA,2003,210.0
GREATER DANDENONG,2003,150.0
KINGSTON,2003,200.0
MORNINGTON PENINSULA,2003,180.0
PORT PHILLIP,2003,250.0
STONNINGTON,2003,250.0
COLAC-OTWAY,2003,158.0
CORANGAMITE,2003,125.0
GLENELG,2003,140.0
GREATER GEELONG,2003,165.0
MOYNE,2003,170.0
QUEENSCLIFFE,2003,190.0
SOUTHERN GRAMPIANS,2003,130.0
SURF COAST,2003,193.0
WARRNAMBOOL,2003,170.0
ARARAT,2003,120.0
BALLARAT,2003,165.0
GOLDEN PLAINS,2003,140.0
HEPBURN,2003,155.0
HINDMARSH,2003,118.0
HORSHAM,2003,150.0
MOORABOOL,2003,170.0
NORTHERN GRAMPIANS,2003,120.0
PYRENEES,2003,133.0
WEST WIMMERA,2003,95.0
YARRIAMBIACK,2003,100.0
BULOKE,2003,100.0
CAMPASPE,2003,160.0
CENTRAL GOLDFIELDS,2003,130.0
GANNAWARRA,2003,110.0
GREATER BENDIGO,2003,170.0
LODDON,2003,111.0
MACEDON RANGES,2003,186.0
MILDURA,2003,160.0
MOUNT ALEXANDER,2003,160.0
SWAN HILL,2003,150.0
ALPINE,2003,135.0
BENALLA,2003,150.0
GREATER SHEPPARTON,2003,160.0
INDIGO,2003,143.0
MANSFIELD,2003,150.0
MITCHELL,2003,160.0
MOIRA,2003,145.0
MURRINDINDI,2003,150.0
STRATHBOGIE,2003,125.0
TOWONG,2003,118.0
WANGARATTA,2003,145.0
WODONGA,2003,170.0
BASS COAST,2003,150.0
BAW BAW,2003,160.0
EAST GIPPSLAND,2003,149.0
LATROBE,2003,130.0
SOUTH GIPPSLAND,2003,135.0
WELLINGTON,2003,130.0
BANYULE,2003,214.0
BRIMBANK,2003,175.0
DAREBIN,2003,185.0
HOBSONS BAY,2003,192.0
HUME,2003,195.0
MARIBYRNONG,2003,180.0
MELBOURNE,2003,300.0
MELTON,2003,185.0
MERRI-BEK,2003,190.0
MOONEE VALLEY,2003,200.0
NILLUMBIK,2003,245.0
WHITTLESEA,2003,195.0
WYNDHAM,2003,185.0
YARRA,2003,270.0
BOROONDARA,2003,250.0
KNOX,2003,210.0
MANNINGHAM,2003,250.0
MAROONDAH,2003,190.0
MONASH,2003,225.0
WHITEHORSE,2003,220.0
YARRA RANGES,2003,190.0
BAYSIDE,2003,285.0
CARDINIA,2003,180.0
CASEY,2003,185.0
FRANKSTON,2003,175.0
GLEN EIRA,2003,220.0
GREATER DANDENONG,2003,160.0
KINGSTON,2003,195.0
MORNINGTON PENINSULA,2003,180.0
PORT PHILLIP,2003,260.0
STONNINGTON,2003,250.0
COLAC-OTWAY,2003,160.0
CORANGAMITE,2003,120.0
GLENELG,2003,135.0
GREATER GEELONG,2003,170.0
MOYNE,2003,160.0
QUEENSCLIFFE,2003,180.0
SOUTHERN GRAMPIANS,2003,123.0
SURF COAST,2003,200.0
WARRNAMBOOL,2003,170.0
ARARAT,2003,130.0
BALLARAT,2003,165.0
GOLDEN PLAINS,2003,170.0
HEPBURN,2003,160.0
HINDMARSH,2003,110.0
HORSHAM,2003,145.0
MOORABOOL,2003,170.0
NORTHERN GRAMPIANS,2003,125.0
PYRENEES,2003,100.0
WEST WIMMERA,2003,100.0
YARRIAMBIACK,2003,98.0
CAMPASPE,2003,160.0
CENTRAL GOLDFIELDS,2003,130.0
GANNAWARRA,2003,120.0
GREATER BENDIGO,2003,170.0
LODDON,2003,100.0
MACEDON RANGES,2003,193.0
MILDURA,2003,160.0
MOUNT ALEXANDER,2003,160.0
SWAN HILL,2003,150.0
ALPINE,2003,143.0
BENALLA,2003,150.0
GREATER SHEPPARTON,2003,160.0
INDIGO,2003,148.0
MANSFIELD,2003,150.0
MITCHELL,2003,160.0
MOIRA,2003,145.0
MURRINDINDI,2003,145.0
STRATHBOGIE,2003,130.0
TOWONG,2003,125.0
WANGARATTA,2003,143.0
WODONGA,2003,175.0
BASS COAST,2003,150.0
BAW BAW,2003,165.0
EAST GIPPSLAND,2003,150.0
LATROBE,2003,130.0
SOUTH GIPPSLAND,2003,140.0
WELLINGTON,2003,130.0
BANYULE,2003,220.0
BRIMBANK,2003,180.0
DAREBIN,2003,190.0
HOBSONS BAY,2003,195.0
HUME,2003,195.0
MARIBYRNONG,2003,185.0
MELBOURNE,2003,300.0
MELTON,2003,190.0
MERRI-BEK,2003,195.0
MOONEE VALLEY,2003,200.0
NILLUMBIK,2003,230.0
WHITTLESEA,2003,200.0
WYNDHAM,2003,185.0
YARRA,2003,270.0
BOROONDARA,2003,250.0
KNOX,2003,210.0
MANNINGHAM,2003,248.0
MAROONDAH,2003,195.0
MONASH,2003,230.0
WHITEHORSE,2003,220.0
YARRA RANGES,2003,190.0
BAYSIDE,2003,290.0
CARDINIA,2003,180.0
CASEY,2003,190.0
FRANKSTON,2003,180.0
GLEN EIRA,2003,220.0
GREATER DANDENONG,2003,160.0
KINGSTON,2003,200.0
MORNINGTON PENINSULA,2003,185.0
PORT PHILLIP,2003,255.0
STONNINGTON,2003,250.0
COLAC-OTWAY,2003,160.0
CORANGAMITE,2003,130.0
GLENELG,2003,135.0
GREATER GEELONG,2003,180.0
MOYNE,2003,160.0
QUEENSCLIFFE,2003,200.0
SOUTHERN GRAMPIANS,2003,140.0
SURF COAST,2003,210.0
WARRNAMBOOL,2003,175.0
ARARAT,2003,120.0
BALLARAT,2003,170.0
GOLDEN PLAINS,2003,180.0
HEPBURN,2003,160.0
HINDMARSH,2003,125.0
HORSHAM,2003,145.0
MOORABOOL,2003,175.0
NORTHERN GRAMPIANS,2003,125.0
PYRENEES,2003,140.0
YARRIAMBIACK,2003,98.0
BULOKE,2003,110.0
CAMPASPE,2003,175.0
CENTRAL GOLDFIELDS,2003,130.0
GANNAWARRA,2003,120.0
GREATER BENDIGO,2003,175.0
LODDON,2003,105.0
MACEDON RANGES,2003,195.0
MILDURA,2003,160.0
MOUNT ALEXANDER,2003,160.0
SWAN HILL,2003,155.0
ALPINE,2003,145.0
BENALLA,2003,170.0
GREATER SHEPPARTON,2003,165.0
INDIGO,2003,160.0
MANSFIELD,2003,170.0
MITCHELL,2003,170.0
MOIRA,2003,150.0
MURRINDINDI,2003,150.0
STRATHBOGIE,2003,135.0
TOWONG,2003,128.0
WANGARATTA,2003,155.0
WODONGA,2003,190.0
BASS COAST,2003,155.0
BAW BAW,2003,165.0
EAST GIPPSLAND,2003,160.0
LATROBE,2003,130.0
SOUTH GIPPSLAND,2003,150.0
WELLINGTON,2003,140.0
BANYULE,2003,220.0
BRIMBANK,2003,180.0
DAREBIN,2003,190.0
HOBSONS BAY,2003,200.0
HUME,2003,200.0
MARIBYRNONG,2003,185.0
MELBOURNE,2003,300.0
MELTON,2003,190.0
MERRI-BEK,2003,195.0
MOONEE VALLEY,2003,210.0
NILLUMBIK,2003,245.0
WHITTLESEA,2003,200.0
WYNDHAM,2003,185.0
YARRA,2003,270.0
BOROONDARA,2003,250.0
KNOX,2003,210.0
MANNINGHAM,2003,258.0
MAROONDAH,2003,195.0
MONASH,2003,230.0
WHITEHORSE,2003,230.0
YARRA RANGES,2003,195.0
BAYSIDE,2003,300.0
CARDINIA,2003,185.0
CASEY,2003,195.0
FRANKSTON,2003,180.0
GLEN EIRA,2003,220.0
GREATER DANDENONG,2003,160.0
KINGSTON,2003,200.0
MORNINGTON PENINSULA,2003,185.0
PORT PHILLIP,2003,260.0
STONNINGTON,2003,250.0
COLAC-OTWAY,2004,163.0
CORANGAMITE,2004,125.0
GLENELG,2004,137.0
GREATER GEELONG,2004,175.0
MOYNE,2004,160.0
QUEENSCLIFFE,2004,200.0
SOUTHERN GRAMPIANS,2004,140.0
SURF COAST,2004,210.0
WARRNAMBOOL,2004,180.0
ARARAT,2004,120.0
BALLARAT,2004,175.0
GOLDEN PLAINS,2004,175.0
HEPBURN,2004,170.0
HINDMARSH,2004,130.0
HORSHAM,2004,155.0
MOORABOOL,2004,170.0
NORTHERN GRAMPIANS,2004,125.0
PYRENEES,2004,130.0
YARRIAMBIACK,2004,100.0
BULOKE,2004,105.0
CAMPASPE,2004,170.0
CENTRAL GOLDFIELDS,2004,130.0
GANNAWARRA,2004,120.0
GREATER BENDIGO,2004,175.0
LODDON,2004,120.0
MACEDON RANGES,2004,193.0
MILDURA,2004,165.0
MOUNT ALEXANDER,2004,165.0
SWAN HILL,2004,150.0
ALPINE,2004,150.0
BENALLA,2004,160.0
GREATER SHEPPARTON,2004,170.0
INDIGO,2004,155.0
MANSFIELD,2004,175.0
MITCHELL,2004,170.0
MOIRA,2004,143.0
MURRINDINDI,2004,150.0
STRATHBOGIE,2004,150.0
TOWONG,2004,138.0
WANGARATTA,2004,150.0
WODONGA,2004,180.0
BASS COAST,2004,155.0
BAW BAW,2004,165.0
EAST GIPPSLAND,2004,150.0
LATROBE,2004,135.0
SOUTH GIPPSLAND,2004,150.0
WELLINGTON,2004,140.0
BANYULE,2004,220.0
BRIMBANK,2004,175.0
DAREBIN,2004,195.0
HOBSONS BAY,2004,200.0
HUME,2004,200.0
MARIBYRNONG,2004,190.0
MELBOURNE,2004,300.0
MELTON,2004,200.0
MERRI-BEK,2004,200.0
MOONEE VALLEY,2004,215.0
NILLUMBIK,2004,250.0
WHITTLESEA,2004,200.0
WYNDHAM,2004,185.0
YARRA,2004,280.0
BOROONDARA,2004,250.0
KNOX,2004,215.0
MANNINGHAM,2004,255.0
MAROONDAH,2004,195.0
MONASH,2004,230.0
WHITEHORSE,2004,230.0
YARRA RANGES,2004,198.0
BAYSIDE,2004,298.0
CARDINIA,2004,185.0
CASEY,2004,195.0
FRANKSTON,2004,180.0
GLEN EIRA,2004,225.0
GREATER DANDENONG,2004,160.0
KINGSTON,2004,200.0
MORNINGTON PENINSULA,2004,190.0
PORT PHILLIP,2004,265.0
STONNINGTON,2004,250.0
COLAC-OTWAY,2004,163.0
CORANGAMITE,2004,140.0
GLENELG,2004,150.0
GREATER GEELONG,2004,175.0
MOYNE,2004,170.0
QUEENSCLIFFE,2004,180.0
SOUTHERN GRAMPIANS,2004,145.0
SURF COAST,2004,200.0
WARRNAMBOOL,2004,190.0
ARARAT,2004,120.0
BALLARAT,2004,170.0
GOLDEN PLAINS,2004,200.0
HEPBURN,2004,160.0
HINDMARSH,2004,108.0
HORSHAM,2004,150.0
MOORABOOL,2004,170.0
NORTHERN GRAMPIANS,2004,130.0
PYRENEES,2004,143.0
YARRIAMBIACK,2004,110.0
BULOKE,2004,110.0
CAMPASPE,2004,165.0
CENTRAL GOLDFIELDS,2004,140.0
GANNAWARRA,2004,118.0
GREATER BENDIGO,2004,180.0
LODDON,2004,120.0
MACEDON RANGES,2004,200.0
MILDURA,2004,165.0
MOUNT ALEXANDER,2004,180.0
SWAN HILL,2004,150.0
ALPINE,2004,150.0
BENALLA,2004,160.0
GREATER SHEPPARTON,2004,165.0
INDIGO,2004,160.0
MANSFIELD,2004,170.0
MITCHELL,2004,180.0
MOIRA,2004,155.0
MURRINDINDI,2004,160.0
STRATHBOGIE,2004,140.0
TOWONG,2004,123.0
WANGARATTA,2004,155.0
WODONGA,2004,180.0
BASS COAST,2004,160.0
BAW BAW,2004,170.0
EAST GIPPSLAND,2004,165.0
LATROBE,2004,135.0
SOUTH GIPPSLAND,2004,150.0
WELLINGTON,2004,135.0
BANYULE,2004,220.0
BRIMBANK,2004,180.0
DAREBIN,2004,190.0
HOBSONS BAY,2004,195.0
HUME,2004,200.0
MARIBYRNONG,2004,190.0
MELBOURNE,2004,300.0
MELTON,2004,190.0
MERRI-BEK,2004,200.0
MOONEE VALLEY,2004,210.0
NILLUMBIK,2004,250.0
WHITTLESEA,2004,200.0
WYNDHAM,2004,185.0
YARRA,2004,275.0
BOROONDARA,2004,250.0
KNOX,2004,215.0
MANNINGHAM,2004,260.0
MAROONDAH,2004,195.0
MONASH,2004,238.0
WHITEHORSE,2004,230.0
YARRA RANGES,2004,195.0
BAYSIDE,2004,295.0
CARDINIA,2004,190.0
CASEY,2004,200.0
FRANKSTON,2004,185.0
GLEN EIRA,2004,225.0
GREATER DANDENONG,2004,165.0
KINGSTON,2004,200.0
MORNINGTON PENINSULA,2004,190.0
PORT PHILLIP,2004,265.0
STONNINGTON,2004,250.0
COLAC-OTWAY,2004,170.0
CORANGAMITE,2004,135.0
GLENELG,2004,145.0
GREATER GEELONG,2004,175.0
MOYNE,2004,162.0
QUEENSCLIFFE,2004,200.0
SOUTHERN GRAMPIANS,2004,150.0
SURF COAST,2004,205.0
WARRNAMBOOL,2004,190.0
ARARAT,2004,133.0
BALLARAT,2004,170.0
GOLDEN PLAINS,2004,192.0
HEPBURN,2004,165.0
HINDMARSH,2004,130.0
HORSHAM,2004,155.0
MOORABOOL,2004,180.0
NORTHERN GRAMPIANS,2004,130.0
PYRENEES,2004,125.0
WEST WIMMERA,2004,110.0
YARRIAMBIACK,2004,110.0
BULOKE,2004,110.0
CAMPASPE,2004,160.0
CENTRAL GOLDFIELDS,2004,140.0
GANNAWARRA,2004,120.0
GREATER BENDIGO,2004,180.0
LODDON,2004,125.0
MACEDON RANGES,2004,195.0
MILDURA,2004,165.0
MOUNT ALEXANDER,2004,175.0
SWAN HILL,2004,150.0
ALPINE,2004,160.0
BENALLA,2004,170.0
GREATER SHEPPARTON,2004,170.0
INDIGO,2004,155.0
MANSFIELD,2004,160.0
MITCHELL,2004,165.0
MOIRA,2004,150.0
MURRINDINDI,2004,155.0
STRATHBOGIE,2004,140.0
TOWONG,2004,123.0
WANGARATTA,2004,160.0
WODONGA,2004,190.0
BASS COAST,2004,155.0
BAW BAW,2004,160.0
EAST GIPPSLAND,2004,160.0
LATROBE,2004,135.0
SOUTH GIPPSLAND,2004,150.0
WELLINGTON,2004,140.0
BANYULE,2004,225.0
BRIMBANK,2004,180.0
DAREBIN,2004,190.0
HOBSONS BAY,2004,200.0
HUME,2004,200.0
MARIBYRNONG,2004,190.0
MELBOURNE,2004,300.0
MELTON,2004,195.0
MERRI-BEK,2004,200.0
MOONEE VALLEY,2004,210.0
NILLUMBIK,2004,250.0
WHITTLESEA,2004,205.0
WYNDHAM,2004,190.0
YARRA,2004,275.0
BOROONDARA,2004,255.0
KNOX,2004,220.0
MANNINGHAM,2004,255.0
MAROONDAH,2004,200.0
MONASH,2004,230.0
WHITEHORSE,2004,240.0
YARRA RANGES,2004,195.0
BAYSIDE,2004,300.0
CARDINIA,2004,190.0
CASEY,2004,195.0
FRANKSTON,2004,185.0
GLEN EIRA,2004,230.0
GREATER DANDENONG,2004,165.0
KINGSTON,2004,205.0
MORNINGTON PENINSULA,2004,190.0
PORT PHILLIP,2004,260.0
STONNINGTON,2004,250.0
COLAC-OTWAY,2004,165.0
CORANGAMITE,2004,140.0
GLENELG,2004,150.0
GREATER GEELONG,2004,180.0
MOYNE,2004,180.0
QUEENSCLIFFE,2004,185.0
SOUTHERN GRAMPIANS,2004,170.0
SURF COAST,2004,220.0
WARRNAMBOOL,2004,190.0
ARARAT,2004,130.0
BALLARAT,2004,175.0
GOLDEN PLAINS,2004,165.0
HEPBURN,2004,170.0
HINDMARSH,2004,120.0
HORSHAM,2004,160.0
MOORABOOL,2004,178.0
NORTHERN GRAMPIANS,2004,125.0
PYRENEES,2004,125.0
WEST WIMMERA,2004,105.0
YARRIAMBIACK,2004,110.0
BULOKE,2004,120.0
CAMPASPE,2004,170.0
CENTRAL GOLDFIELDS,2004,140.0
GANNAWARRA,2004,120.0
GREATER BENDIGO,2004,180.0
LODDON,2004,118.0
MACEDON RANGES,2004,200.0
MILDURA,2004,170.0
MOUNT ALEXANDER,2004,175.0
SWAN HILL,2004,165.0
ALPINE,2004,147.0
BENALLA,2004,170.0
GREATER SHEPPARTON,2004,170.0
INDIGO,2004,170.0
MANSFIELD,2004,165.0
MITCHELL,2004,180.0
MOIRA,2004,150.0
MURRINDINDI,2004,170.0
STRATHBOGIE,2004,150.0
TOWONG,2004,135.0
WANGARATTA,2004,155.0
WODONGA,2004,190.0
BASS COAST,2004,160.0
BAW BAW,2004,180.0
EAST GIPPSLAND,2004,165.0
LATROBE,2004,140.0
SOUTH GIPPSLAND,2004,153.0
WELLINGTON,2004,140.0
BANYULE,2004,230.0
BRIMBANK,2004,180.0
DAREBIN,2004,200.0
HOBSONS BAY,2004,200.0
HUME,2004,200.0
MARIBYRNONG,2004,190.0
MELBOURNE,2004,310.0
MELTON,2004,195.0
MERRI-BEK,2004,200.0
MOONEE VALLEY,2004,210.0
NILLUMBIK,2004,245.0
WHITTLESEA,2004,205.0
WYNDHAM,2004,190.0
YARRA,2004,270.0
BOROONDARA,2004,270.0
KNOX,2004,220.0
MANNINGHAM,2004,260.0
MAROONDAH,2004,200.0
MONASH,2004,240.0
WHITEHORSE,2004,235.0
YARRA RANGES,2004,200.0
BAYSIDE,2004,300.0
CARDINIA,2004,190.0
CASEY,2004,200.0
FRANKSTON,2004,185.0
GLEN EIRA,2004,225.0
GREATER DANDENONG,2004,165.0
KINGSTON,2004,220.0
MORNINGTON PENINSULA,2004,190.0
PORT PHILLIP,2004,270.0
STONNINGTON,2004,260.0
COLAC-OTWAY,2005,170.0
CORANGAMITE,2005,150.0
GLENELG,2005,150.0
GREATER GEELONG,2005,185.0
MOYNE,2005,170.0
QUEENSCLIFFE,2005,200.0
SOUTHERN GRAMPIANS,2005,183.0
SURF COAST,2005,230.0
WARRNAMBOOL,2005,185.0
ARARAT,2005,130.0
BALLARAT,2005,180.0
GOLDEN PLAINS,2005,210.0
HEPBURN,2005,170.0
HINDMARSH,2005,120.0
HORSHAM,2005,155.0
MOORABOOL,2005,180.0
NORTHERN GRAMPIANS,2005,135.0
PYRENEES,2005,133.0
WEST WIMMERA,2005,100.0
YARRIAMBIACK,2005,100.0
BULOKE,2005,90.0
CAMPASPE,2005,170.0
CENTRAL GOLDFIELDS,2005,145.0
GANNAWARRA,2005,125.0
GREATER BENDIGO,2005,185.0
LODDON,2005,125.0
MACEDON RANGES,2005,195.0
MILDURA,2005,170.0
MOUNT ALEXANDER,2005,180.0
SWAN HILL,2005,160.0
ALPINE,2005,160.0
BENALLA,2005,170.0
GREATER SHEPPARTON,2005,180.0
INDIGO,2005,178.0
MANSFIELD,2005,183.0
MITCHELL,2005,180.0
MOIRA,2005,150.0
MURRINDINDI,2005,165.0
STRATHBOGIE,2005,145.0
TOWONG,2005,130.0
WANGARATTA,2005,163.0
WODONGA,2005,195.0
BASS COAST,2005,160.0
BAW BAW,2005,180.0
EAST GIPPSLAND,2005,165.0
LATROBE,2005,135.0
SOUTH GIPPSLAND,2005,158.0
WELLINGTON,2005,145.0
BANYULE,2005,230.0
BRIMBANK,2005,180.0
DAREBIN,2005,200.0
HOBSONS BAY,2005,210.0
HUME,2005,200.0
MARIBYRNONG,2005,195.0
MELBOURNE,2005,310.0
MELTON,2005,200.0
MERRI-BEK,2005,210.0
MOONEE VALLEY,2005,215.0
NILLUMBIK,2005,260.0
WHITTLESEA,2005,210.0
WYNDHAM,2005,190.0
YARRA,2005,280.0
BOROONDARA,2005,260.0
KNOX,2005,220.0
MANNINGHAM,2005,265.0
MAROONDAH,2005,200.0
MONASH,2005,240.0
WHITEHORSE,2005,245.0
YARRA RANGES,2005,200.0
BAYSIDE,2005,300.0
CARDINIA,2005,190.0
CASEY,2005,200.0
FRANKSTON,2005,190.0
GLEN EIRA,2005,230.0
GREATER DANDENONG,2005,170.0
KINGSTON,2005,210.0
MORNINGTON PENINSULA,2005,195.0
PORT PHILLIP,2005,270.0
STONNINGTON,2005,250.0
COLAC-OTWAY,2005,170.0
CORANGAMITE,2005,140.0
GLENELG,2005,160.0
GREATER GEELONG,2005,180.0
MOYNE,2005,180.0
QUEENSCLIFFE,2005,200.0
SOUTHERN GRAMPIANS,2005,180.0
SURF COAST,2005,230.0
WARRNAMBOOL,2005,200.0
ARARAT,2005,140.0
BALLARAT,2005,180.0
GOLDEN PLAINS,2005,178.0
HEPBURN,2005,170.0
HINDMARSH,2005,130.0
HORSHAM,2005,150.0
MOORABOOL,2005,180.0
NORTHERN GRAMPIANS,2005,132.0
PYRENEES,2005,120.0
WEST WIMMERA,2005,105.0
YARRIAMBIACK,2005,110.0
BULOKE,2005,120.0
CAMPASPE,2005,170.0
CENTRAL GOLDFIELDS,2005,140.0
GANNAWARRA,2005,130.0
GREATER BENDIGO,2005,180.0
LODDON,2005,118.0
MACEDON RANGES,2005,210.0
MILDURA,2005,170.0
MOUNT ALEXANDER,2005,180.0
SWAN HILL,2005,160.0
ALPINE,2005,160.0
BENALLA,2005,160.0
GREATER SHEPPARTON,2005,175.0
INDIGO,2005,163.0
MANSFIELD,2005,185.0
MITCHELL,2005,175.0
MOIRA,2005,165.0
MURRINDINDI,2005,170.0
STRATHBOGIE,2005,150.0
TOWONG,2005,140.0
WANGARATTA,2005,165.0
WODONGA,2005,193.0
BASS COAST,2005,170.0
BAW BAW,2005,180.0
EAST GIPPSLAND,2005,165.0
LATROBE,2005,140.0
SOUTH GIPPSLAND,2005,155.0
WELLINGTON,2005,145.0
BANYULE,2005,225.0
BRIMBANK,2005,185.0
DAREBIN,2005,200.0
HOBSONS BAY,2005,200.0
HUME,2005,200.0
MARIBYRNONG,2005,200.0
MELBOURNE,2005,320.0
MELTON,2005,200.0
MERRI-BEK,2005,200.0
MOONEE VALLEY,2005,215.0
NILLUMBIK,2005,260.0
WHITTLESEA,2005,210.0
WYNDHAM,2005,195.0
YARRA,2005,290.0
BOROONDARA,2005,260.0
KNOX,2005,220.0
MANNINGHAM,2005,260.0
MAROONDAH,2005,210.0
MONASH,2005,240.0
WHITEHORSE,2005,240.0
YARRA RANGES,2005,210.0
BAYSIDE,2005,300.0
CARDINIA,2005,200.0
CASEY,2005,205.0
FRANKSTON,2005,195.0
GLEN EIRA,2005,240.0
GREATER DANDENONG,2005,170.0
KINGSTON,2005,210.0
MORNINGTON PENINSULA,2005,195.0
PORT PHILLIP,2005,270.0
STONNINGTON,2005,255.0
COLAC-OTWAY,2005,170.0
CORANGAMITE,2005,150.0
GLENELG,2005,153.0
GREATER GEELONG,2005,185.0
MOYNE,2005,180.0
QUEENSCLIFFE,2005,175.0
SOUTHERN GRAMPIANS,2005,173.0
SURF COAST,2005,230.0
WARRNAMBOOL,2005,200.0
ARARAT,2005,130.0
BALLARAT,2005,180.0
GOLDEN PLAINS,2005,185.0
HEPBURN,2005,180.0
HINDMARSH,2005,130.0
HORSHAM,2005,160.0
MOORABOOL,2005,180.0
NORTHERN GRAMPIANS,2005,135.0
PYRENEES,2005,155.0
YARRIAMBIACK,2005,110.0
BULOKE,2005,100.0
CAMPASPE,2005,170.0
CENTRAL GOLDFIELDS,2005,140.0
GANNAWARRA,2005,130.0
GREATER BENDIGO,2005,185.0
LODDON,2005,118.0
MACEDON RANGES,2005,200.0
MILDURA,2005,170.0
MOUNT ALEXANDER,2005,180.0
SWAN HILL,2005,160.0
ALPINE,2005,170.0
BENALLA,2005,160.0
GREATER SHEPPARTON,2005,170.0
INDIGO,2005,185.0
MANSFIELD,2005,180.0
MITCHELL,2005,180.0
MOIRA,2005,160.0
MURRINDINDI,2005,150.0
STRATHBOGIE,2005,150.0
TOWONG,2005,150.0
WANGARATTA,2005,165.0
WODONGA,2005,200.0
BASS COAST,2005,165.0
BAW BAW,2005,170.0
EAST GIPPSLAND,2005,170.0
LATROBE,2005,140.0
SOUTH GIPPSLAND,2005,160.0
WELLINGTON,2005,145.0
BANYULE,2005,230.0
BRIMBANK,2005,180.0
DAREBIN,2005,200.0
HOBSONS BAY,2005,200.0
HUME,2005,200.0
MARIBYRNONG,2005,200.0
MELBOURNE,2005,310.0
MELTON,2005,200.0
MERRI-BEK,2005,210.0
MOONEE VALLEY,2005,220.0
NILLUMBIK,2005,250.0
WHITTLESEA,2005,210.0
WYNDHAM,2005,195.0
YARRA,2005,285.0
BOROONDARA,2005,260.0
KNOX,2005,225.0
MANNINGHAM,2005,270.0
MAROONDAH,2005,210.0
MONASH,2005,240.0
WHITEHORSE,2005,240.0
YARRA RANGES,2005,200.0
BAYSIDE,2005,330.0
CARDINIA,2005,200.0
CASEY,2005,210.0
FRANKSTON,2005,190.0
GLEN EIRA,2005,230.0
GREATER DANDENONG,2005,170.0
KINGSTON,2005,220.0
MORNINGTON PENINSULA,2005,200.0
PORT PHILLIP,2005,270.0
STONNINGTON,2005,260.0
COLAC-OTWAY,2005,180.0
CORANGAMITE,2005,150.0
GLENELG,2005,160.0
GREATER GEELONG,2005,190.0
MOYNE,2005,180.0
QUEENSCLIFFE,2005,218.0
SOUTHERN GRAMPIANS,2005,180.0
SURF COAST,2005,250.0
WARRNAMBOOL,2005,200.0
ARARAT,2005,140.0
BALLARAT,2005,180.0
GOLDEN PLAINS,2005,180.0
HEPBURN,2005,180.0
HINDMARSH,2005,130.0
HORSHAM,2005,160.0
MOORABOOL,2005,180.0
NORTHERN GRAMPIANS,2005,130.0
PYRENEES,2005,130.0
YARRIAMBIACK,2005,110.0
CAMPASPE,2005,170.0
CENTRAL GOLDFIELDS,2005,138.0
GANNAWARRA,2005,127.0
GREATER BENDIGO,2005,190.0
LODDON,2005,115.0
MACEDON RANGES,2005,210.0
MILDURA,2005,175.0
MOUNT ALEXANDER,2005,183.0
SWAN HILL,2005,160.0
ALPINE,2005,166.0
BENALLA,2005,173.0
GREATER SHEPPARTON,2005,180.0
INDIGO,2005,185.0
MANSFIELD,2005,178.0
MITCHELL,2005,180.0
MOIRA,2005,160.0
MURRINDINDI,2005,170.0
STRATHBOGIE,2005,150.0
TOWONG,2005,130.0
WANGARATTA,2005,170.0
WODONGA,2005,203.0
BASS COAST,2005,165.0
BAW BAW,2005,180.0
EAST GIPPSLAND,2005,170.0
LATROBE,2005,140.0
SOUTH GIPPSLAND,2005,160.0
WELLINGTON,2005,150.0
BANYULE,2005,240.0
BRIMBANK,2005,190.0
DAREBIN,2005,200.0
HOBSONS BAY,2005,220.0
HUME,2005,205.0
MARIBYRNONG,2005,200.0
MELBOURNE,2005,320.0
MELTON,2005,210.0
MERRI-BEK,2005,210.0
MOONEE VALLEY,2005,230.0
NILLUMBIK,2005,290.0
WHITTLESEA,2005,215.0
WYNDHAM,2005,200.0
YARRA,2005,295.0
BOROONDARA,2005,270.0
KNOX,2005,230.0
MANNINGHAM,2005,280.0
MAROONDAH,2005,215.0
MONASH,2005,250.0
WHITEHORSE,2005,245.0
YARRA RANGES,2005,210.0
BAYSIDE,2005,310.0
CARDINIA,2005,195.0
CASEY,2005,210.0
FRANKSTON,2005,191.0
GLEN EIRA,2005,240.0
GREATER DANDENONG,2005,175.0
KINGSTON,2005,220.0
MORNINGTON PENINSULA,2005,195.0
PORT PHILLIP,2005,270.0
STONNINGTON,2005,261.0
COLAC-OTWAY,2006,175.0
CORANGAMITE,2006,170.0
GLENELG,2006,160.0
GREATER GEELONG,2006,190.0
MOYNE,2006,200.0
QUEENSCLIFFE,2006,200.0
SOUTHERN GRAMPIANS,2006,190.0
SURF COAST,2006,240.0
WARRNAMBOOL,2006,200.0
ARARAT,2006,138.0
BALLARAT,2006,185.0
GOLDEN PLAINS,2006,215.0
HEPBURN,2006,173.0
HINDMARSH,2006,120.0
HORSHAM,2006,155.0
MOORABOOL,2006,190.0
NORTHERN GRAMPIANS,2006,140.0
PYRENEES,2006,155.0
WEST WIMMERA,2006,110.0
YARRIAMBIACK,2006,120.0
BULOKE,2006,100.0
CAMPASPE,2006,170.0
CENTRAL GOLDFIELDS,2006,145.0
GANNAWARRA,2006,130.0
GREATER BENDIGO,2006,190.0
LODDON,2006,129.0
MACEDON RANGES,2006,200.0
MILDURA,2006,180.0
MOUNT ALEXANDER,2006,180.0
SWAN HILL,2006,170.0
ALPINE,2006,165.0
BENALLA,2006,175.0
GREATER SHEPPARTON,2006,180.0
INDIGO,2006,190.0
MANSFIELD,2006,185.0
MITCHELL,2006,190.0
MOIRA,2006,165.0
MURRINDINDI,2006,175.0
STRATHBOGIE,2006,163.0
TOWONG,2006,130.0
WANGARATTA,2006,170.0
WODONGA,2006,220.0
BASS COAST,2006,180.0
BAW BAW,2006,175.0
EAST GIPPSLAND,2006,170.0
LATROBE,2006,140.0
SOUTH GIPPSLAND,2006,160.0
WELLINGTON,2006,150.0
BANYULE,2006,240.0
BRIMBANK,2006,185.0
DAREBIN,2006,210.0
HOBSONS BAY,2006,215.0
HUME,2006,210.0
MARIBYRNONG,2006,210.0
MELBOURNE,2006,320.0
MELTON,2006,210.0
MERRI-BEK,2006,220.0
MOONEE VALLEY,2006,230.0
NILLUMBIK,2006,270.0
WHITTLESEA,2006,210.0
WYNDHAM,2006,200.0
YARRA,2006,300.0
BOROONDARA,2006,270.0
KNOX,2006,230.0
MANNINGHAM,2006,275.0
MAROONDAH,2006,213.0
MONASH,2006,250.0
WHITEHORSE,2006,250.0
YARRA RANGES,2006,220.0
BAYSIDE,2006,338.0
CARDINIA,2006,205.0
CASEY,2006,215.0
FRANKSTON,2006,200.0
GLEN EIRA,2006,235.0
GREATER DANDENONG,2006,175.0
KINGSTON,2006,225.0
MORNINGTON PENINSULA,2006,200.0
PORT PHILLIP,2006,275.0
STONNINGTON,2006,265.0
COLAC-OTWAY,2006,180.0
CORANGAMITE,2006,160.0
GLENELG,2006,170.0
GREATER GEELONG,2006,195.0
MOYNE,2006,200.0
QUEENSCLIFFE,2006,215.0
SOUTHERN GRAMPIANS,2006,188.0
SURF COAST,2006,250.0
WARRNAMBOOL,2006,210.0
ARARAT,2006,135.0
BALLARAT,2006,180.0
GOLDEN PLAINS,2006,200.0
HEPBURN,2006,180.0
HINDMARSH,2006,130.0
HORSHAM,2006,160.0
MOORABOOL,2006,185.0
NORTHERN GRAMPIANS,2006,140.0
PYRENEES,2006,160.0
WEST WIMMERA,2006,120.0
YARRIAMBIACK,2006,110.0
BULOKE,2006,125.0
CAMPASPE,2006,170.0
CENTRAL GOLDFIELDS,2006,145.0
GANNAWARRA,2006,133.0
GREATER BENDIGO,2006,190.0
LODDON,2006,138.0
MACEDON RANGES,2006,215.0
MILDURA,2006,175.0
MOUNT ALEXANDER,2006,175.0
SWAN HILL,2006,160.0
ALPINE,2006,175.0
BENALLA,2006,180.0
GREATER SHEPPARTON,2006,180.0
INDIGO,2006,180.0
MANSFIELD,2006,195.0
MITCHELL,2006,175.0
MOIRA,2006,170.0
MURRINDINDI,2006,175.0
STRATHBOGIE,2006,155.0
TOWONG,2006,145.0
WANGARATTA,2006,170.0
WODONGA,2006,210.0
BASS COAST,2006,170.0
BAW BAW,2006,180.0
EAST GIPPSLAND,2006,165.0
LATROBE,2006,145.0
SOUTH GIPPSLAND,2006,160.0
WELLINGTON,2006,150.0
BANYULE,2006,240.0
BRIMBANK,2006,190.0
DAREBIN,2006,215.0
HOBSONS BAY,2006,220.0
HUME,2006,210.0
MARIBYRNONG,2006,213.0
MELBOURNE,2006,330.0
MELTON,2006,210.0
MERRI-BEK,2006,220.0
MOONEE VALLEY,2006,230.0
NILLUMBIK,2006,270.0
WHITTLESEA,2006,220.0
WYNDHAM,2006,200.0
YARRA,2006,300.0
BOROONDARA,2006,275.0
KNOX,2006,235.0
MANNINGHAM,2006,280.0
MAROONDAH,2006,220.0
MONASH,2006,260.0
WHITEHORSE,2006,255.0
YARRA RANGES,2006,220.0
BAYSIDE,2006,340.0
CARDINIA,2006,200.0
CASEY,2006,215.0
FRANKSTON,2006,200.0
GLEN EIRA,2006,240.0
GREATER DANDENONG,2006,181.0
KINGSTON,2006,230.0
MORNINGTON PENINSULA,2006,210.0
PORT PHILLIP,2006,295.0
STONNINGTON,2006,280.0
COLAC-OTWAY,2006,170.0
CORANGAMITE,2006,160.0
GLENELG,2006,170.0
GREATER GEELONG,2006,200.0
MOYNE,2006,200.0
QUEENSCLIFFE,2006,205.0
SOUTHERN GRAMPIANS,2006,180.0
SURF COAST,2006,250.0
WARRNAMBOOL,2006,210.0
ARARAT,2006,145.0
BALLARAT,2006,180.0
GOLDEN PLAINS,2006,185.0
HEPBURN,2006,180.0
HINDMARSH,2006,130.0
HORSHAM,2006,160.0
MOORABOOL,2006,185.0
NORTHERN GRAMPIANS,2006,135.0
PYRENEES,2006,153.0
WEST WIMMERA,2006,113.0
YARRIAMBIACK,2006,135.0
BULOKE,2006,120.0
CAMPASPE,2006,185.0
CENTRAL GOLDFIELDS,2006,145.0
GANNAWARRA,2006,140.0
GREATER BENDIGO,2006,200.0
LODDON,2006,125.0
MACEDON RANGES,2006,210.0
MILDURA,2006,185.0
MOUNT ALEXANDER,2006,190.0
SWAN HILL,2006,165.0
ALPINE,2006,180.0
BENALLA,2006,170.0
GREATER SHEPPARTON,2006,180.0
INDIGO,2006,190.0
MANSFIELD,2006,195.0
MITCHELL,2006,190.0
MOIRA,2006,170.0
MURRINDINDI,2006,175.0
STRATHBOGIE,2006,150.0
TOWONG,2006,150.0
WANGARATTA,2006,175.0
WODONGA,2006,210.0
BASS COAST,2006,175.0
BAW BAW,2006,185.0
EAST GIPPSLAND,2006,180.0
LATROBE,2006,145.0
SOUTH GIPPSLAND,2006,160.0
WELLINGTON,2006,150.0
BANYULE,2006,250.0
BRIMBANK,2006,195.0
DAREBIN,2006,210.0
HOBSONS BAY,2006,210.0
HUME,2006,210.0
MARIBYRNONG,2006,220.0
MELBOURNE,2006,330.0
MELTON,2006,210.0
MERRI-BEK,2006,225.0
MOONEE VALLEY,2006,230.0
NILLUMBIK,2006,280.0
WHITTLESEA,2006,220.0
WYNDHAM,2006,210.0
YARRA,2006,310.0
BOROONDARA,2006,280.0
KNOX,2006,240.0
MANNINGHAM,2006,281.0
MAROONDAH,2006,225.0
MONASH,2006,260.0
WHITEHORSE,2006,255.0
YARRA RANGES,2006,215.0
BAYSIDE,2006,350.0
CARDINIA,2006,220.0
CASEY,2006,220.0
FRANKSTON,2006,210.0
GLEN EIRA,2006,249.0
GREATER DANDENONG,2006,185.0
KINGSTON,2006,240.0
MORNINGTON PENINSULA,2006,210.0
PORT PHILLIP,2006,290.0
STONNINGTON,2006,275.0
COLAC-OTWAY,2006,175.0
CORANGAMITE,2006,160.0
GLENELG,2006,180.0
GREATER GEELONG,2006,200.0
MOYNE,2006,180.0
QUEENSCLIFFE,2006,250.0
SOUTHERN GRAMPIANS,2006,185.0
SURF COAST,2006,260.0
WARRNAMBOOL,2006,210.0
ARARAT,2006,140.0
BALLARAT,2006,190.0
GOLDEN PLAINS,2006,210.0
HEPBURN,2006,190.0
HINDMARSH,2006,123.0
HORSHAM,2006,165.0
MOORABOOL,2006,190.0
NORTHERN GRAMPIANS,2006,140.0
PYRENEES,2006,170.0
WEST WIMMERA,2006,120.0
YARRIAMBIACK,2006,130.0
BULOKE,2006,125.0
CAMPASPE,2006,180.0
CENTRAL GOLDFIELDS,2006,143.0
GANNAWARRA,2006,140.0
GREATER BENDIGO,2006,200.0
LODDON,2006,120.0
MACEDON RANGES,2006,211.0
MILDURA,2006,185.0
MOUNT ALEXANDER,2006,190.0
SWAN HILL,2006,170.0
ALPINE,2006,180.0
BENALLA,2006,180.0
GREATER SHEPPARTON,2006,180.0
INDIGO,2006,195.0
MANSFIELD,2006,220.0
MITCHELL,2006,180.0
MOIRA,2006,168.0
MURRINDINDI,2006,170.0
STRATHBOGIE,2006,168.0
TOWONG,2006,130.0
WANGARATTA,2006,175.0
WODONGA,2006,224.0
BASS COAST,2006,175.0
BAW BAW,2006,180.0
EAST GIPPSLAND,2006,180.0
LATROBE,2006,140.0
SOUTH GIPPSLAND,2006,165.0
WELLINGTON,2006,160.0
BANYULE,2006,250.0
BRIMBANK,2006,200.0
DAREBIN,2006,220.0
HOBSONS BAY,2006,230.0
HUME,2006,220.0
MARIBYRNONG,2006,220.0
MELBOURNE,2006,340.0
MELTON,2006,210.0
MERRI-BEK,2006,230.0
MOONEE VALLEY,2006,240.0
NILLUMBIK,2006,280.0
WHITTLESEA,2006,220.0
WYNDHAM,2006,215.0
YARRA,2006,320.0
BOROONDARA,2006,290.0
KNOX,2006,250.0
MANNINGHAM,2006,300.0
MAROONDAH,2006,230.0
MONASH,2006,260.0
WHITEHORSE,2006,260.0
YARRA RANGES,2006,220.0
BAYSIDE,2006,350.0
CARDINIA,2006,210.0
CASEY,2006,230.0
FRANKSTON,2006,210.0
GLEN EIRA,2006,250.0
GREATER DANDENONG,2006,190.0
KINGSTON,2006,240.0
MORNINGTON PENINSULA,2006,210.0
PORT PHILLIP,2006,300.0
STONNINGTON,2006,285.0
COLAC-OTWAY,2007,180.0
CORANGAMITE,2007,165.0
GLENELG,2007,180.0
GREATER GEELONG,2007,210.0
MOYNE,2007,200.0
QUEENSCLIFFE,2007,230.0
SOUTHERN GRAMPIANS,2007,180.0
SURF COAST,2007,270.0
WARRNAMBOOL,2007,200.0
ARARAT,2007,145.0
BALLARAT,2007,190.0
GOLDEN PLAINS,2007,230.0
HEPBURN,2007,185.0
HINDMARSH,2007,130.0
HORSHAM,2007,160.0
MOORABOOL,2007,195.0
NORTHERN GRAMPIANS,2007,140.0
PYRENEES,2007,140.0
WEST WIMMERA,2007,120.0
YARRIAMBIACK,2007,130.0
BULOKE,2007,125.0
CAMPASPE,2007,180.0
CENTRAL GOLDFIELDS,2007,150.0
GANNAWARRA,2007,140.0
GREATER BENDIGO,2007,200.0
LODDON,2007,130.0
MACEDON RANGES,2007,215.0
MILDURA,2007,190.0
MOUNT ALEXANDER,2007,190.0
SWAN HILL,2007,185.0
ALPINE,2007,190.0
BENALLA,2007,180.0
GREATER SHEPPARTON,2007,190.0
INDIGO,2007,180.0
MANSFIELD,2007,190.0
MITCHELL,2007,190.0
MOIRA,2007,170.0
MURRINDINDI,2007,180.0
STRATHBOGIE,2007,165.0
TOWONG,2007,135.0
WANGARATTA,2007,180.0
WODONGA,2007,210.0
BASS COAST,2007,180.0
BAW BAW,2007,190.0
EAST GIPPSLAND,2007,180.0
LATROBE,2007,150.0
SOUTH GIPPSLAND,2007,180.0
WELLINGTON,2007,165.0
BANYULE,2007,260.0
BRIMBANK,2007,200.0
DAREBIN,2007,230.0
HOBSONS BAY,2007,230.0
HUME,2007,220.0
MARIBYRNONG,2007,240.0
MELBOURNE,2007,350.0
MELTON,2007,220.0
MERRI-BEK,2007,240.0
MOONEE VALLEY,2007,250.0
NILLUMBIK,2007,300.0
WHITTLESEA,2007,230.0
WYNDHAM,2007,220.0
YARRA,2007,350.0
BOROONDARA,2007,305.0
KNOX,2007,250.0
MANNINGHAM,2007,310.0
MAROONDAH,2007,230.0
MONASH,2007,280.0
WHITEHORSE,2007,270.0
YARRA RANGES,2007,230.0
BAYSIDE,2007,380.0
CARDINIA,2007,220.0
CASEY,2007,230.0
FRANKSTON,2007,211.0
GLEN EIRA,2007,265.0
GREATER DANDENONG,2007,190.0
KINGSTON,2007,250.0
MORNINGTON PENINSULA,2007,220.0
PORT PHILLIP,2007,315.0
STONNINGTON,2007,295.0
COLAC-OTWAY,2007,175.0
CORANGAMITE,2007,175.0
GLENELG,2007,175.0
GREATER GEELONG,2007,210.0
MOYNE,2007,190.0
QUEENSCLIFFE,2007,240.0
SOUTHERN GRAMPIANS,2007,180.0
SURF COAST,2007,260.0
WARRNAMBOOL,2007,220.0
ARARAT,2007,145.0
BALLARAT,2007,190.0
GOLDEN PLAINS,2007,200.0
HEPBURN,2007,190.0
HINDMARSH,2007,130.0
HORSHAM,2007,160.0
MOORABOOL,2007,190.0
NORTHERN GRAMPIANS,2007,138.0
PYRENEES,2007,135.0
WEST WIMMERA,2007,129.0
YARRIAMBIACK,2007,120.0
CAMPASPE,2007,185.0
CENTRAL GOLDFIELDS,2007,150.0
GANNAWARRA,2007,140.0
GREATER BENDIGO,2007,200.0
LODDON,2007,140.0
MACEDON RANGES,2007,220.0
MILDURA,2007,190.0
MOUNT ALEXANDER,2007,190.0
SWAN HILL,2007,168.0
ALPINE,2007,190.0
BENALLA,2007,175.0
GREATER SHEPPARTON,2007,190.0
INDIGO,2007,200.0
MANSFIELD,2007,200.0
MITCHELL,2007,198.0
MOIRA,2007,165.0
MURRINDINDI,2007,200.0
STRATHBOGIE,2007,170.0
TOWONG,2007,200.0
WANGARATTA,2007,185.0
WODONGA,2007,220.0
BASS COAST,2007,180.0
BAW BAW,2007,190.0
EAST GIPPSLAND,2007,180.0
LATROBE,2007,150.0
SOUTH GIPPSLAND,2007,170.0
WELLINGTON,2007,160.0
BANYULE,2007,265.0
BRIMBANK,2007,210.0
DAREBIN,2007,240.0
HOBSONS BAY,2007,240.0
HUME,2007,230.0
MARIBYRNONG,2007,255.0
MELBOURNE,2007,370.0
MELTON,2007,230.0
MERRI-BEK,2007,250.0
MOONEE VALLEY,2007,260.0
NILLUMBIK,2007,310.0
WHITTLESEA,2007,240.0
WYNDHAM,2007,220.0
YARRA,2007,340.0
BOROONDARA,2007,300.0
KNOX,2007,250.0
MANNINGHAM,2007,310.0
MAROONDAH,2007,240.0
MONASH,2007,300.0
WHITEHORSE,2007,280.0
YARRA RANGES,2007,240.0
BAYSIDE,2007,360.0
CARDINIA,2007,220.0
CASEY,2007,240.0
FRANKSTON,2007,220.0
GLEN EIRA,2007,280.0
GREATER DANDENONG,2007,200.0
KINGSTON,2007,250.0
MORNINGTON PENINSULA,2007,220.0
PORT PHILLIP,2007,320.0
STONNINGTON,2007,310.0
COLAC-OTWAY,2007,185.0
CORANGAMITE,2007,165.0
GLENELG,2007,178.0
GREATER GEELONG,2007,220.0
MOYNE,2007,200.0
QUEENSCLIFFE,2007,228.0
SOUTHERN GRAMPIANS,2007,170.0
SURF COAST,2007,260.0
WARRNAMBOOL,2007,220.0
ARARAT,2007,145.0
BALLARAT,2007,190.0
GOLDEN PLAINS,2007,210.0
HEPBURN,2007,195.0
HINDMARSH,2007,133.0
HORSHAM,2007,165.0
MOORABOOL,2007,215.0
NORTHERN GRAMPIANS,2007,145.0
PYRENEES,2007,140.0
WEST WIMMERA,2007,120.0
YARRIAMBIACK,2007,123.0
BULOKE,2007,125.0
CAMPASPE,2007,190.0
CENTRAL GOLDFIELDS,2007,150.0
GANNAWARRA,2007,143.0
GREATER BENDIGO,2007,210.0
LODDON,2007,120.0
MACEDON RANGES,2007,210.0
MILDURA,2007,190.0
MOUNT ALEXANDER,2007,210.0
SWAN HILL,2007,170.0
ALPINE,2007,188.0
BENALLA,2007,185.0
GREATER SHEPPARTON,2007,190.0
INDIGO,2007,220.0
MANSFIELD,2007,190.0
MITCHELL,2007,200.0
MOIRA,2007,180.0
MURRINDINDI,2007,178.0
STRATHBOGIE,2007,165.0
TOWONG,2007,150.0
WANGARATTA,2007,185.0
WODONGA,2007,220.0
BASS COAST,2007,183.0
BAW BAW,2007,195.0
EAST GIPPSLAND,2007,190.0
LATROBE,2007,150.0
SOUTH GIPPSLAND,2007,170.0
WELLINGTON,2007,170.0
BANYULE,2007,271.0
BRIMBANK,2007,220.0
DAREBIN,2007,250.0
HOBSONS BAY,2007,240.0
HUME,2007,230.0
MARIBYRNONG,2007,250.0
MELBOURNE,2007,370.0
MELTON,2007,230.0
MERRI-BEK,2007,250.0
MOONEE VALLEY,2007,260.0
NILLUMBIK,2007,310.0
WHITTLESEA,2007,250.0
WYNDHAM,2007,235.0
YARRA,2007,350.0
BOROONDARA,2007,320.0
KNOX,2007,265.0
MANNINGHAM,2007,310.0
MAROONDAH,2007,250.0
MONASH,2007,300.0
WHITEHORSE,2007,295.0
YARRA RANGES,2007,240.0
BAYSIDE,2007,390.0
CARDINIA,2007,230.0
CASEY,2007,245.0
FRANKSTON,2007,230.0
GLEN EIRA,2007,295.0
GREATER DANDENONG,2007,215.0
KINGSTON,2007,265.0
MORNINGTON PENINSULA,2007,230.0
PORT PHILLIP,2007,330.0
STONNINGTON,2007,320.0
COLAC-OTWAY,2007,185.0
CORANGAMITE,2007,160.0
GLENELG,2007,180.0
GREATER GEELONG,2007,220.0
MOYNE,2007,190.0
QUEENSCLIFFE,2007,220.0
SOUTHERN GRAMPIANS,2007,180.0
SURF COAST,2007,280.0
WARRNAMBOOL,2007,220.0
ARARAT,2007,160.0
BALLARAT,2007,197.0
GOLDEN PLAINS,2007,235.0
HEPBURN,2007,200.0
HINDMARSH,2007,135.0
HORSHAM,2007,170.0
MOORABOOL,2007,200.0
NORTHERN GRAMPIANS,2007,140.0
PYRENEES,2007,160.0
WEST WIMMERA,2007,135.0
YARRIAMBIACK,2007,150.0
BULOKE,2007,135.0
CAMPASPE,2007,190.0
CENTRAL GOLDFIELDS,2007,155.0
GANNAWARRA,2007,140.0
GREATER BENDIGO,2007,200.0
LODDON,2007,145.0
MACEDON RANGES,2007,220.0
MILDURA,2007,190.0
MOUNT ALEXANDER,2007,200.0
SWAN HILL,2007,180.0
ALPINE,2007,185.0
BENALLA,2007,175.0
GREATER SHEPPARTON,2007,188.0
INDIGO,2007,200.0
MANSFIELD,2007,195.0
MITCHELL,2007,210.0
MOIRA,2007,170.0
MURRINDINDI,2007,200.0
STRATHBOGIE,2007,180.0
TOWONG,2007,140.0
WANGARATTA,2007,190.0
WODONGA,2007,230.0
BASS COAST,2007,180.0
BAW BAW,2007,190.0
EAST GIPPSLAND,2007,180.0
LATROBE,2007,160.0
SOUTH GIPPSLAND,2007,180.0
WELLINGTON,2007,170.0
BANYULE,2007,285.0
BRIMBANK,2007,220.0
DAREBIN,2007,260.0
HOBSONS BAY,2007,250.0
HUME,2007,240.0
MARIBYRNONG,2007,255.0
MELBOURNE,2007,380.0
MELTON,2007,240.0
MERRI-BEK,2007,270.0
MOONEE VALLEY,2007,280.0
NILLUMBIK,2007,325.0
WHITTLESEA,2007,255.0
WYNDHAM,2007,240.0
YARRA,2007,350.0
BOROONDARA,2007,340.0
KNOX,2007,278.0
MANNINGHAM,2007,350.0
MAROONDAH,2007,255.0
MONASH,2007,300.0
WHITEHORSE,2007,300.0
YARRA RANGES,2007,250.0
BAYSIDE,2007,380.0
CARDINIA,2007,235.0
CASEY,2007,250.0
FRANKSTON,2007,230.0
GLEN EIRA,2007,295.0
GREATER DANDENONG,2007,225.0
KINGSTON,2007,280.0
MORNINGTON PENINSULA,2007,240.0
PORT PHILLIP,2007,340.0
STONNINGTON,2007,325.0
COLAC-OTWAY,2008,195.0
CORANGAMITE,2008,165.0
GLENELG,2008,195.0
GREATER GEELONG,2008,230.0
MOYNE,2008,200.0
QUEENSCLIFFE,2008,250.0
SOUTHERN GRAMPIANS,2008,195.0
SURF COAST,2008,280.0
WARRNAMBOOL,2008,220.0
ARARAT,2008,155.0
BALLARAT,2008,200.0
GOLDEN PLAINS,2008,193.0
HEPBURN,2008,203.0
HINDMARSH,2008,130.0
HORSHAM,2008,175.0
MOORABOOL,2008,215.0
NORTHERN GRAMPIANS,2008,150.0
PYRENEES,2008,148.0
WEST WIMMERA,2008,130.0
YARRIAMBIACK,2008,135.0
BULOKE,2008,140.0
CAMPASPE,2008,185.0
CENTRAL GOLDFIELDS,2008,155.0
GANNAWARRA,2008,148.0
GREATER BENDIGO,2008,210.0
LODDON,2008,125.0
MACEDON RANGES,2008,225.0
MILDURA,2008,190.0
MOUNT ALEXANDER,2008,210.0
SWAN HILL,2008,180.0
ALPINE,2008,190.0
BENALLA,2008,190.0
GREATER SHEPPARTON,2008,190.0
INDIGO,2008,205.0
MANSFIELD,2008,200.0
MITCHELL,2008,200.0
MOIRA,2008,180.0
MURRINDINDI,2008,190.0
STRATHBOGIE,2008,170.0
TOWONG,2008,150.0
WANGARATTA,2008,185.0
WODONGA,2008,230.0
BASS COAST,2008,200.0
BAW BAW,2008,200.0
EAST GIPPSLAND,2008,195.0
LATROBE,2008,160.0
SOUTH GIPPSLAND,2008,185.0
WELLINGTON,2008,180.0
BANYULE,2008,298.0
BRIMBANK,2008,240.0
DAREBIN,2008,270.0
HOBSONS BAY,2008,270.0
HUME,2008,250.0
MARIBYRNONG,2008,270.0
MELBOURNE,2008,380.0
MELTON,2008,240.0
MERRI-BEK,2008,270.0
MOONEE VALLEY,2008,300.0
NILLUMBIK,2008,325.0
WHITTLESEA,2008,260.0
WYNDHAM,2008,240.0
YARRA,2008,375.0
BOROONDARA,2008,350.0
KNOX,2008,280.0
MANNINGHAM,2008,340.0
MAROONDAH,2008,270.0
MONASH,2008,320.0
WHITEHORSE,2008,310.0
YARRA RANGES,2008,250.0
BAYSIDE,2008,448.0
CARDINIA,2008,250.0
CASEY,2008,260.0
FRANKSTON,2008,240.0
GLEN EIRA,2008,300.0
GREATER DANDENONG,2008,230.0
KINGSTON,2008,285.0
MORNINGTON PENINSULA,2008,250.0
PORT PHILLIP,2008,350.0
STONNINGTON,2008,345.0
COLAC-OTWAY,2008,200.0
CORANGAMITE,2008,163.0
GLENELG,2008,195.0
GREATER GEELONG,2008,240.0
MOYNE,2008,195.0
SOUTHERN GRAMPIANS,2008,170.0
SURF COAST,2008,270.0
WARRNAMBOOL,2008,225.0
ARARAT,2008,150.0
BALLARAT,2008,210.0
GOLDEN PLAINS,2008,250.0
HEPBURN,2008,200.0
HINDMARSH,2008,143.0
HORSHAM,2008,170.0
MOORABOOL,2008,230.0
NORTHERN GRAMPIANS,2008,140.0
PYRENEES,2008,150.0
WEST WIMMERA,2008,120.0
YARRIAMBIACK,2008,130.0
BULOKE,2008,160.0
CAMPASPE,2008,190.0
CENTRAL GOLDFIELDS,2008,165.0
GANNAWARRA,2008,140.0
GREATER BENDIGO,2008,215.0
LODDON,2008,140.0
MACEDON RANGES,2008,240.0
MILDURA,2008,195.0
MOUNT ALEXANDER,2008,210.0
SWAN HILL,2008,190.0
ALPINE,2008,190.0
BENALLA,2008,180.0
GREATER SHEPPARTON,2008,200.0
INDIGO,2008,210.0
MANSFIELD,2008,218.0
MITCHELL,2008,220.0
MOIRA,2008,185.0
MURRINDINDI,2008,200.0
STRATHBOGIE,2008,178.0
TOWONG,2008,160.0
WANGARATTA,2008,180.0
WODONGA,2008,225.0
BASS COAST,2008,198.0
BAW BAW,2008,200.0
EAST GIPPSLAND,2008,200.0
LATROBE,2008,160.0
SOUTH GIPPSLAND,2008,190.0
WELLINGTON,2008,180.0
BANYULE,2008,300.0
BRIMBANK,2008,250.0
DAREBIN,2008,280.0
HOBSONS BAY,2008,280.0
HUME,2008,270.0
MARIBYRNONG,2008,295.0
MELBOURNE,2008,410.0
MELTON,2008,250.0
MERRI-BEK,2008,300.0
MOONEE VALLEY,2008,300.0
NILLUMBIK,2008,338.0
WHITTLESEA,2008,280.0
WYNDHAM,2008,260.0
YARRA,2008,380.0
BOROONDARA,2008,350.0
KNOX,2008,300.0
MANNINGHAM,2008,350.0
MAROONDAH,2008,273.0
MONASH,2008,330.0
WHITEHORSE,2008,330.0
YARRA RANGES,2008,268.0
BAYSIDE,2008,420.0
CARDINIA,2008,260.0
CASEY,2008,266.0
FRANKSTON,2008,250.0
GLEN EIRA,2008,320.0
GREATER DANDENONG,2008,250.0
KINGSTON,2008,290.0
MORNINGTON PENINSULA,2008,250.0
PORT PHILLIP,2008,350.0
STONNINGTON,2008,350.0
COLAC-OTWAY,2008,195.0
CORANGAMITE,2008,180.0
GLENELG,2008,200.0
GREATER GEELONG,2008,240.0
MOYNE,2008,200.0
QUEENSCLIFFE,2008,270.0
SOUTHERN GRAMPIANS,2008,190.0
SURF COAST,2008,280.0
WARRNAMBOOL,2008,240.0
ARARAT,2008,160.0
BALLARAT,2008,210.0
GOLDEN PLAINS,2008,240.0
HEPBURN,2008,220.0
HINDMARSH,2008,135.0
HORSHAM,2008,173.0
MOORABOOL,2008,210.0
NORTHERN GRAMPIANS,2008,140.0
PYRENEES,2008,138.0
WEST WIMMERA,2008,110.0
YARRIAMBIACK,2008,140.0
BULOKE,2008,150.0
CAMPASPE,2008,195.0
CENTRAL GOLDFIELDS,2008,165.0
GANNAWARRA,2008,150.0
GREATER BENDIGO,2008,210.0
LODDON,2008,135.0
MACEDON RANGES,2008,250.0
MILDURA,2008,190.0
MOUNT ALEXANDER,2008,210.0
SWAN HILL,2008,173.0
ALPINE,2008,200.0
BENALLA,2008,200.0
GREATER SHEPPARTON,2008,200.0
INDIGO,2008,205.0
MANSFIELD,2008,210.0
MITCHELL,2008,223.0
MOIRA,2008,180.0
MURRINDINDI,2008,200.0
STRATHBOGIE,2008,180.0
TOWONG,2008,155.0
WANGARATTA,2008,198.0
WODONGA,2008,233.0
BASS COAST,2008,210.0
BAW BAW,2008,200.0
EAST GIPPSLAND,2008,195.0
LATROBE,2008,165.0
SOUTH GIPPSLAND,2008,190.0
WELLINGTON,2008,180.0
BANYULE,2008,305.0
BRIMBANK,2008,260.0
DAREBIN,2008,291.0
HOBSONS BAY,2008,290.0
HUME,2008,280.0
MARIBYRNONG,2008,290.0
MELBOURNE,2008,400.0
MELTON,2008,250.0
MERRI-BEK,2008,300.0
MOONEE VALLEY,2008,300.0
NILLUMBIK,2008,350.0
WHITTLESEA,2008,290.0
WYNDHAM,2008,280.0
YARRA,2008,395.0
BOROONDARA,2008,350.0
KNOX,2008,300.0
MANNINGHAM,2008,360.0
MAROONDAH,2008,280.0
MONASH,2008,340.0
WHITEHORSE,2008,330.0
YARRA RANGES,2008,270.0
BAYSIDE,2008,435.0
CARDINIA,2008,260.0
CASEY,2008,280.0
FRANKSTON,2008,255.0
GLEN EIRA,2008,330.0
GREATER DANDENONG,2008,250.0
KINGSTON,2008,300.0
MORNINGTON PENINSULA,2008,260.0
PORT PHILLIP,2008,360.0
STONNINGTON,2008,360.0
COLAC-OTWAY,2008,200.0
CORANGAMITE,2008,170.0
GLENELG,2008,200.0
GREATER GEELONG,2008,250.0
MOYNE,2008,200.0
SOUTHERN GRAMPIANS,2008,180.0
SURF COAST,2008,300.0
WARRNAMBOOL,2008,240.0
ARARAT,2008,155.0
BALLARAT,2008,220.0
GOLDEN PLAINS,2008,250.0
HEPBURN,2008,205.0
HINDMARSH,2008,130.0
HORSHAM,2008,175.0
MOORABOOL,2008,240.0
NORTHERN GRAMPIANS,2008,150.0
PYRENEES,2008,138.0
WEST WIMMERA,2008,140.0
YARRIAMBIACK,2008,140.0
BULOKE,2008,150.0
CAMPASPE,2008,194.0
CENTRAL GOLDFIELDS,2008,166.0
GANNAWARRA,2008,144.0
GREATER BENDIGO,2008,220.0
LODDON,2008,150.0
MACEDON RANGES,2008,250.0
MILDURA,2008,190.0
MOUNT ALEXANDER,2008,220.0
SWAN HILL,2008,180.0
ALPINE,2008,200.0
BENALLA,2008,188.0
GREATER SHEPPARTON,2008,200.0
INDIGO,2008,220.0
MANSFIELD,2008,200.0
MITCHELL,2008,235.0
MOIRA,2008,180.0
MURRINDINDI,2008,210.0
STRATHBOGIE,2008,190.0
TOWONG,2008,160.0
WANGARATTA,2008,190.0
WODONGA,2008,230.0
BASS COAST,2008,200.0
BAW BAW,2008,220.0
EAST GIPPSLAND,2008,200.0
LATROBE,2008,165.0
SOUTH GIPPSLAND,2008,190.0
WELLINGTON,2008,195.0
BANYULE,2008,320.0
BRIMBANK,2008,270.0
DAREBIN,2008,290.0
HOBSONS BAY,2008,280.0
HUME,2008,280.0
MARIBYRNONG,2008,300.0
MELBOURNE,2008,400.0
MELTON,2008,260.0
MERRI-BEK,2008,300.0
MOONEE VALLEY,2008,310.0
NILLUMBIK,2008,345.0
WHITTLESEA,2008,290.0
WYNDHAM,2008,280.0
YARRA,2008,400.0
BOROONDARA,2008,371.0
KNOX,2008,300.0
MANNINGHAM,2008,360.0
MAROONDAH,2008,280.0
MONASH,2008,350.0
WHITEHORSE,2008,335.0
YARRA RANGES,2008,285.0
BAYSIDE,2008,425.0
CARDINIA,2008,280.0
CASEY,2008,280.0
FRANKSTON,2008,260.0
GLEN EIRA,2008,330.0
GREATER DANDENONG,2008,250.0
KINGSTON,2008,300.0
MORNINGTON PENINSULA,2008,265.0
PORT PHILLIP,2008,360.0
STONNINGTON,2008,350.0
COLAC-OTWAY,2009,200.0
CORANGAMITE,2009,175.0
GLENELG,2009,180.0
GREATER GEELONG,2009,250.0
MOYNE,2009,185.0
SOUTHERN GRAMPIANS,2009,198.0
SURF COAST,2009,330.0
WARRNAMBOOL,2009,230.0
ARARAT,2009,160.0
BALLARAT,2009,220.0
GOLDEN PLAINS,2009,253.0
HEPBURN,2009,230.0
HINDMARSH,2009,145.0
HORSHAM,2009,180.0
MOORABOOL,2009,225.0
NORTHERN GRAMPIANS,2009,150.0
PYRENEES,2009,170.0
WEST WIMMERA,2009,120.0
YARRIAMBIACK,2009,145.0
BULOKE,2009,155.0
CAMPASPE,2009,195.0
CENTRAL GOLDFIELDS,2009,175.0
GANNAWARRA,2009,150.0
GREATER BENDIGO,2009,220.0
LODDON,2009,140.0
MACEDON RANGES,2009,260.0
MILDURA,2009,190.0
MOUNT ALEXANDER,2009,220.0
SWAN HILL,2009,190.0
ALPINE,2009,200.0
BENALLA,2009,180.0
GREATER SHEPPARTON,2009,210.0
INDIGO,2009,200.0
MANSFIELD,2009,200.0
MITCHELL,2009,240.0
MOIRA,2009,180.0
MURRINDINDI,2009,220.0
STRATHBOGIE,2009,180.0
TOWONG,2009,155.0
WANGARATTA,2009,195.0
WODONGA,2009,235.0
BASS COAST,2009,205.0
BAW BAW,2009,210.0
EAST GIPPSLAND,2009,200.0
LATROBE,2009,175.0
SOUTH GIPPSLAND,2009,200.0
WELLINGTON,2009,180.0
BANYULE,2009,312.0
BRIMBANK,2009,270.0
DAREBIN,2009,300.0
HOBSONS BAY,2009,300.0
HUME,2009,290.0
MARIBYRNONG,2009,310.0
MELBOURNE,2009,410.0
MELTON,2009,265.0
MERRI-BEK,2009,310.0
MOONEE VALLEY,2009,315.0
NILLUMBIK,2009,380.0
WHITTLESEA,2009,300.0
WYNDHAM,2009,280.0
YARRA,2009,380.0
BOROONDARA,2009,360.0
KNOX,2009,300.0
MANNINGHAM,2009,355.0
MAROONDAH,2009,290.0
MONASH,2009,350.0
WHITEHORSE,2009,320.0
YARRA RANGES,2009,290.0
BAYSIDE,2009,450.0
CARDINIA,2009,270.0
CASEY,2009,280.0
FRANKSTON,2009,265.0
GLEN EIRA,2009,330.0
GREATER DANDENONG,2009,265.0
KINGSTON,2009,300.0
MORNINGTON PENINSULA,2009,270.0
PORT PHILLIP,2009,370.0
STONNINGTON,2009,360.0
COLAC-OTWAY,2009,210.0
CORANGAMITE,2009,180.0
GLENELG,2009,190.0
GREATER GEELONG,2009,250.0
MOYNE,2009,218.0
QUEENSCLIFFE,2009,260.0
SOUTHERN GRAMPIANS,2009,190.0
SURF COAST,2009,300.0
WARRNAMBOOL,2009,230.0
ARARAT,2009,160.0
BALLARAT,2009,220.0
GOLDEN PLAINS,2009,240.0
HEPBURN,2009,220.0
HINDMARSH,2009,150.0
HORSHAM,2009,185.0
MOORABOOL,2009,240.0
NORTHERN GRAMPIANS,2009,150.0
PYRENEES,2009,150.0
YARRIAMBIACK,2009,140.0
BULOKE,2009,165.0
CAMPASPE,2009,200.0
CENTRAL GOLDFIELDS,2009,170.0
GANNAWARRA,2009,145.0
GREATER BENDIGO,2009,220.0
LODDON,2009,150.0
MACEDON RANGES,2009,260.0
MILDURA,2009,190.0
MOUNT ALEXANDER,2009,220.0
SWAN HILL,2009,190.0
ALPINE,2009,200.0
BENALLA,2009,193.0
GREATER SHEPPARTON,2009,210.0
INDIGO,2009,200.0
MANSFIELD,2009,200.0
MITCHELL,2009,240.0
MOIRA,2009,180.0
MURRINDINDI,2009,220.0
STRATHBOGIE,2009,178.0
TOWONG,2009,160.0
WANGARATTA,2009,198.0
WODONGA,2009,238.0
BASS COAST,2009,220.0
BAW BAW,2009,220.0
EAST GIPPSLAND,2009,200.0
LATROBE,2009,170.0
SOUTH GIPPSLAND,2009,200.0
WELLINGTON,2009,190.0
BANYULE,2009,320.0
BRIMBANK,2009,280.0
DAREBIN,2009,300.0
HOBSONS BAY,2009,300.0
HUME,2009,290.0
MARIBYRNONG,2009,300.0
MELBOURNE,2009,420.0
MELTON,2009,270.0
MERRI-BEK,2009,310.0
MOONEE VALLEY,2009,320.0
NILLUMBIK,2009,378.0
WHITTLESEA,2009,300.0
WYNDHAM,2009,270.0
YARRA,2009,380.0
BOROONDARA,2009,370.0
KNOX,2009,300.0
MANNINGHAM,2009,360.0
MAROONDAH,2009,295.0
MONASH,2009,346.0
WHITEHORSE,2009,330.0
YARRA RANGES,2009,290.0
BAYSIDE,2009,450.0
CARDINIA,2009,270.0
CASEY,2009,285.0
FRANKSTON,2009,265.0
GLEN EIRA,2009,333.0
GREATER DANDENONG,2009,270.0
KINGSTON,2009,310.0
MORNINGTON PENINSULA,2009,270.0
PORT PHILLIP,2009,370.0
STONNINGTON,2009,360.0
COLAC-OTWAY,2009,200.0
CORANGAMITE,2009,200.0
GLENELG,2009,190.0
GREATER GEELONG,2009,255.0
MOYNE,2009,220.0
QUEENSCLIFFE,2009,260.0
SOUTHERN GRAMPIANS,2009,190.0
SURF COAST,2009,290.0
WARRNAMBOOL,2009,250.0
ARARAT,2009,168.0
BALLARAT,2009,220.0
GOLDEN PLAINS,2009,260.0
HEPBURN,2009,215.0
HINDMARSH,2009,150.0
HORSHAM,2009,175.0
MOORABOOL,2009,250.0
NORTHERN GRAMPIANS,2009,145.0
PYRENEES,2009,145.0
YARRIAMBIACK,2009,130.0
BULOKE,2009,140.0
CAMPASPE,2009,195.0
CENTRAL GOLDFIELDS,2009,168.0
GANNAWARRA,2009,150.0
GREATER BENDIGO,2009,230.0
LODDON,2009,150.0
MACEDON RANGES,2009,270.0
MILDURA,2009,190.0
MOUNT ALEXANDER,2009,220.0
SWAN HILL,2009,190.0
ALPINE,2009,200.0
BENALLA,2009,200.0
GREATER SHEPPARTON,2009,200.0
INDIGO,2009,190.0
MANSFIELD,2009,200.0
MITCHELL,2009,240.0
MOIRA,2009,190.0
MURRINDINDI,2009,230.0
STRATHBOGIE,2009,190.0
TOWONG,2009,170.0
WANGARATTA,2009,190.0
WODONGA,2009,240.0
BASS COAST,2009,220.0
BAW BAW,2009,225.0
EAST GIPPSLAND,2009,205.0
LATROBE,2009,178.0
SOUTH GIPPSLAND,2009,200.0
WELLINGTON,2009,190.0
BANYULE,2009,320.0
BRIMBANK,2009,280.0
DAREBIN,2009,300.0
HOBSONS BAY,2009,300.0
HUME,2009,295.0
MARIBYRNONG,2009,300.0
MELBOURNE,2009,420.0
MELTON,2009,280.0
MERRI-BEK,2009,315.0
MOONEE VALLEY,2009,320.0
NILLUMBIK,2009,350.0
WHITTLESEA,2009,300.0
WYNDHAM,2009,280.0
YARRA,2009,400.0
BOROONDARA,2009,360.0
KNOX,2009,320.0
MANNINGHAM,2009,360.0
MAROONDAH,2009,300.0
MONASH,2009,350.0
WHITEHORSE,2009,330.0
YARRA RANGES,2009,290.0
BAYSIDE,2009,448.0
CARDINIA,2009,280.0
CASEY,2009,290.0
FRANKSTON,2009,265.0
GLEN EIRA,2009,330.0
GREATER DANDENONG,2009,265.0
KINGSTON,2009,315.0
MORNINGTON PENINSULA,2009,275.0
PORT PHILLIP,2009,375.0
STONNINGTON,2009,370.0
COLAC-OTWAY,2009,210.0
CORANGAMITE,2009,190.0
GLENELG,2009,190.0
GREATER GEELONG,2009,260.0
MOYNE,2009,250.0
QUEENSCLIFFE,2009,270.0
SOUTHERN GRAMPIANS,2009,200.0
SURF COAST,2009,330.0
WARRNAMBOOL,2009,260.0
ARARAT,2009,170.0
BALLARAT,2009,230.0
GOLDEN PLAINS,2009,250.0
HEPBURN,2009,225.0
HINDMARSH,2009,148.0
HORSHAM,2009,180.0
MOORABOOL,2009,250.0
NORTHERN GRAMPIANS,2009,155.0
PYRENEES,2009,170.0
WEST WIMMERA,2009,150.0
YARRIAMBIACK,2009,140.0
BULOKE,2009,145.0
CAMPASPE,2009,200.0
CENTRAL GOLDFIELDS,2009,170.0
GANNAWARRA,2009,150.0
GREATER BENDIGO,2009,230.0
LODDON,2009,130.0
MACEDON RANGES,2009,280.0
MILDURA,2009,200.0
MOUNT ALEXANDER,2009,220.0
SWAN HILL,2009,190.0
ALPINE,2009,200.0
BENALLA,2009,200.0
GREATER SHEPPARTON,2009,220.0
INDIGO,2009,230.0
MANSFIELD,2009,200.0
MITCHELL,2009,240.0
MOIRA,2009,190.0
MURRINDINDI,2009,213.0
STRATHBOGIE,2009,190.0
TOWONG,2009,175.0
WANGARATTA,2009,210.0
WODONGA,2009,240.0
BASS COAST,2009,240.0
BAW BAW,2009,235.0
EAST GIPPSLAND,2009,215.0
LATROBE,2009,180.0
SOUTH GIPPSLAND,2009,200.0
WELLINGTON,2009,200.0
BANYULE,2009,320.0
BRIMBANK,2009,280.0
DAREBIN,2009,300.0
HOBSONS BAY,2009,300.0
HUME,2009,300.0
MARIBYRNONG,2009,300.0
MELBOURNE,2009,425.0
MELTON,2009,275.0
MERRI-BEK,2009,320.0
MOONEE VALLEY,2009,330.0
NILLUMBIK,2009,360.0
WHITTLESEA,2009,300.0
WYNDHAM,2009,280.0
YARRA,2009,400.0
BOROONDARA,2009,380.0
KNOX,2009,320.0
MANNINGHAM,2009,375.0
MAROONDAH,2009,300.0
MONASH,2009,360.0
WHITEHORSE,2009,350.0
YARRA RANGES,2009,300.0
BAYSIDE,2009,450.0
CARDINIA,2009,280.0
CASEY,2009,300.0
FRANKSTON,2009,270.0
GLEN EIRA,2009,345.0
GREATER DANDENONG,2009,277.0
KINGSTON,2009,320.0
MORNINGTON PENINSULA,2009,280.0
PORT PHILLIP,2009,375.0
STONNINGTON,2009,380.0
COLAC-OTWAY,2010,220.0
CORANGAMITE,2010,202.0
GLENELG,2010,200.0
GREATER GEELONG,2010,265.0
MOYNE,2010,240.0
QUEENSCLIFFE,2010,340.0
SOUTHERN GRAMPIANS,2010,210.0
SURF COAST,2010,330.0
WARRNAMBOOL,2010,270.0
ARARAT,2010,180.0
BALLARAT,2010,230.0
GOLDEN PLAINS,2010,250.0
HEPBURN,2010,250.0
HINDMARSH,2010,145.0
HORSHAM,2010,190.0
MOORABOOL,2010,250.0
NORTHERN GRAMPIANS,2010,150.0
PYRENEES,2010,160.0
WEST WIMMERA,2010,130.0
YARRIAMBIACK,2010,140.0
BULOKE,2010,158.0
CAMPASPE,2010,190.0
CENTRAL GOLDFIELDS,2010,185.0
GANNAWARRA,2010,160.0
GREATER BENDIGO,2010,240.0
LODDON,2010,150.0
MACEDON RANGES,2010,280.0
MILDURA,2010,195.0
MOUNT ALEXANDER,2010,240.0
SWAN HILL,2010,200.0
ALPINE,2010,210.0
BENALLA,2010,200.0
GREATER SHEPPARTON,2010,210.0
INDIGO,2010,200.0
MANSFIELD,2010,205.0
MITCHELL,2010,250.0
MOIRA,2010,190.0
MURRINDINDI,2010,210.0
STRATHBOGIE,2010,200.0
TOWONG,2010,160.0
WANGARATTA,2010,210.0
WODONGA,2010,240.0
BASS COAST,2010,294.0
BAW BAW,2010,225.0
EAST GIPPSLAND,2010,218.0
LATROBE,2010,185.0
SOUTH GIPPSLAND,2010,200.0
WELLINGTON,2010,210.0
BANYULE,2010,330.0
BRIMBANK,2010,290.0
DAREBIN,2010,315.0
HOBSONS BAY,2010,310.0
HUME,2010,300.0
MARIBYRNONG,2010,320.0
MELBOURNE,2010,430.0
MELTON,2010,280.0
MERRI-BEK,2010,330.0
MOONEE VALLEY,2010,339.0
NILLUMBIK,2010,368.0
WHITTLESEA,2010,320.0
WYNDHAM,2010,282.0
YARRA,2010,420.0
BOROONDARA,2010,380.0
KNOX,2010,330.0
MANNINGHAM,2010,380.0
MAROONDAH,2010,310.0
MONASH,2010,360.0
WHITEHORSE,2010,350.0
YARRA RANGES,2010,300.0
BAYSIDE,2010,480.0
CARDINIA,2010,290.0
CASEY,2010,300.0
FRANKSTON,2010,280.0
GLEN EIRA,2010,350.0
GREATER DANDENONG,2010,280.0
KINGSTON,2010,325.0
MORNINGTON PENINSULA,2010,295.0
PORT PHILLIP,2010,384.0
STONNINGTON,2010,380.0
COLAC-OTWAY,2010,210.0
CORANGAMITE,2010,200.0
GLENELG,2010,200.0
GREATER GEELONG,2010,270.0
MOYNE,2010,240.0
QUEENSCLIFFE,2010,270.0
SOUTHERN GRAMPIANS,2010,200.0
SURF COAST,2010,340.0
WARRNAMBOOL,2010,273.0
ARARAT,2010,180.0
BALLARAT,2010,235.0
GOLDEN PLAINS,2010,280.0
HEPBURN,2010,240.0
HINDMARSH,2010,160.0
HORSHAM,2010,190.0
MOORABOOL,2010,255.0
NORTHERN GRAMPIANS,2010,150.0
PYRENEES,2010,185.0
YARRIAMBIACK,2010,130.0
BULOKE,2010,145.0
CAMPASPE,2010,210.0
CENTRAL GOLDFIELDS,2010,175.0
GANNAWARRA,2010,150.0
GREATER BENDIGO,2010,240.0
LODDON,2010,147.0
MACEDON RANGES,2010,288.0
MILDURA,2010,205.0
MOUNT ALEXANDER,2010,248.0
SWAN HILL,2010,190.0
ALPINE,2010,210.0
BENALLA,2010,208.0
GREATER SHEPPARTON,2010,228.0
INDIGO,2010,230.0
MANSFIELD,2010,220.0
MITCHELL,2010,250.0
MOIRA,2010,195.0
MURRINDINDI,2010,220.0
STRATHBOGIE,2010,183.0
TOWONG,2010,170.0
WANGARATTA,2010,200.0
WODONGA,2010,240.0
BASS COAST,2010,325.0
BAW BAW,2010,240.0
EAST GIPPSLAND,2010,220.0
LATROBE,2010,185.0
SOUTH GIPPSLAND,2010,220.0
WELLINGTON,2010,200.0
BANYULE,2010,330.0
BRIMBANK,2010,290.0
DAREBIN,2010,320.0
HOBSONS BAY,2010,310.0
HUME,2010,310.0
MARIBYRNONG,2010,320.0
MELBOURNE,2010,440.0
MELTON,2010,290.0
MERRI-BEK,2010,330.0
MOONEE VALLEY,2010,330.0
NILLUMBIK,2010,363.0
WHITTLESEA,2010,320.0
WYNDHAM,2010,285.0
YARRA,2010,420.0
BOROONDARA,2010,380.0
KNOX,2010,335.0
MANNINGHAM,2010,375.0
MAROONDAH,2010,320.0
MONASH,2010,360.0
WHITEHORSE,2010,355.0
YARRA RANGES,2010,320.0
BAYSIDE,2010,450.0
CARDINIA,2010,300.0
CASEY,2010,310.0
FRANKSTON,2010,285.0
GLEN EIRA,2010,350.0
GREATER DANDENONG,2010,295.0
KINGSTON,2010,330.0
MORNINGTON PENINSULA,2010,295.0
PORT PHILLIP,2010,390.0
STONNINGTON,2010,380.0
COLAC-OTWAY,2010,220.0
CORANGAMITE,2010,200.0
GLENELG,2010,200.0
GREATER GEELONG,2010,270.0
MOYNE,2010,250.0
QUEENSCLIFFE,2010,288.0
SOUTHERN GRAMPIANS,2010,200.0
SURF COAST,2010,320.0
WARRNAMBOOL,2010,275.0
ARARAT,2010,200.0
BALLARAT,2010,240.0
GOLDEN PLAINS,2010,270.0
HEPBURN,2010,250.0
HINDMARSH,2010,150.0
HORSHAM,2010,193.0
MOORABOOL,2010,260.0
NORTHERN GRAMPIANS,2010,160.0
PYRENEES,2010,195.0
YARRIAMBIACK,2010,150.0
BULOKE,2010,145.0
CAMPASPE,2010,215.0
CENTRAL GOLDFIELDS,2010,188.0
GANNAWARRA,2010,150.0
GREATER BENDIGO,2010,250.0
LODDON,2010,155.0
MACEDON RANGES,2010,300.0
MILDURA,2010,200.0
MOUNT ALEXANDER,2010,240.0
SWAN HILL,2010,200.0
ALPINE,2010,200.0
BENALLA,2010,195.0
GREATER SHEPPARTON,2010,230.0
INDIGO,2010,230.0
MANSFIELD,2010,228.0
MITCHELL,2010,260.0
MOIRA,2010,200.0
MURRINDINDI,2010,225.0
STRATHBOGIE,2010,198.0
TOWONG,2010,200.0
WANGARATTA,2010,208.0
WODONGA,2010,250.0
BASS COAST,2010,305.0
BAW BAW,2010,240.0
EAST GIPPSLAND,2010,220.0
LATROBE,2010,190.0
SOUTH GIPPSLAND,2010,225.0
WELLINGTON,2010,200.0
BANYULE,2010,340.0
BRIMBANK,2010,295.0
DAREBIN,2010,320.0
HOBSONS BAY,2010,315.0
HUME,2010,310.0
MARIBYRNONG,2010,310.0
MELBOURNE,2010,440.0
MELTON,2010,285.0
MERRI-BEK,2010,330.0
MOONEE VALLEY,2010,340.0
NILLUMBIK,2010,365.0
WHITTLESEA,2010,320.0
WYNDHAM,2010,290.0
YARRA,2010,420.0
BOROONDARA,2010,390.0
KNOX,2010,330.0
MANNINGHAM,2010,385.0
MAROONDAH,2010,320.0
MONASH,2010,360.0
WHITEHORSE,2010,360.0
YARRA RANGES,2010,306.0
BAYSIDE,2010,460.0
CARDINIA,2010,300.0
CASEY,2010,320.0
FRANKSTON,2010,295.0
GLEN EIRA,2010,355.0
GREATER DANDENONG,2010,290.0
KINGSTON,2010,340.0
MORNINGTON PENINSULA,2010,295.0
PORT PHILLIP,2010,390.0
STONNINGTON,2010,390.0
COLAC-OTWAY,2010,210.0
CORANGAMITE,2010,195.0
GLENELG,2010,200.0
GREATER GEELONG,2010,282.0
MOYNE,2010,260.0
QUEENSCLIFFE,2010,275.0
SOUTHERN GRAMPIANS,2010,200.0
SURF COAST,2010,360.0
WARRNAMBOOL,2010,270.0
ARARAT,2010,170.0
BALLARAT,2010,240.0
GOLDEN PLAINS,2010,273.0
HEPBURN,2010,250.0
HINDMARSH,2010,145.0
HORSHAM,2010,190.0
MOORABOOL,2010,273.0
NORTHERN GRAMPIANS,2010,160.0
PYRENEES,2010,163.0
WEST WIMMERA,2010,148.0
YARRIAMBIACK,2010,140.0
BULOKE,2010,128.0
CAMPASPE,2010,200.0
CENTRAL GOLDFIELDS,2010,185.0
GANNAWARRA,2010,150.0
GREATER BENDIGO,2010,250.0
LODDON,2010,160.0
MACEDON RANGES,2010,310.0
MILDURA,2010,200.0
MOUNT ALEXANDER,2010,260.0
SWAN HILL,2010,207.0
ALPINE,2010,190.0
BENALLA,2010,200.0
GREATER SHEPPARTON,2010,220.0
INDIGO,2010,220.0
MANSFIELD,2010,245.0
MITCHELL,2010,270.0
MOIRA,2010,200.0
MURRINDINDI,2010,225.0
STRATHBOGIE,2010,230.0
TOWONG,2010,153.0
WANGARATTA,2010,200.0
WODONGA,2010,250.0
BASS COAST,2010,310.0
BAW BAW,2010,250.0
EAST GIPPSLAND,2010,220.0
LATROBE,2010,190.0
SOUTH GIPPSLAND,2010,225.0
WELLINGTON,2010,215.0
BANYULE,2010,340.0
BRIMBANK,2010,300.0
DAREBIN,2010,325.0
HOBSONS BAY,2010,320.0
HUME,2010,310.0
MARIBYRNONG,2010,318.0
MELBOURNE,2010,440.0
MELTON,2010,290.0
MERRI-BEK,2010,340.0
MOONEE VALLEY,2010,350.0
NILLUMBIK,2010,380.0
WHITTLESEA,2010,320.0
WYNDHAM,2010,295.0
YARRA,2010,415.0
BOROONDARA,2010,390.0
KNOX,2010,340.0
MANNINGHAM,2010,380.0
MAROONDAH,2010,320.0
MONASH,2010,365.0
WHITEHORSE,2010,360.0
YARRA RANGES,2010,330.0
BAYSIDE,2010,460.0
CARDINIA,2010,300.0
CASEY,2010,320.0
FRANKSTON,2010,291.0
GLEN EIRA,2010,360.0
GREATER DANDENONG,2010,290.0
KINGSTON,2010,340.0
MORNINGTON PENINSULA,2010,310.0
PORT PHILLIP,2010,395.0
STONNINGTON,2010,390.0
COLAC-OTWAY,2011,220.0
CORANGAMITE,2011,190.0
GLENELG,2011,200.0
GREATER GEELONG,2011,290.0
MOYNE,2011,260.0
QUEENSCLIFFE,2011,315.0
SOUTHERN GRAMPIANS,2011,200.0
SURF COAST,2011,350.0
WARRNAMBOOL,2011,280.0
ARARAT,2011,200.0
BALLARAT,2011,250.0
GOLDEN PLAINS,2011,280.0
HEPBURN,2011,273.0
HINDMARSH,2011,145.0
HORSHAM,2011,195.0
MOORABOOL,2011,275.0
NORTHERN GRAMPIANS,2011,160.0
PYRENEES,2011,195.0
WEST WIMMERA,2011,140.0
YARRIAMBIACK,2011,145.0
BULOKE,2011,155.0
CAMPASPE,2011,210.0
CENTRAL GOLDFIELDS,2011,195.0
GANNAWARRA,2011,158.0
GREATER BENDIGO,2011,250.0
LODDON,2011,170.0
MACEDON RANGES,2011,313.0
MILDURA,2011,210.0
MOUNT ALEXANDER,2011,250.0
SWAN HILL,2011,200.0
ALPINE,2011,230.0
BENALLA,2011,200.0
GREATER SHEPPARTON,2011,230.0
INDIGO,2011,240.0
MANSFIELD,2011,230.0
MITCHELL,2011,270.0
MOIRA,2011,200.0
MURRINDINDI,2011,233.0
STRATHBOGIE,2011,220.0
TOWONG,2011,180.0
WANGARATTA,2011,210.0
WODONGA,2011,250.0
BASS COAST,2011,325.0
BAW BAW,2011,250.0
EAST GIPPSLAND,2011,230.0
LATROBE,2011,200.0
SOUTH GIPPSLAND,2011,230.0
WELLINGTON,2011,213.0
BANYULE,2011,340.0
BRIMBANK,2011,300.0
DAREBIN,2011,324.0
HOBSONS BAY,2011,320.0
HUME,2011,320.0
MARIBYRNONG,2011,320.0
MELBOURNE,2011,450.0
MELTON,2011,290.0
MERRI-BEK,2011,345.0
MOONEE VALLEY,2011,350.0
NILLUMBIK,2011,370.0
WHITTLESEA,2011,325.0
WYNDHAM,2011,300.0
YARRA,2011,430.0
BOROONDARA,2011,395.0
KNOX,2011,340.0
MANNINGHAM,2011,390.0
MAROONDAH,2011,320.0
MONASH,2011,370.0
WHITEHORSE,2011,370.0
YARRA RANGES,2011,330.0
BAYSIDE,2011,480.0
CARDINIA,2011,310.0
CASEY,2011,320.0
FRANKSTON,2011,291.0
GLEN EIRA,2011,365.0
GREATER DANDENONG,2011,290.0
KINGSTON,2011,345.0
MORNINGTON PENINSULA,2011,320.0
PORT PHILLIP,2011,410.0
STONNINGTON,2011,385.0
COLAC-OTWAY,2011,223.0
CORANGAMITE,2011,200.0
GLENELG,2011,200.0
GREATER GEELONG,2011,290.0
MOYNE,2011,250.0
QUEENSCLIFFE,2011,320.0
SOUTHERN GRAMPIANS,2011,220.0
SURF COAST,2011,350.0
WARRNAMBOOL,2011,280.0
ARARAT,2011,213.0
BALLARAT,2011,250.0
GOLDEN PLAINS,2011,300.0
HEPBURN,2011,270.0
HINDMARSH,2011,150.0
HORSHAM,2011,220.0
MOORABOOL,2011,285.0
NORTHERN GRAMPIANS,2011,165.0
PYRENEES,2011,200.0
WEST WIMMERA,2011,150.0
YARRIAMBIACK,2011,145.0
BULOKE,2011,150.0
CAMPASPE,2011,210.0
CENTRAL GOLDFIELDS,2011,200.0
GANNAWARRA,2011,165.0
GREATER BENDIGO,2011,260.0
LODDON,2011,165.0
MACEDON RANGES,2011,333.0
MILDURA,2011,200.0
MOUNT ALEXANDER,2011,270.0
SWAN HILL,2011,200.0
ALPINE,2011,220.0
BENALLA,2011,220.0
GREATER SHEPPARTON,2011,230.0
INDIGO,2011,248.0
MANSFIELD,2011,240.0
MITCHELL,2011,280.0
MOIRA,2011,200.0
MURRINDINDI,2011,250.0
STRATHBOGIE,2011,220.0
TOWONG,2011,175.0
WANGARATTA,2011,220.0
WODONGA,2011,250.0
BASS COAST,2011,350.0
BAW BAW,2011,260.0
EAST GIPPSLAND,2011,240.0
LATROBE,2011,200.0
SOUTH GIPPSLAND,2011,240.0
WELLINGTON,2011,220.0
BANYULE,2011,350.0
BRIMBANK,2011,295.0
DAREBIN,2011,325.0
HOBSONS BAY,2011,320.0
HUME,2011,320.0
MARIBYRNONG,2011,320.0
MELBOURNE,2011,450.0
MELTON,2011,293.0
MERRI-BEK,2011,350.0
MOONEE VALLEY,2011,350.0
NILLUMBIK,2011,380.0
WHITTLESEA,2011,330.0
WYNDHAM,2011,295.0
YARRA,2011,440.0
BOROONDARA,2011,400.0
KNOX,2011,350.0
MANNINGHAM,2011,400.0
MAROONDAH,2011,330.0
MONASH,2011,370.0
WHITEHORSE,2011,370.0
YARRA RANGES,2011,330.0
BAYSIDE,2011,495.0
CARDINIA,2011,310.0
CASEY,2011,320.0
FRANKSTON,2011,300.0
GLEN EIRA,2011,360.0
GREATER DANDENONG,2011,295.0
KINGSTON,2011,350.0
MORNINGTON PENINSULA,2011,310.0
PORT PHILLIP,2011,400.0
STONNINGTON,2011,395.0
COLAC-OTWAY,2011,230.0
CORANGAMITE,2011,205.0
GLENELG,2011,210.0
GREATER GEELONG,2011,290.0
MOYNE,2011,260.0
QUEENSCLIFFE,2011,270.0
SOUTHERN GRAMPIANS,2011,220.0
SURF COAST,2011,340.0
WARRNAMBOOL,2011,280.0
ARARAT,2011,220.0
BALLARAT,2011,250.0
GOLDEN PLAINS,2011,308.0
HEPBURN,2011,250.0
HINDMARSH,2011,143.0
HORSHAM,2011,200.0
MOORABOOL,2011,280.0
NORTHERN GRAMPIANS,2011,165.0
PYRENEES,2011,210.0
WEST WIMMERA,2011,150.0
YARRIAMBIACK,2011,140.0
BULOKE,2011,160.0
CAMPASPE,2011,220.0
CENTRAL GOLDFIELDS,2011,205.0
GANNAWARRA,2011,155.0
GREATER BENDIGO,2011,268.0
LODDON,2011,160.0
MACEDON RANGES,2011,330.0
MILDURA,2011,230.0
MOUNT ALEXANDER,2011,275.0
SWAN HILL,2011,200.0
ALPINE,2011,220.0
BENALLA,2011,210.0
GREATER SHEPPARTON,2011,230.0
INDIGO,2011,230.0
MANSFIELD,2011,245.0
MITCHELL,2011,285.0
MOIRA,2011,210.0
MURRINDINDI,2011,230.0
STRATHBOGIE,2011,220.0
TOWONG,2011,180.0
WANGARATTA,2011,220.0
WODONGA,2011,250.0
BASS COAST,2011,330.0
BAW BAW,2011,265.0
EAST GIPPSLAND,2011,240.0
LATROBE,2011,200.0
SOUTH GIPPSLAND,2011,240.0
WELLINGTON,2011,228.0
BANYULE,2011,345.0
BRIMBANK,2011,300.0
DAREBIN,2011,330.0
HOBSONS BAY,2011,320.0
HUME,2011,320.0
MARIBYRNONG,2011,325.0
MELBOURNE,2011,450.0
MELTON,2011,295.0
MERRI-BEK,2011,350.0
MOONEE VALLEY,2011,350.0
NILLUMBIK,2011,367.0
WHITTLESEA,2011,323.0
WYNDHAM,2011,300.0
YARRA,2011,460.0
BOROONDARA,2011,400.0
KNOX,2011,349.0
MANNINGHAM,2011,395.0
MAROONDAH,2011,330.0
MONASH,2011,375.0
WHITEHORSE,2011,370.0
YARRA RANGES,2011,330.0
BAYSIDE,2011,490.0
CARDINIA,2011,310.0
CASEY,2011,325.0
FRANKSTON,2011,300.0
GLEN EIRA,2011,370.0
GREATER DANDENONG,2011,300.0
KINGSTON,2011,350.0
MORNINGTON PENINSULA,2011,300.0
PORT PHILLIP,2011,400.0
STONNINGTON,2011,400.0
COLAC-OTWAY,2011,230.0
CORANGAMITE,2011,200.0
GLENELG,2011,210.0
GREATER GEELONG,2011,295.0
MOYNE,2011,270.0
QUEENSCLIFFE,2011,350.0
SOUTHERN GRAMPIANS,2011,230.0
SURF COAST,2011,400.0
WARRNAMBOOL,2011,290.0
ARARAT,2011,210.0
BALLARAT,2011,260.0
GOLDEN PLAINS,2011,320.0
HEPBURN,2011,273.0
HINDMARSH,2011,140.0
HORSHAM,2011,210.0
MOORABOOL,2011,280.0
NORTHERN GRAMPIANS,2011,163.0
PYRENEES,2011,190.0
WEST WIMMERA,2011,150.0
YARRIAMBIACK,2011,150.0
BULOKE,2011,150.0
CAMPASPE,2011,225.0
CENTRAL GOLDFIELDS,2011,220.0
GANNAWARRA,2011,150.0
GREATER BENDIGO,2011,270.0
LODDON,2011,158.0
MACEDON RANGES,2011,320.0
MILDURA,2011,220.0
MOUNT ALEXANDER,2011,270.0
SWAN HILL,2011,200.0
ALPINE,2011,223.0
BENALLA,2011,220.0
GREATER SHEPPARTON,2011,240.0
INDIGO,2011,250.0
MANSFIELD,2011,250.0
MITCHELL,2011,280.0
MOIRA,2011,220.0
MURRINDINDI,2011,235.0
STRATHBOGIE,2011,225.0
TOWONG,2011,180.0
WANGARATTA,2011,220.0
WODONGA,2011,260.0
BASS COAST,2011,340.0
BAW BAW,2011,260.0
EAST GIPPSLAND,2011,235.0
LATROBE,2011,200.0
SOUTH GIPPSLAND,2011,240.0
WELLINGTON,2011,225.0
BANYULE,2011,350.0
BRIMBANK,2011,300.0
DAREBIN,2011,330.0
HOBSONS BAY,2011,320.0
HUME,2011,320.0
MARIBYRNONG,2011,322.0
MELBOURNE,2011,450.0
MELTON,2011,300.0
MERRI-BEK,2011,340.0
MOONEE VALLEY,2011,350.0
NILLUMBIK,2011,360.0
WHITTLESEA,2011,330.0
WYNDHAM,2011,300.0
YARRA,2011,440.0
BOROONDARA,2011,400.0
KNOX,2011,340.0
MANNINGHAM,2011,400.0
MAROONDAH,2011,330.0
MONASH,2011,380.0
WHITEHORSE,2011,375.0
YARRA RANGES,2011,330.0
BAYSIDE,2011,485.0
CARDINIA,2011,310.0
CASEY,2011,325.0
FRANKSTON,2011,300.0
GLEN EIRA,2011,370.0
GREATER DANDENONG,2011,300.0
KINGSTON,2011,350.0
MORNINGTON PENINSULA,2011,310.0
PORT PHILLIP,2011,410.0
STONNINGTON,2011,400.0
COLAC-OTWAY,2012,225.0
CORANGAMITE,2012,210.0
GLENELG,2012,230.0
GREATER GEELONG,2012,300.0
MOYNE,2012,250.0
QUEENSCLIFFE,2012,340.0
SOUTHERN GRAMPIANS,2012,220.0
SURF COAST,2012,365.0
WARRNAMBOOL,2012,290.0
ARARAT,2012,220.0
BALLARAT,2012,260.0
GOLDEN PLAINS,2012,290.0
HEPBURN,2012,285.0
HINDMARSH,2012,155.0
HORSHAM,2012,220.0
MOORABOOL,2012,270.0
NORTHERN GRAMPIANS,2012,183.0
PYRENEES,2012,215.0
YARRIAMBIACK,2012,140.0
BULOKE,2012,150.0
CAMPASPE,2012,230.0
CENTRAL GOLDFIELDS,2012,208.0
GANNAWARRA,2012,160.0
GREATER BENDIGO,2012,270.0
LODDON,2012,173.0
MACEDON RANGES,2012,330.0
MILDURA,2012,225.0
MOUNT ALEXANDER,2012,270.0
SWAN HILL,2012,215.0
ALPINE,2012,210.0
BENALLA,2012,217.0
GREATER SHEPPARTON,2012,240.0
INDIGO,2012,245.0
MANSFIELD,2012,265.0
MITCHELL,2012,290.0
MOIRA,2012,210.0
MURRINDINDI,2012,245.0
STRATHBOGIE,2012,230.0
TOWONG,2012,190.0
WANGARATTA,2012,220.0
WODONGA,2012,265.0
BASS COAST,2012,310.0
BAW BAW,2012,265.0
EAST GIPPSLAND,2012,250.0
LATROBE,2012,200.0
SOUTH GIPPSLAND,2012,235.0
WELLINGTON,2012,220.0
BANYULE,2012,350.0
BRIMBANK,2012,300.0
DAREBIN,2012,350.0
HOBSONS BAY,2012,320.0
HUME,2012,320.0
MARIBYRNONG,2012,330.0
MELBOURNE,2012,460.0
MELTON,2012,280.0
MERRI-BEK,2012,350.0
MOONEE VALLEY,2012,360.0
NILLUMBIK,2012,360.0
WHITTLESEA,2012,320.0
WYNDHAM,2012,300.0
YARRA,2012,440.0
BOROONDARA,2012,400.0
KNOX,2012,340.0
MANNINGHAM,2012,400.0
MAROONDAH,2012,330.0
MONASH,2012,380.0
WHITEHORSE,2012,380.0
YARRA RANGES,2012,330.0
BAYSIDE,2012,500.0
CARDINIA,2012,310.0
CASEY,2012,325.0
FRANKSTON,2012,300.0
GLEN EIRA,2012,377.0
GREATER DANDENONG,2012,295.0
KINGSTON,2012,350.0
MORNINGTON PENINSULA,2012,320.0
PORT PHILLIP,2012,415.0
STONNINGTON,2012,400.0
COLAC-OTWAY,2012,230.0
CORANGAMITE,2012,200.0
GLENELG,2012,210.0
GREATER GEELONG,2012,295.0
MOYNE,2012,250.0
SOUTHERN GRAMPIANS,2012,240.0
SURF COAST,2012,368.0
WARRNAMBOOL,2012,280.0
ARARAT,2012,210.0
BALLARAT,2012,255.0
GOLDEN PLAINS,2012,300.0
HEPBURN,2012,278.0
HINDMARSH,2012,150.0
HORSHAM,2012,220.0
MOORABOOL,2012,280.0
NORTHERN GRAMPIANS,2012,183.0
PYRENEES,2012,215.0
YARRIAMBIACK,2012,145.0
BULOKE,2012,155.0
CAMPASPE,2012,223.0
CENTRAL GOLDFIELDS,2012,200.0
GANNAWARRA,2012,175.0
GREATER BENDIGO,2012,280.0
LODDON,2012,173.0
MACEDON RANGES,2012,320.0
MILDURA,2012,220.0
MOUNT ALEXANDER,2012,280.0
SWAN HILL,2012,200.0
ALPINE,2012,220.0
BENALLA,2012,225.0
GREATER SHEPPARTON,2012,245.0
INDIGO,2012,240.0
MANSFIELD,2012,255.0
MITCHELL,2012,300.0
MOIRA,2012,218.0
MURRINDINDI,2012,235.0
STRATHBOGIE,2012,220.0
TOWONG,2012,180.0
WANGARATTA,2012,225.0
WODONGA,2012,265.0
BASS COAST,2012,280.0
BAW BAW,2012,260.0
EAST GIPPSLAND,2012,243.0
LATROBE,2012,200.0
SOUTH GIPPSLAND,2012,230.0
WELLINGTON,2012,230.0
BANYULE,2012,340.0
BRIMBANK,2012,300.0
DAREBIN,2012,321.0
HOBSONS BAY,2012,325.0
HUME,2012,320.0
MARIBYRNONG,2012,340.0
MELBOURNE,2012,460.0
MELTON,2012,290.0
MERRI-BEK,2012,350.0
MOONEE VALLEY,2012,350.0
NILLUMBIK,2012,350.0
WHITTLESEA,2012,320.0
WYNDHAM,2012,300.0
YARRA,2012,435.0
BOROONDARA,2012,405.0
KNOX,2012,340.0
MANNINGHAM,2012,395.0
MAROONDAH,2012,330.0
MONASH,2012,380.0
WHITEHORSE,2012,375.0
YARRA RANGES,2012,330.0
BAYSIDE,2012,500.0
CARDINIA,2012,310.0
CASEY,2012,330.0
FRANKSTON,2012,300.0
GLEN EIRA,2012,375.0
GREATER DANDENONG,2012,300.0
KINGSTON,2012,350.0
MORNINGTON PENINSULA,2012,320.0
PORT PHILLIP,2012,420.0
STONNINGTON,2012,410.0
COLAC-OTWAY,2012,240.0
CORANGAMITE,2012,200.0
GLENELG,2012,210.0
GREATER GEELONG,2012,300.0
MOYNE,2012,240.0
QUEENSCLIFFE,2012,320.0
SOUTHERN GRAMPIANS,2012,220.0
SURF COAST,2012,360.0
WARRNAMBOOL,2012,270.0
ARARAT,2012,210.0
BALLARAT,2012,260.0
GOLDEN PLAINS,2012,330.0
HEPBURN,2012,278.0
HINDMARSH,2012,140.0
HORSHAM,2012,230.0
MOORABOOL,2012,290.0
NORTHERN GRAMPIANS,2012,170.0
PYRENEES,2012,200.0
YARRIAMBIACK,2012,150.0
BULOKE,2012,160.0
CAMPASPE,2012,220.0
CENTRAL GOLDFIELDS,2012,200.0
GANNAWARRA,2012,170.0
GREATER BENDIGO,2012,280.0
LODDON,2012,163.0
MACEDON RANGES,2012,350.0
MILDURA,2012,225.0
MOUNT ALEXANDER,2012,290.0
SWAN HILL,2012,205.0
ALPINE,2012,240.0
BENALLA,2012,210.0
GREATER SHEPPARTON,2012,240.0
INDIGO,2012,215.0
MANSFIELD,2012,250.0
MITCHELL,2012,290.0
MOIRA,2012,228.0
MURRINDINDI,2012,250.0
STRATHBOGIE,2012,240.0
TOWONG,2012,190.0
WANGARATTA,2012,220.0
WODONGA,2012,260.0
BASS COAST,2012,260.0
BAW BAW,2012,270.0
EAST GIPPSLAND,2012,240.0
LATROBE,2012,210.0
SOUTH GIPPSLAND,2012,240.0
WELLINGTON,2012,230.0
BANYULE,2012,350.0
BRIMBANK,2012,300.0
DAREBIN,2012,330.0
HOBSONS BAY,2012,333.0
HUME,2012,320.0
MARIBYRNONG,2012,330.0
MELBOURNE,2012,450.0
MELTON,2012,290.0
MERRI-BEK,2012,350.0
MOONEE VALLEY,2012,350.0
NILLUMBIK,2012,350.0
WHITTLESEA,2012,325.0
WYNDHAM,2012,300.0
YARRA,2012,450.0
BOROONDARA,2012,400.0
KNOX,2012,350.0
MANNINGHAM,2012,395.0
MAROONDAH,2012,330.0
MONASH,2012,380.0
WHITEHORSE,2012,370.0
YARRA RANGES,2012,335.0
BAYSIDE,2012,500.0
CARDINIA,2012,310.0
CASEY,2012,330.0
FRANKSTON,2012,300.0
GLEN EIRA,2012,360.0
GREATER DANDENONG,2012,290.0
KINGSTON,2012,350.0
MORNINGTON PENINSULA,2012,315.0
PORT PHILLIP,2012,410.0
STONNINGTON,2012,400.0
COLAC-OTWAY,2012,248.0
CORANGAMITE,2012,215.0
GLENELG,2012,220.0
GREATER GEELONG,2012,300.0
MOYNE,2012,250.0
QUEENSCLIFFE,2012,310.0
SOUTHERN GRAMPIANS,2012,210.0
SURF COAST,2012,380.0
WARRNAMBOOL,2012,275.0
ARARAT,2012,220.0
BALLARAT,2012,265.0
GOLDEN PLAINS,2012,330.0
HEPBURN,2012,280.0
HINDMARSH,2012,168.0
HORSHAM,2012,222.0
MOORABOOL,2012,299.0
NORTHERN GRAMPIANS,2012,180.0
PYRENEES,2012,200.0
WEST WIMMERA,2012,145.0
YARRIAMBIACK,2012,168.0
BULOKE,2012,170.0
CAMPASPE,2012,225.0
CENTRAL GOLDFIELDS,2012,225.0
GANNAWARRA,2012,160.0
GREATER BENDIGO,2012,280.0
LODDON,2012,180.0
MACEDON RANGES,2012,320.0
MILDURA,2012,230.0
MOUNT ALEXANDER,2012,283.0
SWAN HILL,2012,215.0
ALPINE,2012,228.0
BENALLA,2012,210.0
GREATER SHEPPARTON,2012,240.0
INDIGO,2012,238.0
MANSFIELD,2012,258.0
MITCHELL,2012,285.0
MOIRA,2012,223.0
MURRINDINDI,2012,245.0
STRATHBOGIE,2012,230.0
TOWONG,2012,188.0
WANGARATTA,2012,240.0
WODONGA,2012,270.0
BASS COAST,2012,250.0
BAW BAW,2012,278.0
EAST GIPPSLAND,2012,250.0
LATROBE,2012,200.0
SOUTH GIPPSLAND,2012,240.0
WELLINGTON,2012,230.0
BANYULE,2012,350.0
BRIMBANK,2012,300.0
DAREBIN,2012,330.0
HOBSONS BAY,2012,330.0
HUME,2012,320.0
MARIBYRNONG,2012,330.0
MELBOURNE,2012,450.0
MELTON,2012,300.0
MERRI-BEK,2012,350.0
MOONEE VALLEY,2012,350.0
NILLUMBIK,2012,350.0
WHITTLESEA,2012,320.0
WYNDHAM,2012,300.0
YARRA,2012,450.0
BOROONDARA,2012,410.0
KNOX,2012,350.0
MANNINGHAM,2012,410.0
MAROONDAH,2012,330.0
MONASH,2012,375.0
WHITEHORSE,2012,370.0
YARRA RANGES,2012,330.0
BAYSIDE,2012,480.0
CARDINIA,2012,310.0
CASEY,2012,320.0
FRANKSTON,2012,305.0
GLEN EIRA,2012,370.0
GREATER DANDENONG,2012,300.0
KINGSTON,2012,360.0
MORNINGTON PENINSULA,2012,320.0
PORT PHILLIP,2012,420.0
STONNINGTON,2012,400.0
COLAC-OTWAY,2013,240.0
CORANGAMITE,2013,220.0
GLENELG,2013,230.0
GREATER GEELONG,2013,300.0
MOYNE,2013,278.0
QUEENSCLIFFE,2013,360.0
SOUTHERN GRAMPIANS,2013,220.0
SURF COAST,2013,370.0
WARRNAMBOOL,2013,290.0
ARARAT,2013,225.0
BALLARAT,2013,260.0
GOLDEN PLAINS,2013,288.0
HEPBURN,2013,285.0
HINDMARSH,2013,155.0
HORSHAM,2013,230.0
MOORABOOL,2013,280.0
NORTHERN GRAMPIANS,2013,185.0
PYRENEES,2013,250.0
YARRIAMBIACK,2013,150.0
BULOKE,2013,170.0
CAMPASPE,2013,230.0
CENTRAL GOLDFIELDS,2013,220.0
GANNAWARRA,2013,163.0
GREATER BENDIGO,2013,280.0
LODDON,2013,178.0
MACEDON RANGES,2013,341.0
MILDURA,2013,232.0
MOUNT ALEXANDER,2013,300.0
SWAN HILL,2013,220.0
ALPINE,2013,250.0
BENALLA,2013,220.0
GREATER SHEPPARTON,2013,250.0
INDIGO,2013,250.0
MANSFIELD,2013,278.0
MITCHELL,2013,290.0
MOIRA,2013,225.0
MURRINDINDI,2013,240.0
STRATHBOGIE,2013,240.0
TOWONG,2013,190.0
WANGARATTA,2013,240.0
WODONGA,2013,270.0
BASS COAST,2013,250.0
BAW BAW,2013,270.0
EAST GIPPSLAND,2013,250.0
LATROBE,2013,220.0
SOUTH GIPPSLAND,2013,235.0
WELLINGTON,2013,240.0
BANYULE,2013,350.0
BRIMBANK,2013,300.0
DAREBIN,2013,345.0
HOBSONS BAY,2013,340.0
HUME,2013,315.0
MARIBYRNONG,2013,340.0
MELBOURNE,2013,465.0
MELTON,2013,300.0
MERRI-BEK,2013,350.0
MOONEE VALLEY,2013,353.0
NILLUMBIK,2013,350.0
WHITTLESEA,2013,320.0
WYNDHAM,2013,300.0
YARRA,2013,460.0
BOROONDARA,2013,400.0
KNOX,2013,350.0
MANNINGHAM,2013,410.0
MAROONDAH,2013,330.0
MONASH,2013,380.0
WHITEHORSE,2013,375.0
YARRA RANGES,2013,330.0
BAYSIDE,2013,483.0
CARDINIA,2013,303.0
CASEY,2013,330.0
FRANKSTON,2013,300.0
GLEN EIRA,2013,380.0
GREATER DANDENONG,2013,300.0
KINGSTON,2013,350.0
MORNINGTON PENINSULA,2013,320.0
PORT PHILLIP,2013,415.0
STONNINGTON,2013,400.0
COLAC-OTWAY,2013,250.0
CORANGAMITE,2013,200.0
GLENELG,2013,220.0
GREATER GEELONG,2013,295.0
MOYNE,2013,250.0
QUEENSCLIFFE,2013,388.0
SOUTHERN GRAMPIANS,2013,220.0
SURF COAST,2013,365.0
WARRNAMBOOL,2013,275.0
ARARAT,2013,250.0
BALLARAT,2013,265.0
GOLDEN PLAINS,2013,280.0
HEPBURN,2013,280.0
HINDMARSH,2013,185.0
HORSHAM,2013,235.0
MOORABOOL,2013,290.0
NORTHERN GRAMPIANS,2013,180.0
PYRENEES,2013,198.0
YARRIAMBIACK,2013,150.0
BULOKE,2013,183.0
CAMPASPE,2013,228.0
CENTRAL GOLDFIELDS,2013,225.0
GANNAWARRA,2013,160.0
GREATER BENDIGO,2013,275.0
LODDON,2013,178.0
MACEDON RANGES,2013,330.0
MILDURA,2013,230.0
MOUNT ALEXANDER,2013,295.0
SWAN HILL,2013,210.0
ALPINE,2013,225.0
BENALLA,2013,210.0
GREATER SHEPPARTON,2013,240.0
INDIGO,2013,240.0
MANSFIELD,2013,280.0
MITCHELL,2013,285.0
MOIRA,2013,210.0
MURRINDINDI,2013,250.0
STRATHBOGIE,2013,240.0
TOWONG,2013,185.0
WANGARATTA,2013,240.0
WODONGA,2013,270.0
BASS COAST,2013,250.0
BAW BAW,2013,270.0
EAST GIPPSLAND,2013,250.0
LATROBE,2013,215.0
SOUTH GIPPSLAND,2013,240.0
WELLINGTON,2013,230.0
BANYULE,2013,345.0
BRIMBANK,2013,300.0
DAREBIN,2013,340.0
HOBSONS BAY,2013,340.0
HUME,2013,315.0
MARIBYRNONG,2013,340.0
MELBOURNE,2013,450.0
MELTON,2013,300.0
MERRI-BEK,2013,350.0
MOONEE VALLEY,2013,350.0
NILLUMBIK,2013,345.0
WHITTLESEA,2013,325.0
WYNDHAM,2013,300.0
YARRA,2013,460.0
BOROONDARA,2013,405.0
KNOX,2013,350.0
MANNINGHAM,2013,400.0
MAROONDAH,2013,335.0
MONASH,2013,380.0
WHITEHORSE,2013,380.0
YARRA RANGES,2013,333.0
BAYSIDE,2013,495.0
CARDINIA,2013,310.0
CASEY,2013,330.0
FRANKSTON,2013,300.0
GLEN EIRA,2013,375.0
GREATER DANDENONG,2013,300.0
KINGSTON,2013,350.0
MORNINGTON PENINSULA,2013,320.0
PORT PHILLIP,2013,410.0
STONNINGTON,2013,400.0
COLAC-OTWAY,2013,240.0
CORANGAMITE,2013,213.0
GLENELG,2013,220.0
GREATER GEELONG,2013,300.0
MOYNE,2013,260.0
QUEENSCLIFFE,2013,310.0
SOUTHERN GRAMPIANS,2013,220.0
SURF COAST,2013,350.0
WARRNAMBOOL,2013,280.0
ARARAT,2013,230.0
BALLARAT,2013,260.0
GOLDEN PLAINS,2013,300.0
HEPBURN,2013,280.0
HINDMARSH,2013,155.0
HORSHAM,2013,240.0
MOORABOOL,2013,290.0
NORTHERN GRAMPIANS,2013,200.0
PYRENEES,2013,233.0
YARRIAMBIACK,2013,156.0
BULOKE,2013,173.0
CAMPASPE,2013,220.0
CENTRAL GOLDFIELDS,2013,220.0
GANNAWARRA,2013,175.0
GREATER BENDIGO,2013,280.0
LODDON,2013,193.0
MACEDON RANGES,2013,350.0
MILDURA,2013,240.0
MOUNT ALEXANDER,2013,300.0
SWAN HILL,2013,215.0
ALPINE,2013,230.0
BENALLA,2013,230.0
GREATER SHEPPARTON,2013,240.0
INDIGO,2013,250.0
MANSFIELD,2013,260.0
MITCHELL,2013,295.0
MOIRA,2013,220.0
MURRINDINDI,2013,235.0
STRATHBOGIE,2013,230.0
TOWONG,2013,220.0
WANGARATTA,2013,240.0
WODONGA,2013,275.0
BASS COAST,2013,250.0
BAW BAW,2013,260.0
EAST GIPPSLAND,2013,250.0
LATROBE,2013,210.0
SOUTH GIPPSLAND,2013,238.0
WELLINGTON,2013,230.0
BANYULE,2013,350.0
BRIMBANK,2013,310.0
DAREBIN,2013,330.0
HOBSONS BAY,2013,330.0
HUME,2013,320.0
MARIBYRNONG,2013,340.0
MELBOURNE,2013,450.0
MELTON,2013,300.0
MERRI-BEK,2013,350.0
MOONEE VALLEY,2013,350.0
NILLUMBIK,2013,350.0
WHITTLESEA,2013,325.0
WYNDHAM,2013,300.0
YARRA,2013,460.0
BOROONDARA,2013,400.0
KNOX,2013,350.0
MANNINGHAM,2013,405.0
MAROONDAH,2013,335.0
MONASH,2013,385.0
WHITEHORSE,2013,380.0
YARRA RANGES,2013,340.0
BAYSIDE,2013,475.0
CARDINIA,2013,310.0
CASEY,2013,330.0
FRANKSTON,2013,305.0
GLEN EIRA,2013,380.0
GREATER DANDENONG,2013,300.0
KINGSTON,2013,350.0
MORNINGTON PENINSULA,2013,320.0
PORT PHILLIP,2013,410.0
STONNINGTON,2013,400.0
COLAC-OTWAY,2013,250.0
CORANGAMITE,2013,210.0
GLENELG,2013,225.0
GREATER GEELONG,2013,300.0
MOYNE,2013,260.0
QUEENSCLIFFE,2013,325.0
SOUTHERN GRAMPIANS,2013,220.0
SURF COAST,2013,375.0
WARRNAMBOOL,2013,280.0
ARARAT,2013,220.0
BALLARAT,2013,260.0
GOLDEN PLAINS,2013,318.0
HEPBURN,2013,283.0
HINDMARSH,2013,168.0
HORSHAM,2013,230.0
MOORABOOL,2013,290.0
NORTHERN GRAMPIANS,2013,178.0
PYRENEES,2013,205.0
WEST WIMMERA,2013,138.0
YARRIAMBIACK,2013,145.0
BULOKE,2013,185.0
CAMPASPE,2013,245.0
CENTRAL GOLDFIELDS,2013,230.0
GANNAWARRA,2013,173.0
GREATER BENDIGO,2013,280.0
LODDON,2013,160.0
MACEDON RANGES,2013,341.0
MILDURA,2013,230.0
MOUNT ALEXANDER,2013,290.0
SWAN HILL,2013,220.0
ALPINE,2013,230.0
BENALLA,2013,225.0
GREATER SHEPPARTON,2013,250.0
INDIGO,2013,255.0
MANSFIELD,2013,280.0
MITCHELL,2013,285.0
MOIRA,2013,230.0
MURRINDINDI,2013,250.0
STRATHBOGIE,2013,220.0
TOWONG,2013,195.0
WANGARATTA,2013,238.0
WODONGA,2013,280.0
BASS COAST,2013,250.0
BAW BAW,2013,280.0
EAST GIPPSLAND,2013,250.0
LATROBE,2013,215.0
SOUTH GIPPSLAND,2013,245.0
WELLINGTON,2013,240.0
BANYULE,2013,350.0
BRIMBANK,2013,310.0
DAREBIN,2013,340.0
HOBSONS BAY,2013,330.0
HUME,2013,320.0
MARIBYRNONG,2013,350.0
MELBOURNE,2013,445.0
MELTON,2013,310.0
MERRI-BEK,2013,350.0
MOONEE VALLEY,2013,360.0
NILLUMBIK,2013,350.0
WHITTLESEA,2013,325.0
WYNDHAM,2013,310.0
YARRA,2013,450.0
BOROONDARA,2013,420.0
KNOX,2013,360.0
MANNINGHAM,2013,420.0
MAROONDAH,2013,340.0
MONASH,2013,385.0
WHITEHORSE,2013,381.0
YARRA RANGES,2013,350.0
BAYSIDE,2013,495.0
CARDINIA,2013,320.0
CASEY,2013,340.0
FRANKSTON,2013,310.0
GLEN EIRA,2013,375.0
GREATER DANDENONG,2013,305.0
KINGSTON,2013,360.0
MORNINGTON PENINSULA,2013,320.0
PORT PHILLIP,2013,420.0
STONNINGTON,2013,400.0
COLAC-OTWAY,2014,250.0
CORANGAMITE,2014,225.0
GLENELG,2014,220.0
GREATER GEELONG,2014,305.0
MOYNE,2014,260.0
QUEENSCLIFFE,2014,345.0
SOUTHERN GRAMPIANS,2014,230.0
SURF COAST,2014,390.0
WARRNAMBOOL,2014,280.0
ARARAT,2014,240.0
BALLARAT,2014,270.0
GOLDEN PLAINS,2014,320.0
HEPBURN,2014,300.0
HINDMARSH,2014,155.0
HORSHAM,2014,250.0
MOORABOOL,2014,290.0
NORTHERN GRAMPIANS,2014,180.0
PYRENEES,2014,220.0
WEST WIMMERA,2014,163.0
YARRIAMBIACK,2014,160.0
BULOKE,2014,165.0
CAMPASPE,2014,235.0
CENTRAL GOLDFIELDS,2014,220.0
GANNAWARRA,2014,170.0
GREATER BENDIGO,2014,280.0
LODDON,2014,180.0
MACEDON RANGES,2014,350.0
MILDURA,2014,250.0
MOUNT ALEXANDER,2014,300.0
SWAN HILL,2014,223.0
ALPINE,2014,250.0
BENALLA,2014,230.0
GREATER SHEPPARTON,2014,250.0
INDIGO,2014,250.0
MANSFIELD,2014,280.0
MITCHELL,2014,298.0
MOIRA,2014,220.0
MURRINDINDI,2014,261.0
STRATHBOGIE,2014,238.0
TOWONG,2014,225.0
WANGARATTA,2014,250.0
WODONGA,2014,280.0
BASS COAST,2014,250.0
BAW BAW,2014,280.0
EAST GIPPSLAND,2014,260.0
LATROBE,2014,220.0
SOUTH GIPPSLAND,2014,245.0
WELLINGTON,2014,238.0
BANYULE,2014,355.0
BRIMBANK,2014,310.0
DAREBIN,2014,350.0
HOBSONS BAY,2014,340.0
HUME,2014,325.0
MARIBYRNONG,2014,350.0
MELBOURNE,2014,450.0
MELTON,2014,310.0
MERRI-BEK,2014,350.0
MOONEE VALLEY,2014,360.0
NILLUMBIK,2014,360.0
WHITTLESEA,2014,320.0
WYNDHAM,2014,315.0
YARRA,2014,440.0
BOROONDARA,2014,400.0
KNOX,2014,350.0
MANNINGHAM,2014,420.0
MAROONDAH,2014,350.0
MONASH,2014,390.0
WHITEHORSE,2014,380.0
YARRA RANGES,2014,340.0
BAYSIDE,2014,500.0
CARDINIA,2014,320.0
CASEY,2014,330.0
FRANKSTON,2014,315.0
GLEN EIRA,2014,380.0
GREATER DANDENONG,2014,310.0
KINGSTON,2014,360.0
MORNINGTON PENINSULA,2014,335.0
PORT PHILLIP,2014,420.0
STONNINGTON,2014,400.0
COLAC-OTWAY,2014,248.0
CORANGAMITE,2014,220.0
GLENELG,2014,220.0
GREATER GEELONG,2014,300.0
MOYNE,2014,260.0
QUEENSCLIFFE,2014,375.0
SOUTHERN GRAMPIANS,2014,220.0
SURF COAST,2014,395.0
WARRNAMBOOL,2014,276.0
ARARAT,2014,230.0
BALLARAT,2014,270.0
GOLDEN PLAINS,2014,290.0
HEPBURN,2014,280.0
HINDMARSH,2014,153.0
HORSHAM,2014,230.0
MOORABOOL,2014,290.0
NORTHERN GRAMPIANS,2014,200.0
PYRENEES,2014,240.0
WEST WIMMERA,2014,140.0
YARRIAMBIACK,2014,153.0
BULOKE,2014,158.0
CAMPASPE,2014,250.0
CENTRAL GOLDFIELDS,2014,220.0
GANNAWARRA,2014,180.0
GREATER BENDIGO,2014,280.0
LODDON,2014,180.0
MACEDON RANGES,2014,330.0
MILDURA,2014,250.0
MOUNT ALEXANDER,2014,300.0
SWAN HILL,2014,215.0
ALPINE,2014,250.0
BENALLA,2014,230.0
GREATER SHEPPARTON,2014,260.0
INDIGO,2014,250.0
MANSFIELD,2014,280.0
MITCHELL,2014,295.0
MOIRA,2014,240.0
MURRINDINDI,2014,250.0
STRATHBOGIE,2014,260.0
TOWONG,2014,220.0
WANGARATTA,2014,260.0
WODONGA,2014,280.0
BASS COAST,2014,260.0
BAW BAW,2014,275.0
EAST GIPPSLAND,2014,260.0
LATROBE,2014,215.0
SOUTH GIPPSLAND,2014,250.0
WELLINGTON,2014,250.0
BANYULE,2014,350.0
BRIMBANK,2014,310.0
DAREBIN,2014,350.0
HOBSONS BAY,2014,350.0
HUME,2014,320.0
MARIBYRNONG,2014,340.0
MELBOURNE,2014,450.0
MELTON,2014,310.0
MERRI-BEK,2014,360.0
MOONEE VALLEY,2014,350.0
NILLUMBIK,2014,370.0
WHITTLESEA,2014,330.0
WYNDHAM,2014,315.0
YARRA,2014,450.0
BOROONDARA,2014,400.0
KNOX,2014,360.0
MANNINGHAM,2014,425.0
MAROONDAH,2014,350.0
MONASH,2014,390.0
WHITEHORSE,2014,385.0
YARRA RANGES,2014,340.0
BAYSIDE,2014,493.0
CARDINIA,2014,310.0
CASEY,2014,340.0
FRANKSTON,2014,310.0
GLEN EIRA,2014,380.0
GREATER DANDENONG,2014,315.0
KINGSTON,2014,370.0
MORNINGTON PENINSULA,2014,335.0
PORT PHILLIP,2014,400.0
STONNINGTON,2014,400.0
COLAC-OTWAY,2014,250.0
CORANGAMITE,2014,210.0
GLENELG,2014,220.0
GREATER GEELONG,2014,300.0
MOYNE,2014,280.0
QUEENSCLIFFE,2014,315.0
SOUTHERN GRAMPIANS,2014,230.0
SURF COAST,2014,375.0
WARRNAMBOOL,2014,280.0
ARARAT,2014,230.0
BALLARAT,2014,270.0
GOLDEN PLAINS,2014,325.0
HEPBURN,2014,295.0
HINDMARSH,2014,165.0
HORSHAM,2014,250.0
MOORABOOL,2014,300.0
NORTHERN GRAMPIANS,2014,200.0
PYRENEES,2014,220.0
WEST WIMMERA,2014,153.0
YARRIAMBIACK,2014,165.0
BULOKE,2014,180.0
CAMPASPE,2014,230.0
CENTRAL GOLDFIELDS,2014,225.0
GANNAWARRA,2014,180.0
GREATER BENDIGO,2014,280.0
LODDON,2014,175.0
MACEDON RANGES,2014,350.0
MILDURA,2014,250.0
MOUNT ALEXANDER,2014,300.0
SWAN HILL,2014,220.0
ALPINE,2014,240.0
BENALLA,2014,228.0
GREATER SHEPPARTON,2014,250.0
INDIGO,2014,260.0
MANSFIELD,2014,293.0
MITCHELL,2014,290.0
MOIRA,2014,230.0
MURRINDINDI,2014,250.0
STRATHBOGIE,2014,230.0
TOWONG,2014,190.0
WANGARATTA,2014,245.0
WODONGA,2014,285.0
BASS COAST,2014,260.0
BAW BAW,2014,280.0
EAST GIPPSLAND,2014,260.0
LATROBE,2014,230.0
SOUTH GIPPSLAND,2014,240.0
WELLINGTON,2014,250.0
BANYULE,2014,360.0
BRIMBANK,2014,320.0
DAREBIN,2014,350.0
HOBSONS BAY,2014,350.0
HUME,2014,330.0
MARIBYRNONG,2014,340.0
MELBOURNE,2014,450.0
MELTON,2014,320.0
MERRI-BEK,2014,350.0
MOONEE VALLEY,2014,364.0
NILLUMBIK,2014,360.0
WHITTLESEA,2014,330.0
WYNDHAM,2014,320.0
YARRA,2014,440.0
BOROONDARA,2014,400.0
KNOX,2014,360.0
MANNINGHAM,2014,428.0
MAROONDAH,2014,350.0
MONASH,2014,395.0
WHITEHORSE,2014,395.0
YARRA RANGES,2014,350.0
BAYSIDE,2014,514.0
CARDINIA,2014,320.0
CASEY,2014,340.0
FRANKSTON,2014,310.0
GLEN EIRA,2014,390.0
GREATER DANDENONG,2014,310.0
KINGSTON,2014,370.0
MORNINGTON PENINSULA,2014,330.0
PORT PHILLIP,2014,415.0
STONNINGTON,2014,410.0
COLAC-OTWAY,2014,258.0
CORANGAMITE,2014,230.0
GLENELG,2014,220.0
GREATER GEELONG,2014,310.0
MOYNE,2014,270.0
QUEENSCLIFFE,2014,275.0
SOUTHERN GRAMPIANS,2014,230.0
SURF COAST,2014,400.0
WARRNAMBOOL,2014,280.0
ARARAT,2014,240.0
BALLARAT,2014,270.0
GOLDEN PLAINS,2014,330.0
HEPBURN,2014,300.0
HINDMARSH,2014,180.0
HORSHAM,2014,250.0
MOORABOOL,2014,300.0
NORTHERN GRAMPIANS,2014,190.0
PYRENEES,2014,250.0
WEST WIMMERA,2014,155.0
YARRIAMBIACK,2014,160.0
BULOKE,2014,175.0
CAMPASPE,2014,250.0
CENTRAL GOLDFIELDS,2014,228.0
GANNAWARRA,2014,180.0
GREATER BENDIGO,2014,280.0
LODDON,2014,200.0
MACEDON RANGES,2014,350.0
MILDURA,2014,245.0
MOUNT ALEXANDER,2014,295.0
SWAN HILL,2014,230.0
ALPINE,2014,260.0
BENALLA,2014,220.0
GREATER SHEPPARTON,2014,265.0
INDIGO,2014,270.0
MANSFIELD,2014,280.0
MITCHELL,2014,290.0
MOIRA,2014,238.0
MURRINDINDI,2014,270.0
STRATHBOGIE,2014,250.0
TOWONG,2014,210.0
WANGARATTA,2014,240.0
WODONGA,2014,290.0
BASS COAST,2014,260.0
BAW BAW,2014,290.0
EAST GIPPSLAND,2014,260.0
LATROBE,2014,220.0
SOUTH GIPPSLAND,2014,250.0
WELLINGTON,2014,250.0
BANYULE,2014,360.0
BRIMBANK,2014,320.0
DAREBIN,2014,350.0
HOBSONS BAY,2014,350.0
HUME,2014,330.0
MARIBYRNONG,2014,344.0
MELBOURNE,2014,450.0
MELTON,2014,320.0
MERRI-BEK,2014,360.0
MOONEE VALLEY,2014,370.0
NILLUMBIK,2014,360.0
WHITTLESEA,2014,330.0
WYNDHAM,2014,320.0
YARRA,2014,450.0
BOROONDARA,2014,420.0
KNOX,2014,360.0
MANNINGHAM,2014,430.0
MAROONDAH,2014,350.0
MONASH,2014,399.0
WHITEHORSE,2014,395.0
YARRA RANGES,2014,350.0
BAYSIDE,2014,515.0
CARDINIA,2014,320.0
CASEY,2014,350.0
FRANKSTON,2014,320.0
GLEN EIRA,2014,385.0
GREATER DANDENONG,2014,320.0
KINGSTON,2014,370.0
MORNINGTON PENINSULA,2014,335.0
PORT PHILLIP,2014,420.0
STONNINGTON,2014,420.0
COLAC-OTWAY,2015,250.0
CORANGAMITE,2015,220.0
GLENELG,2015,230.0
GREATER GEELONG,2015,310.0
MOYNE,2015,270.0
QUEENSCLIFFE,2015,300.0
SOUTHERN GRAMPIANS,2015,220.0
SURF COAST,2015,400.0
WARRNAMBOOL,2015,290.0
ARARAT,2015,240.0
BALLARAT,2015,270.0
GOLDEN PLAINS,2015,305.0
HEPBURN,2015,295.0
HINDMARSH,2015,160.0
HORSHAM,2015,250.0
MOORABOOL,2015,298.0
NORTHERN GRAMPIANS,2015,190.0
PYRENEES,2015,230.0
WEST WIMMERA,2015,170.0
YARRIAMBIACK,2015,163.0
BULOKE,2015,178.0
CAMPASPE,2015,250.0
CENTRAL GOLDFIELDS,2015,233.0
GANNAWARRA,2015,200.0
GREATER BENDIGO,2015,287.0
LODDON,2015,170.0
MACEDON RANGES,2015,350.0
MILDURA,2015,255.0
MOUNT ALEXANDER,2015,310.0
SWAN HILL,2015,225.0
ALPINE,2015,240.0
BENALLA,2015,238.0
GREATER SHEPPARTON,2015,260.0
INDIGO,2015,260.0
MANSFIELD,2015,263.0
MITCHELL,2015,290.0
MOIRA,2015,248.0
MURRINDINDI,2015,250.0
STRATHBOGIE,2015,235.0
TOWONG,2015,213.0
WANGARATTA,2015,260.0
WODONGA,2015,285.0
BASS COAST,2015,265.0
BAW BAW,2015,290.0
EAST GIPPSLAND,2015,260.0
LATROBE,2015,240.0
SOUTH GIPPSLAND,2015,248.0
WELLINGTON,2015,265.0
BANYULE,2015,360.0
BRIMBANK,2015,320.0
DAREBIN,2015,350.0
HOBSONS BAY,2015,360.0
HUME,2015,325.0
MARIBYRNONG,2015,350.0
MELBOURNE,2015,461.0
MELTON,2015,320.0
MERRI-BEK,2015,360.0
MOONEE VALLEY,2015,370.0
NILLUMBIK,2015,370.0
WHITTLESEA,2015,330.0
WYNDHAM,2015,320.0
YARRA,2015,450.0
BOROONDARA,2015,420.0
KNOX,2015,370.0
MANNINGHAM,2015,440.0
MAROONDAH,2015,360.0
MONASH,2015,400.0
WHITEHORSE,2015,390.0
YARRA RANGES,2015,350.0
BAYSIDE,2015,480.0
CARDINIA,2015,320.0
CASEY,2015,348.0
FRANKSTON,2015,320.0
GLEN EIRA,2015,390.0
GREATER DANDENONG,2015,320.0
KINGSTON,2015,380.0
MORNINGTON PENINSULA,2015,350.0
PORT PHILLIP,2015,410.0
STONNINGTON,2015,412.0
COLAC-OTWAY,2015,260.0
CORANGAMITE,2015,230.0
GLENELG,2015,230.0
GREATER GEELONG,2015,300.0
MOYNE,2015,280.0
QUEENSCLIFFE,2015,295.0
SOUTHERN GRAMPIANS,2015,220.0
SURF COAST,2015,390.0
WARRNAMBOOL,2015,290.0
ARARAT,2015,233.0
BALLARAT,2015,265.0
GOLDEN PLAINS,2015,320.0
HEPBURN,2015,290.0
HINDMARSH,2015,163.0
HORSHAM,2015,250.0
MOORABOOL,2015,295.0
NORTHERN GRAMPIANS,2015,190.0
PYRENEES,2015,245.0
WEST WIMMERA,2015,170.0
YARRIAMBIACK,2015,160.0
BULOKE,2015,175.0
CAMPASPE,2015,243.0
CENTRAL GOLDFIELDS,2015,240.0
GANNAWARRA,2015,190.0
GREATER BENDIGO,2015,280.0
LODDON,2015,180.0
MACEDON RANGES,2015,360.0
MILDURA,2015,250.0
MOUNT ALEXANDER,2015,300.0
SWAN HILL,2015,220.0
ALPINE,2015,250.0
BENALLA,2015,220.0
GREATER SHEPPARTON,2015,260.0
INDIGO,2015,270.0
MANSFIELD,2015,290.0
MITCHELL,2015,295.0
MOIRA,2015,230.0
MURRINDINDI,2015,270.0
STRATHBOGIE,2015,238.0
TOWONG,2015,208.0
WANGARATTA,2015,250.0
WODONGA,2015,290.0
BASS COAST,2015,260.0
BAW BAW,2015,283.0
EAST GIPPSLAND,2015,270.0
LATROBE,2015,225.0
SOUTH GIPPSLAND,2015,250.0
WELLINGTON,2015,260.0
BANYULE,2015,365.0
BRIMBANK,2015,320.0
DAREBIN,2015,350.0
HOBSONS BAY,2015,350.0
HUME,2015,330.0
MARIBYRNONG,2015,350.0
MELBOURNE,2015,465.0
MELTON,2015,330.0
MERRI-BEK,2015,360.0
MOONEE VALLEY,2015,360.0
NILLUMBIK,2015,360.0
WHITTLESEA,2015,330.0
WYNDHAM,2015,325.0
YARRA,2015,443.0
BOROONDARA,2015,420.0
KNOX,2015,370.0
MANNINGHAM,2015,440.0
MAROONDAH,2015,350.0
MONASH,2015,400.0
WHITEHORSE,2015,390.0
YARRA RANGES,2015,360.0
BAYSIDE,2015,485.0
CARDINIA,2015,320.0
CASEY,2015,350.0
FRANKSTON,2015,320.0
GLEN EIRA,2015,395.0
GREATER DANDENONG,2015,310.0
KINGSTON,2015,375.0
MORNINGTON PENINSULA,2015,340.0
PORT PHILLIP,2015,425.0
STONNINGTON,2015,420.0
COLAC-OTWAY,2015,260.0
CORANGAMITE,2015,220.0
GLENELG,2015,220.0
GREATER GEELONG,2015,310.0
MOYNE,2015,280.0
QUEENSCLIFFE,2015,340.0
SOUTHERN GRAMPIANS,2015,220.0
SURF COAST,2015,395.0
WARRNAMBOOL,2015,290.0
ARARAT,2015,238.0
BALLARAT,2015,270.0
GOLDEN PLAINS,2015,330.0
HEPBURN,2015,300.0
HINDMARSH,2015,165.0
HORSHAM,2015,250.0
MOORABOOL,2015,300.0
NORTHERN GRAMPIANS,2015,200.0
PYRENEES,2015,225.0
YARRIAMBIACK,2015,160.0
BULOKE,2015,178.0
CAMPASPE,2015,260.0
CENTRAL GOLDFIELDS,2015,230.0
GANNAWARRA,2015,190.0
GREATER BENDIGO,2015,270.0
LODDON,2015,190.0
MACEDON RANGES,2015,360.0
MILDURA,2015,260.0
MOUNT ALEXANDER,2015,290.0
SWAN HILL,2015,240.0
ALPINE,2015,260.0
BENALLA,2015,230.0
GREATER SHEPPARTON,2015,250.0
INDIGO,2015,250.0
MANSFIELD,2015,300.0
MITCHELL,2015,305.0
MOIRA,2015,235.0
MURRINDINDI,2015,250.0
STRATHBOGIE,2015,240.0
TOWONG,2015,200.0
WANGARATTA,2015,250.0
WODONGA,2015,300.0
BASS COAST,2015,260.0
BAW BAW,2015,280.0
EAST GIPPSLAND,2015,265.0
LATROBE,2015,230.0
SOUTH GIPPSLAND,2015,260.0
WELLINGTON,2015,265.0
BANYULE,2015,370.0
BRIMBANK,2015,320.0
DAREBIN,2015,360.0
HOBSONS BAY,2015,370.0
HUME,2015,330.0
MARIBYRNONG,2015,350.0
MELBOURNE,2015,470.0
MELTON,2015,330.0
MERRI-BEK,2015,360.0
MOONEE VALLEY,2015,370.0
NILLUMBIK,2015,375.0
WHITTLESEA,2015,340.0
WYNDHAM,2015,335.0
YARRA,2015,450.0
BOROONDARA,2015,430.0
KNOX,2015,375.0
MANNINGHAM,2015,435.0
MAROONDAH,2015,360.0
MONASH,2015,400.0
WHITEHORSE,2015,400.0
YARRA RANGES,2015,360.0
BAYSIDE,2015,510.0
CARDINIA,2015,340.0
CASEY,2015,350.0
FRANKSTON,2015,330.0
GLEN EIRA,2015,390.0
GREATER DANDENONG,2015,325.0
KINGSTON,2015,375.0
MORNINGTON PENINSULA,2015,350.0
PORT PHILLIP,2015,423.0
STONNINGTON,2015,420.0
COLAC-OTWAY,2015,260.0
CORANGAMITE,2015,235.0
GLENELG,2015,210.0
GREATER GEELONG,2015,315.0
MOYNE,2015,280.0
QUEENSCLIFFE,2015,350.0
SOUTHERN GRAMPIANS,2015,230.0
SURF COAST,2015,410.0
WARRNAMBOOL,2015,280.0
ARARAT,2015,250.0
BALLARAT,2015,270.0
GOLDEN PLAINS,2015,320.0
HEPBURN,2015,320.0
HINDMARSH,2015,160.0
HORSHAM,2015,250.0
MOORABOOL,2015,313.0
NORTHERN GRAMPIANS,2015,215.0
PYRENEES,2015,223.0
WEST WIMMERA,2015,165.0
YARRIAMBIACK,2015,175.0
BULOKE,2015,180.0
CAMPASPE,2015,260.0
CENTRAL GOLDFIELDS,2015,230.0
GANNAWARRA,2015,190.0
GREATER BENDIGO,2015,280.0
LODDON,2015,200.0
MACEDON RANGES,2015,360.0
MILDURA,2015,250.0
MOUNT ALEXANDER,2015,300.0
SWAN HILL,2015,220.0
ALPINE,2015,250.0
BENALLA,2015,230.0
GREATER SHEPPARTON,2015,260.0
INDIGO,2015,270.0
MANSFIELD,2015,280.0
MITCHELL,2015,300.0
MOIRA,2015,235.0
MURRINDINDI,2015,263.0
STRATHBOGIE,2015,250.0
TOWONG,2015,220.0
WANGARATTA,2015,260.0
WODONGA,2015,300.0
BASS COAST,2015,253.0
BAW BAW,2015,300.0
EAST GIPPSLAND,2015,265.0
LATROBE,2015,230.0
SOUTH GIPPSLAND,2015,240.0
WELLINGTON,2015,250.0
BANYULE,2015,365.0
BRIMBANK,2015,320.0
DAREBIN,2015,360.0
HOBSONS BAY,2015,370.0
HUME,2015,340.0
MARIBYRNONG,2015,350.0
MELBOURNE,2015,450.0
MELTON,2015,335.0
MERRI-BEK,2015,370.0
MOONEE VALLEY,2015,375.0
NILLUMBIK,2015,365.0
WHITTLESEA,2015,340.0
WYNDHAM,2015,340.0
YARRA,2015,450.0
BOROONDARA,2015,420.0
KNOX,2015,375.0
MANNINGHAM,2015,450.0
MAROONDAH,2015,360.0
MONASH,2015,410.0
WHITEHORSE,2015,400.0
YARRA RANGES,2015,360.0
BAYSIDE,2015,520.0
CARDINIA,2015,340.0
CASEY,2015,350.0
FRANKSTON,2015,335.0
GLEN EIRA,2015,400.0
GREATER DANDENONG,2015,330.0
KINGSTON,2015,380.0
MORNINGTON PENINSULA,2015,350.0
PORT PHILLIP,2015,420.0
STONNINGTON,2015,420.0
COLAC-OTWAY,2016,270.0
CORANGAMITE,2016,250.0
GLENELG,2016,230.0
GREATER GEELONG,2016,320.0
MOYNE,2016,280.0
QUEENSCLIFFE,2016,335.0
SOUTHERN GRAMPIANS,2016,223.0
SURF COAST,2016,410.0
WARRNAMBOOL,2016,290.0
ARARAT,2016,240.0
BALLARAT,2016,270.0
GOLDEN PLAINS,2016,350.0
HEPBURN,2016,310.0
HINDMARSH,2016,180.0
HORSHAM,2016,250.0
MOORABOOL,2016,310.0
NORTHERN GRAMPIANS,2016,200.0
PYRENEES,2016,228.0
WEST WIMMERA,2016,155.0
YARRIAMBIACK,2016,168.0
BULOKE,2016,160.0
CAMPASPE,2016,260.0
CENTRAL GOLDFIELDS,2016,240.0
GANNAWARRA,2016,180.0
GREATER BENDIGO,2016,280.0
LODDON,2016,190.0
MACEDON RANGES,2016,360.0
MILDURA,2016,265.0
MOUNT ALEXANDER,2016,308.0
SWAN HILL,2016,240.0
ALPINE,2016,265.0
BENALLA,2016,230.0
GREATER SHEPPARTON,2016,265.0
INDIGO,2016,280.0
MANSFIELD,2016,300.0
MITCHELL,2016,300.0
MOIRA,2016,250.0
MURRINDINDI,2016,265.0
STRATHBOGIE,2016,260.0
TOWONG,2016,225.0
WANGARATTA,2016,265.0
WODONGA,2016,295.0
BASS COAST,2016,270.0
BAW BAW,2016,300.0
EAST GIPPSLAND,2016,260.0
LATROBE,2016,235.0
SOUTH GIPPSLAND,2016,250.0
WELLINGTON,2016,265.0
BANYULE,2016,370.0
BRIMBANK,2016,330.0
DAREBIN,2016,360.0
HOBSONS BAY,2016,380.0
HUME,2016,340.0
MARIBYRNONG,2016,370.0
MELBOURNE,2016,480.0
MELTON,2016,340.0
MERRI-BEK,2016,380.0
MOONEE VALLEY,2016,380.0
NILLUMBIK,2016,373.0
WHITTLESEA,2016,350.0
WYNDHAM,2016,340.0
YARRA,2016,470.0
BOROONDARA,2016,430.0
KNOX,2016,380.0
MANNINGHAM,2016,450.0
MAROONDAH,2016,370.0
MONASH,2016,420.0
WHITEHORSE,2016,400.0
YARRA RANGES,2016,360.0
BAYSIDE,2016,520.0
CARDINIA,2016,340.0
CASEY,2016,360.0
FRANKSTON,2016,335.0
GLEN EIRA,2016,400.0
GREATER DANDENONG,2016,325.0
KINGSTON,2016,390.0
MORNINGTON PENINSULA,2016,355.0
PORT PHILLIP,2016,435.0
STONNINGTON,2016,430.0
COLAC-OTWAY,2016,280.0
CORANGAMITE,2016,230.0
GLENELG,2016,220.0
GREATER GEELONG,2016,320.0
MOYNE,2016,280.0
QUEENSCLIFFE,2016,295.0
SOUTHERN GRAMPIANS,2016,220.0
SURF COAST,2016,410.0
WARRNAMBOOL,2016,280.0
ARARAT,2016,235.0
BALLARAT,2016,265.0
GOLDEN PLAINS,2016,345.0
HEPBURN,2016,320.0
HINDMARSH,2016,168.0
HORSHAM,2016,250.0
MOORABOOL,2016,310.0
NORTHERN GRAMPIANS,2016,220.0
PYRENEES,2016,240.0
YARRIAMBIACK,2016,175.0
BULOKE,2016,180.0
CAMPASPE,2016,265.0
CENTRAL GOLDFIELDS,2016,225.0
GANNAWARRA,2016,190.0
GREATER BENDIGO,2016,280.0
LODDON,2016,185.0
MACEDON RANGES,2016,360.0
MILDURA,2016,260.0
MOUNT ALEXANDER,2016,320.0
SWAN HILL,2016,250.0
ALPINE,2016,250.0
BENALLA,2016,240.0
GREATER SHEPPARTON,2016,270.0
INDIGO,2016,280.0
MANSFIELD,2016,280.0
MITCHELL,2016,300.0
MOIRA,2016,250.0
MURRINDINDI,2016,273.0
STRATHBOGIE,2016,255.0
TOWONG,2016,220.0
WANGARATTA,2016,253.0
WODONGA,2016,280.0
BASS COAST,2016,278.0
BAW BAW,2016,300.0
EAST GIPPSLAND,2016,280.0
LATROBE,2016,230.0
SOUTH GIPPSLAND,2016,245.0
WELLINGTON,2016,260.0
BANYULE,2016,375.0
BRIMBANK,2016,330.0
DAREBIN,2016,360.0
HOBSONS BAY,2016,370.0
HUME,2016,340.0
MARIBYRNONG,2016,370.0
MELBOURNE,2016,480.0
MELTON,2016,340.0
MERRI-BEK,2016,370.0
MOONEE VALLEY,2016,380.0
NILLUMBIK,2016,370.0
WHITTLESEA,2016,340.0
WYNDHAM,2016,340.0
YARRA,2016,460.0
BOROONDARA,2016,440.0
KNOX,2016,380.0
MANNINGHAM,2016,450.0
MAROONDAH,2016,365.0
MONASH,2016,410.0
WHITEHORSE,2016,400.0
YARRA RANGES,2016,370.0
BAYSIDE,2016,515.0
CARDINIA,2016,340.0
CASEY,2016,360.0
FRANKSTON,2016,330.0
GLEN EIRA,2016,400.0
GREATER DANDENONG,2016,325.0
KINGSTON,2016,380.0
MORNINGTON PENINSULA,2016,355.0
PORT PHILLIP,2016,430.0
STONNINGTON,2016,430.0
COLAC-OTWAY,2016,265.0
CORANGAMITE,2016,240.0
GLENELG,2016,220.0
GREATER GEELONG,2016,320.0
MOYNE,2016,280.0
QUEENSCLIFFE,2016,350.0
SOUTHERN GRAMPIANS,2016,240.0
SURF COAST,2016,420.0
WARRNAMBOOL,2016,290.0
ARARAT,2016,265.0
BALLARAT,2016,270.0
GOLDEN PLAINS,2016,348.0
HEPBURN,2016,308.0
HINDMARSH,2016,163.0
HORSHAM,2016,250.0
MOORABOOL,2016,308.0
NORTHERN GRAMPIANS,2016,185.0
PYRENEES,2016,240.0
WEST WIMMERA,2016,170.0
YARRIAMBIACK,2016,170.0
BULOKE,2016,180.0
CAMPASPE,2016,260.0
CENTRAL GOLDFIELDS,2016,230.0
GANNAWARRA,2016,195.0
GREATER BENDIGO,2016,280.0
LODDON,2016,198.0
MACEDON RANGES,2016,369.0
MILDURA,2016,270.0
MOUNT ALEXANDER,2016,300.0
SWAN HILL,2016,250.0
ALPINE,2016,270.0
BENALLA,2016,240.0
GREATER SHEPPARTON,2016,260.0
INDIGO,2016,270.0
MANSFIELD,2016,300.0
MITCHELL,2016,300.0
MOIRA,2016,250.0
MURRINDINDI,2016,268.0
STRATHBOGIE,2016,250.0
TOWONG,2016,230.0
WANGARATTA,2016,260.0
WODONGA,2016,295.0
BASS COAST,2016,270.0
BAW BAW,2016,300.0
EAST GIPPSLAND,2016,270.0
LATROBE,2016,230.0
SOUTH GIPPSLAND,2016,250.0
WELLINGTON,2016,260.0
BANYULE,2016,380.0
BRIMBANK,2016,340.0
DAREBIN,2016,360.0
HOBSONS BAY,2016,380.0
HUME,2016,340.0
MARIBYRNONG,2016,370.0
MELBOURNE,2016,480.0
MELTON,2016,345.0
MERRI-BEK,2016,380.0
MOONEE VALLEY,2016,385.0
NILLUMBIK,2016,370.0
WHITTLESEA,2016,340.0
WYNDHAM,2016,350.0
YARRA,2016,480.0
BOROONDARA,2016,445.0
KNOX,2016,380.0
MANNINGHAM,2016,420.0
MAROONDAH,2016,370.0
MONASH,2016,420.0
WHITEHORSE,2016,410.0
YARRA RANGES,2016,375.0
BAYSIDE,2016,500.0
CARDINIA,2016,350.0
CASEY,2016,360.0
FRANKSTON,2016,340.0
GLEN EIRA,2016,415.0
GREATER DANDENONG,2016,335.0
KINGSTON,2016,400.0
MORNINGTON PENINSULA,2016,360.0
PORT PHILLIP,2016,440.0
STONNINGTON,2016,440.0
COLAC-OTWAY,2016,260.0
CORANGAMITE,2016,245.0
GLENELG,2016,223.0
GREATER GEELONG,2016,330.0
MOYNE,2016,300.0
QUEENSCLIFFE,2016,375.0
SOUTHERN GRAMPIANS,2016,220.0
SURF COAST,2016,450.0
WARRNAMBOOL,2016,285.0
ARARAT,2016,240.0
BALLARAT,2016,280.0
GOLDEN PLAINS,2016,335.0
HEPBURN,2016,310.0
HINDMARSH,2016,180.0
HORSHAM,2016,255.0
MOORABOOL,2016,320.0
NORTHERN GRAMPIANS,2016,190.0
PYRENEES,2016,218.0
YARRIAMBIACK,2016,163.0
BULOKE,2016,165.0
CAMPASPE,2016,270.0
CENTRAL GOLDFIELDS,2016,230.0
GANNAWARRA,2016,190.0
GREATER BENDIGO,2016,288.0
LODDON,2016,175.0
MACEDON RANGES,2016,360.0
MILDURA,2016,270.0
MOUNT ALEXANDER,2016,310.0
SWAN HILL,2016,230.0
ALPINE,2016,268.0
BENALLA,2016,230.0
GREATER SHEPPARTON,2016,268.0
INDIGO,2016,280.0
MANSFIELD,2016,300.0
MITCHELL,2016,300.0
MOIRA,2016,250.0
MURRINDINDI,2016,280.0
STRATHBOGIE,2016,260.0
TOWONG,2016,230.0
WANGARATTA,2016,270.0
WODONGA,2016,300.0
BASS COAST,2016,278.0
BAW BAW,2016,300.0
EAST GIPPSLAND,2016,270.0
LATROBE,2016,240.0
SOUTH GIPPSLAND,2016,255.0
WELLINGTON,2016,255.0
BANYULE,2016,380.0
BRIMBANK,2016,340.0
DAREBIN,2016,370.0
HOBSONS BAY,2016,380.0
HUME,2016,350.0
MARIBYRNONG,2016,370.0
MELBOURNE,2016,470.0
MELTON,2016,340.0
MERRI-BEK,2016,380.0
MOONEE VALLEY,2016,380.0
NILLUMBIK,2016,375.0
WHITTLESEA,2016,350.0
WYNDHAM,2016,350.0
YARRA,2016,460.0
BOROONDARA,2016,450.0
KNOX,2016,385.0
MANNINGHAM,2016,450.0
MAROONDAH,2016,370.0
MONASH,2016,420.0
WHITEHORSE,2016,400.0
YARRA RANGES,2016,370.0
BAYSIDE,2016,530.0
CARDINIA,2016,350.0
CASEY,2016,360.0
FRANKSTON,2016,340.0
GLEN EIRA,2016,420.0
GREATER DANDENONG,2016,335.0
KINGSTON,2016,400.0
MORNINGTON PENINSULA,2016,365.0
PORT PHILLIP,2016,440.0
STONNINGTON,2016,440.0
COLAC-OTWAY,2017,280.0
CORANGAMITE,2017,240.0
GLENELG,2017,230.0
GREATER GEELONG,2017,330.0
MOYNE,2017,280.0
QUEENSCLIFFE,2017,350.0
SOUTHERN GRAMPIANS,2017,230.0
SURF COAST,2017,440.0
WARRNAMBOOL,2017,290.0
ARARAT,2017,240.0
BALLARAT,2017,280.0
GOLDEN PLAINS,2017,350.0
HEPBURN,2017,310.0
HINDMARSH,2017,185.0
HORSHAM,2017,255.0
MOORABOOL,2017,310.0
NORTHERN GRAMPIANS,2017,210.0
PYRENEES,2017,250.0
WEST WIMMERA,2017,183.0
YARRIAMBIACK,2017,180.0
BULOKE,2017,185.0
CAMPASPE,2017,260.0
CENTRAL GOLDFIELDS,2017,235.0
GANNAWARRA,2017,200.0
GREATER BENDIGO,2017,285.0
LODDON,2017,195.0
MACEDON RANGES,2017,381.0
MILDURA,2017,275.0
MOUNT ALEXANDER,2017,310.0
SWAN HILL,2017,240.0
ALPINE,2017,263.0
BENALLA,2017,240.0
GREATER SHEPPARTON,2017,270.0
INDIGO,2017,280.0
MANSFIELD,2017,300.0
MITCHELL,2017,315.0
MOIRA,2017,250.0
MURRINDINDI,2017,270.0
STRATHBOGIE,2017,260.0
TOWONG,2017,230.0
WANGARATTA,2017,265.0
WODONGA,2017,310.0
BASS COAST,2017,275.0
BAW BAW,2017,300.0
EAST GIPPSLAND,2017,275.0
LATROBE,2017,243.0
SOUTH GIPPSLAND,2017,260.0
WELLINGTON,2017,260.0
BANYULE,2017,395.0
BRIMBANK,2017,340.0
DAREBIN,2017,380.0
HOBSONS BAY,2017,390.0
HUME,2017,350.0
MARIBYRNONG,2017,380.0
MELBOURNE,2017,490.0
MELTON,2017,350.0
MERRI-BEK,2017,390.0
MOONEE VALLEY,2017,400.0
NILLUMBIK,2017,380.0
WHITTLESEA,2017,350.0
WYNDHAM,2017,360.0
YARRA,2017,490.0
BOROONDARA,2017,440.0
KNOX,2017,393.0
MANNINGHAM,2017,450.0
MAROONDAH,2017,380.0
MONASH,2017,430.0
WHITEHORSE,2017,420.0
YARRA RANGES,2017,370.0
BAYSIDE,2017,550.0
CARDINIA,2017,350.0
CASEY,2017,370.0
FRANKSTON,2017,350.0
GLEN EIRA,2017,435.0
GREATER DANDENONG,2017,340.0
KINGSTON,2017,400.0
MORNINGTON PENINSULA,2017,380.0
PORT PHILLIP,2017,450.0
STONNINGTON,2017,440.0
COLAC-OTWAY,2017,280.0
CORANGAMITE,2017,238.0
GLENELG,2017,220.0
GREATER GEELONG,2017,330.0
MOYNE,2017,283.0
QUEENSCLIFFE,2017,350.0
SOUTHERN GRAMPIANS,2017,230.0
SURF COAST,2017,430.0
WARRNAMBOOL,2017,290.0
ARARAT,2017,240.0
BALLARAT,2017,280.0
GOLDEN PLAINS,2017,350.0
HEPBURN,2017,320.0
HINDMARSH,2017,185.0
HORSHAM,2017,260.0
MOORABOOL,2017,320.0
NORTHERN GRAMPIANS,2017,200.0
PYRENEES,2017,230.0
WEST WIMMERA,2017,180.0
YARRIAMBIACK,2017,165.0
BULOKE,2017,183.0
CAMPASPE,2017,263.0
CENTRAL GOLDFIELDS,2017,240.0
GANNAWARRA,2017,200.0
GREATER BENDIGO,2017,285.0
LODDON,2017,200.0
MACEDON RANGES,2017,370.0
MILDURA,2017,270.0
MOUNT ALEXANDER,2017,310.0
SWAN HILL,2017,240.0
ALPINE,2017,290.0
BENALLA,2017,250.0
GREATER SHEPPARTON,2017,273.0
INDIGO,2017,308.0
MANSFIELD,2017,323.0
MITCHELL,2017,320.0
MOIRA,2017,240.0
MURRINDINDI,2017,275.0
STRATHBOGIE,2017,280.0
TOWONG,2017,225.0
WANGARATTA,2017,270.0
WODONGA,2017,290.0
BASS COAST,2017,275.0
BAW BAW,2017,310.0
EAST GIPPSLAND,2017,270.0
LATROBE,2017,230.0
SOUTH GIPPSLAND,2017,260.0
WELLINGTON,2017,260.0
BANYULE,2017,390.0
BRIMBANK,2017,350.0
DAREBIN,2017,380.0
HOBSONS BAY,2017,390.0
HUME,2017,360.0
MARIBYRNONG,2017,385.0
MELBOURNE,2017,500.0
MELTON,2017,350.0
MERRI-BEK,2017,400.0
MOONEE VALLEY,2017,390.0
NILLUMBIK,2017,390.0
WHITTLESEA,2017,355.0
WYNDHAM,2017,365.0
YARRA,2017,490.0
BOROONDARA,2017,450.0
KNOX,2017,390.0
MANNINGHAM,2017,450.0
MAROONDAH,2017,380.0
MONASH,2017,430.0
WHITEHORSE,2017,420.0
YARRA RANGES,2017,380.0
BAYSIDE,2017,525.0
CARDINIA,2017,350.0
CASEY,2017,370.0
FRANKSTON,2017,350.0
GLEN EIRA,2017,420.0
GREATER DANDENONG,2017,340.0
KINGSTON,2017,400.0
MORNINGTON PENINSULA,2017,375.0
PORT PHILLIP,2017,450.0
STONNINGTON,2017,450.0
COLAC-OTWAY,2017,280.0
CORANGAMITE,2017,235.0
GLENELG,2017,230.0
GREATER GEELONG,2017,330.0
MOYNE,2017,280.0
QUEENSCLIFFE,2017,360.0
SOUTHERN GRAMPIANS,2017,210.0
SURF COAST,2017,440.0
WARRNAMBOOL,2017,290.0
ARARAT,2017,260.0
BALLARAT,2017,280.0
GOLDEN PLAINS,2017,350.0
HEPBURN,2017,340.0
HINDMARSH,2017,190.0
HORSHAM,2017,245.0
MOORABOOL,2017,335.0
NORTHERN GRAMPIANS,2017,210.0
PYRENEES,2017,190.0
WEST WIMMERA,2017,200.0
YARRIAMBIACK,2017,175.0
BULOKE,2017,180.0
CAMPASPE,2017,260.0
CENTRAL GOLDFIELDS,2017,230.0
GANNAWARRA,2017,208.0
GREATER BENDIGO,2017,290.0
LODDON,2017,190.0
MACEDON RANGES,2017,380.0
MILDURA,2017,280.0
MOUNT ALEXANDER,2017,320.0
SWAN HILL,2017,240.0
ALPINE,2017,270.0
BENALLA,2017,250.0
GREATER SHEPPARTON,2017,270.0
INDIGO,2017,280.0
MANSFIELD,2017,290.0
MITCHELL,2017,330.0
MOIRA,2017,240.0
MURRINDINDI,2017,280.0
STRATHBOGIE,2017,265.0
TOWONG,2017,250.0
WANGARATTA,2017,268.0
WODONGA,2017,295.0
BASS COAST,2017,285.0
BAW BAW,2017,320.0
EAST GIPPSLAND,2017,280.0
LATROBE,2017,240.0
SOUTH GIPPSLAND,2017,260.0
WELLINGTON,2017,260.0
BANYULE,2017,400.0
BRIMBANK,2017,350.0
DAREBIN,2017,385.0
HOBSONS BAY,2017,400.0
HUME,2017,360.0
MARIBYRNONG,2017,380.0
MELBOURNE,2017,495.0
MELTON,2017,350.0
MERRI-BEK,2017,400.0
MOONEE VALLEY,2017,395.0
NILLUMBIK,2017,390.0
WHITTLESEA,2017,360.0
WYNDHAM,2017,365.0
YARRA,2017,500.0
BOROONDARA,2017,450.0
KNOX,2017,400.0
MANNINGHAM,2017,450.0
MAROONDAH,2017,380.0
MONASH,2017,430.0
WHITEHORSE,2017,430.0
YARRA RANGES,2017,380.0
BAYSIDE,2017,550.0
CARDINIA,2017,350.0
CASEY,2017,380.0
FRANKSTON,2017,350.0
GLEN EIRA,2017,420.0
GREATER DANDENONG,2017,350.0
KINGSTON,2017,420.0
MORNINGTON PENINSULA,2017,380.0
PORT PHILLIP,2017,430.0
STONNINGTON,2017,450.0
COLAC-OTWAY,2017,285.0
CORANGAMITE,2017,240.0
GLENELG,2017,228.0
GREATER GEELONG,2017,345.0
MOYNE,2017,283.0
SOUTHERN GRAMPIANS,2017,240.0
SURF COAST,2017,450.0
WARRNAMBOOL,2017,290.0
ARARAT,2017,240.0
BALLARAT,2017,290.0
GOLDEN PLAINS,2017,360.0
HEPBURN,2017,320.0
HINDMARSH,2017,168.0
HORSHAM,2017,275.0
MOORABOOL,2017,330.0
NORTHERN GRAMPIANS,2017,180.0
PYRENEES,2017,245.0
WEST WIMMERA,2017,163.0
YARRIAMBIACK,2017,173.0
BULOKE,2017,190.0
CAMPASPE,2017,270.0
CENTRAL GOLDFIELDS,2017,225.0
GANNAWARRA,2017,200.0
GREATER BENDIGO,2017,290.0
LODDON,2017,185.0
MACEDON RANGES,2017,400.0
MILDURA,2017,280.0
MOUNT ALEXANDER,2017,325.0
SWAN HILL,2017,240.0
ALPINE,2017,270.0
BENALLA,2017,255.0
GREATER SHEPPARTON,2017,275.0
INDIGO,2017,280.0
MANSFIELD,2017,330.0
MITCHELL,2017,330.0
MOIRA,2017,270.0
MURRINDINDI,2017,290.0
STRATHBOGIE,2017,258.0
TOWONG,2017,250.0
WANGARATTA,2017,263.0
WODONGA,2017,300.0
BASS COAST,2017,280.0
BAW BAW,2017,320.0
EAST GIPPSLAND,2017,270.0
LATROBE,2017,240.0
SOUTH GIPPSLAND,2017,250.0
WELLINGTON,2017,260.0
BANYULE,2017,410.0
BRIMBANK,2017,350.0
DAREBIN,2017,400.0
HOBSONS BAY,2017,410.0
HUME,2017,370.0
MARIBYRNONG,2017,395.0
MELBOURNE,2017,500.0
MELTON,2017,355.0
MERRI-BEK,2017,400.0
MOONEE VALLEY,2017,395.0
NILLUMBIK,2017,390.0
WHITTLESEA,2017,360.0
WYNDHAM,2017,370.0
YARRA,2017,485.0
BOROONDARA,2017,465.0
KNOX,2017,400.0
MANNINGHAM,2017,460.0
MAROONDAH,2017,395.0
MONASH,2017,435.0
WHITEHORSE,2017,430.0
YARRA RANGES,2017,390.0
BAYSIDE,2017,555.0
CARDINIA,2017,360.0
CASEY,2017,375.0
FRANKSTON,2017,360.0
GLEN EIRA,2017,435.0
GREATER DANDENONG,2017,350.0
KINGSTON,2017,410.0
MORNINGTON PENINSULA,2017,390.0
PORT PHILLIP,2017,460.0
STONNINGTON,2017,460.0
COLAC-OTWAY,2018,280.0
CORANGAMITE,2018,250.0
GLENELG,2018,250.0
GREATER GEELONG,2018,350.0
MOYNE,2018,280.0
QUEENSCLIFFE,2018,370.0
SOUTHERN GRAMPIANS,2018,230.0
SURF COAST,2018,450.0
WARRNAMBOOL,2018,300.0
ARARAT,2018,250.0
BALLARAT,2018,290.0
GOLDEN PLAINS,2018,345.0
HEPBURN,2018,340.0
HINDMARSH,2018,188.0
HORSHAM,2018,260.0
MOORABOOL,2018,350.0
NORTHERN GRAMPIANS,2018,210.0
PYRENEES,2018,255.0
WEST WIMMERA,2018,180.0
YARRIAMBIACK,2018,180.0
BULOKE,2018,180.0
CAMPASPE,2018,273.0
CENTRAL GOLDFIELDS,2018,250.0
GANNAWARRA,2018,202.0
GREATER BENDIGO,2018,300.0
LODDON,2018,220.0
MACEDON RANGES,2018,405.0
MILDURA,2018,270.0
MOUNT ALEXANDER,2018,330.0
SWAN HILL,2018,245.0
ALPINE,2018,285.0
BENALLA,2018,250.0
GREATER SHEPPARTON,2018,280.0
INDIGO,2018,300.0
MANSFIELD,2018,330.0
MITCHELL,2018,340.0
MOIRA,2018,250.0
MURRINDINDI,2018,300.0
STRATHBOGIE,2018,268.0
TOWONG,2018,250.0
WANGARATTA,2018,290.0
WODONGA,2018,310.0
BASS COAST,2018,290.0
BAW BAW,2018,325.0
EAST GIPPSLAND,2018,280.0
LATROBE,2018,245.0
SOUTH GIPPSLAND,2018,260.0
WELLINGTON,2018,260.0
BANYULE,2018,410.0
BRIMBANK,2018,350.0
DAREBIN,2018,400.0
HOBSONS BAY,2018,420.0
HUME,2018,370.0
MARIBYRNONG,2018,400.0
MELBOURNE,2018,520.0
MELTON,2018,360.0
MERRI-BEK,2018,400.0
MOONEE VALLEY,2018,410.0
NILLUMBIK,2018,400.0
WHITTLESEA,2018,370.0
WYNDHAM,2018,370.0
YARRA,2018,500.0
BOROONDARA,2018,460.0
KNOX,2018,400.0
MANNINGHAM,2018,460.0
MAROONDAH,2018,390.0
MONASH,2018,450.0
WHITEHORSE,2018,450.0
YARRA RANGES,2018,390.0
BAYSIDE,2018,550.0
CARDINIA,2018,365.0
CASEY,2018,380.0
FRANKSTON,2018,360.0
GLEN EIRA,2018,450.0
GREATER DANDENONG,2018,350.0
KINGSTON,2018,420.0
MORNINGTON PENINSULA,2018,395.0
PORT PHILLIP,2018,460.0
STONNINGTON,2018,460.0
COLAC-OTWAY,2018,285.0
CORANGAMITE,2018,245.0
GLENELG,2018,250.0
GREATER GEELONG,2018,350.0
MOYNE,2018,300.0
QUEENSCLIFFE,2018,310.0
SOUTHERN GRAMPIANS,2018,230.0
SURF COAST,2018,440.0
WARRNAMBOOL,2018,300.0
ARARAT,2018,260.0
BALLARAT,2018,295.0
GOLDEN PLAINS,2018,370.0
HEPBURN,2018,330.0
HINDMARSH,2018,175.0
HORSHAM,2018,270.0
MOORABOOL,2018,345.0
NORTHERN GRAMPIANS,2018,220.0
PYRENEES,2018,290.0
WEST WIMMERA,2018,180.0
YARRIAMBIACK,2018,175.0
BULOKE,2018,195.0
CAMPASPE,2018,270.0
CENTRAL GOLDFIELDS,2018,250.0
GANNAWARRA,2018,200.0
GREATER BENDIGO,2018,300.0
LODDON,2018,200.0
MACEDON RANGES,2018,400.0
MILDURA,2018,285.0
MOUNT ALEXANDER,2018,320.0
SWAN HILL,2018,248.0
ALPINE,2018,300.0
BENALLA,2018,250.0
GREATER SHEPPARTON,2018,280.0
INDIGO,2018,290.0
MANSFIELD,2018,335.0
MITCHELL,2018,340.0
MOIRA,2018,270.0
MURRINDINDI,2018,290.0
STRATHBOGIE,2018,295.0
TOWONG,2018,260.0
WANGARATTA,2018,270.0
WODONGA,2018,300.0
BASS COAST,2018,300.0
BAW BAW,2018,330.0
EAST GIPPSLAND,2018,295.0
LATROBE,2018,240.0
SOUTH GIPPSLAND,2018,280.0
WELLINGTON,2018,260.0
BANYULE,2018,400.0
BRIMBANK,2018,360.0
DAREBIN,2018,400.0
HOBSONS BAY,2018,400.0
HUME,2018,380.0
MARIBYRNONG,2018,400.0
MELBOURNE,2018,500.0
MELTON,2018,360.0
MERRI-BEK,2018,400.0
MOONEE VALLEY,2018,400.0
NILLUMBIK,2018,400.0
WHITTLESEA,2018,370.0
WYNDHAM,2018,370.0
YARRA,2018,490.0
BOROONDARA,2018,465.0
KNOX,2018,400.0
MANNINGHAM,2018,475.0
MAROONDAH,2018,395.0
MONASH,2018,445.0
WHITEHORSE,2018,440.0
YARRA RANGES,2018,390.0
BAYSIDE,2018,520.0
CARDINIA,2018,360.0
CASEY,2018,380.0
FRANKSTON,2018,360.0
GLEN EIRA,2018,450.0
GREATER DANDENONG,2018,350.0
KINGSTON,2018,420.0
MORNINGTON PENINSULA,2018,390.0
PORT PHILLIP,2018,460.0
STONNINGTON,2018,470.0
COLAC-OTWAY,2018,300.0
CORANGAMITE,2018,240.0
GLENELG,2018,250.0
GREATER GEELONG,2018,350.0
MOYNE,2018,275.0
QUEENSCLIFFE,2018,320.0
SOUTHERN GRAMPIANS,2018,230.0
SURF COAST,2018,450.0
WARRNAMBOOL,2018,300.0
ARARAT,2018,275.0
BALLARAT,2018,300.0
GOLDEN PLAINS,2018,380.0
HEPBURN,2018,350.0
HINDMARSH,2018,195.0
HORSHAM,2018,260.0
MOORABOOL,2018,350.0
NORTHERN GRAMPIANS,2018,230.0
PYRENEES,2018,255.0
WEST WIMMERA,2018,200.0
YARRIAMBIACK,2018,180.0
BULOKE,2018,195.0
CAMPASPE,2018,280.0
CENTRAL GOLDFIELDS,2018,250.0
GANNAWARRA,2018,207.0
GREATER BENDIGO,2018,300.0
LODDON,2018,235.0
MACEDON RANGES,2018,400.0
MILDURA,2018,283.0
MOUNT ALEXANDER,2018,330.0
SWAN HILL,2018,250.0
ALPINE,2018,288.0
BENALLA,2018,260.0
GREATER SHEPPARTON,2018,280.0
INDIGO,2018,285.0
MANSFIELD,2018,343.0
MITCHELL,2018,350.0
MOIRA,2018,260.0
MURRINDINDI,2018,280.0
STRATHBOGIE,2018,300.0
TOWONG,2018,263.0
WANGARATTA,2018,290.0
WODONGA,2018,310.0
BASS COAST,2018,310.0
BAW BAW,2018,330.0
EAST GIPPSLAND,2018,290.0
LATROBE,2018,240.0
SOUTH GIPPSLAND,2018,270.0
WELLINGTON,2018,260.0
BANYULE,2018,405.0
BRIMBANK,2018,360.0
DAREBIN,2018,400.0
HOBSONS BAY,2018,410.0
HUME,2018,380.0
MARIBYRNONG,2018,400.0
MELBOURNE,2018,510.0
MELTON,2018,370.0
MERRI-BEK,2018,410.0
MOONEE VALLEY,2018,410.0
NILLUMBIK,2018,400.0
WHITTLESEA,2018,375.0
WYNDHAM,2018,380.0
YARRA,2018,500.0
BOROONDARA,2018,463.0
KNOX,2018,410.0
MANNINGHAM,2018,460.0
MAROONDAH,2018,400.0
MONASH,2018,450.0
WHITEHORSE,2018,440.0
YARRA RANGES,2018,390.0
BAYSIDE,2018,570.0
CARDINIA,2018,360.0
CASEY,2018,380.0
FRANKSTON,2018,360.0
GLEN EIRA,2018,450.0
GREATER DANDENONG,2018,360.0
KINGSTON,2018,420.0
MORNINGTON PENINSULA,2018,385.0
PORT PHILLIP,2018,460.0
STONNINGTON,2018,460.0
COLAC-OTWAY,2018,300.0
CORANGAMITE,2018,250.0
GLENELG,2018,250.0
GREATER GEELONG,2018,360.0
MOYNE,2018,300.0
QUEENSCLIFFE,2018,390.0
SOUTHERN GRAMPIANS,2018,240.0
SURF COAST,2018,465.0
WARRNAMBOOL,2018,318.0
ARARAT,2018,273.0
BALLARAT,2018,300.0
GOLDEN PLAINS,2018,395.0
HEPBURN,2018,350.0
HINDMARSH,2018,165.0
HORSHAM,2018,270.0
MOORABOOL,2018,360.0
NORTHERN GRAMPIANS,2018,220.0
PYRENEES,2018,260.0
YARRIAMBIACK,2018,190.0
BULOKE,2018,200.0
CAMPASPE,2018,270.0
CENTRAL GOLDFIELDS,2018,258.0
GANNAWARRA,2018,220.0
GREATER BENDIGO,2018,300.0
LODDON,2018,206.0
MACEDON RANGES,2018,420.0
MILDURA,2018,285.0
MOUNT ALEXANDER,2018,323.0
SWAN HILL,2018,240.0
ALPINE,2018,288.0
BENALLA,2018,300.0
GREATER SHEPPARTON,2018,280.0
INDIGO,2018,310.0
MANSFIELD,2018,350.0
MITCHELL,2018,340.0
MOIRA,2018,270.0
MURRINDINDI,2018,290.0
STRATHBOGIE,2018,290.0
TOWONG,2018,220.0
WANGARATTA,2018,275.0
WODONGA,2018,330.0
BASS COAST,2018,300.0
BAW BAW,2018,345.0
EAST GIPPSLAND,2018,290.0
LATROBE,2018,250.0
SOUTH GIPPSLAND,2018,280.0
WELLINGTON,2018,270.0
BANYULE,2018,410.0
BRIMBANK,2018,360.0
DAREBIN,2018,400.0
HOBSONS BAY,2018,420.0
HUME,2018,380.0
MARIBYRNONG,2018,400.0
MELBOURNE,2018,500.0
MELTON,2018,370.0
MERRI-BEK,2018,420.0
MOONEE VALLEY,2018,400.0
NILLUMBIK,2018,400.0
WHITTLESEA,2018,375.0
WYNDHAM,2018,380.0
YARRA,2018,515.0
BOROONDARA,2018,480.0
KNOX,2018,410.0
MANNINGHAM,2018,470.0
MAROONDAH,2018,400.0
MONASH,2018,450.0
WHITEHORSE,2018,448.0
YARRA RANGES,2018,400.0
BAYSIDE,2018,550.0
CARDINIA,2018,365.0
CASEY,2018,380.0
FRANKSTON,2018,370.0
GLEN EIRA,2018,450.0
GREATER DANDENONG,2018,360.0
KINGSTON,2018,430.0
MORNINGTON PENINSULA,2018,400.0
PORT PHILLIP,2018,470.0
STONNINGTON,2018,470.0
COLAC-OTWAY,2019,315.0
CORANGAMITE,2019,260.0
GLENELG,2019,260.0
GREATER GEELONG,2019,370.0
MOYNE,2019,320.0
QUEENSCLIFFE,2019,400.0
SOUTHERN GRAMPIANS,2019,250.0
SURF COAST,2019,488.0
WARRNAMBOOL,2019,330.0
ARARAT,2019,300.0
BALLARAT,2019,310.0
GOLDEN PLAINS,2019,380.0
HEPBURN,2019,353.0
HINDMARSH,2019,180.0
HORSHAM,2019,280.0
MOORABOOL,2019,355.0
NORTHERN GRAMPIANS,2019,220.0
PYRENEES,2019,253.0
WEST WIMMERA,2019,180.0
YARRIAMBIACK,2019,188.0
BULOKE,2019,190.0
CAMPASPE,2019,290.0
CENTRAL GOLDFIELDS,2019,250.0
GANNAWARRA,2019,220.0
GREATER BENDIGO,2019,310.0
LODDON,2019,205.0
MACEDON RANGES,2019,435.0
MILDURA,2019,300.0
MOUNT ALEXANDER,2019,340.0
SWAN HILL,2019,260.0
ALPINE,2019,290.0
BENALLA,2019,300.0
GREATER SHEPPARTON,2019,290.0
INDIGO,2019,305.0
MANSFIELD,2019,360.0
MITCHELL,2019,340.0
MOIRA,2019,270.0
MURRINDINDI,2019,280.0
STRATHBOGIE,2019,280.0
TOWONG,2019,250.0
WANGARATTA,2019,290.0
WODONGA,2019,328.0
BASS COAST,2019,320.0
BAW BAW,2019,340.0
EAST GIPPSLAND,2019,290.0
LATROBE,2019,250.0
SOUTH GIPPSLAND,2019,280.0
WELLINGTON,2019,275.0
BANYULE,2019,420.0
BRIMBANK,2019,360.0
DAREBIN,2019,400.0
HOBSONS BAY,2019,410.0
HUME,2019,380.0
MARIBYRNONG,2019,400.0
MELBOURNE,2019,540.0
MELTON,2019,370.0
MERRI-BEK,2019,420.0
MOONEE VALLEY,2019,420.0
NILLUMBIK,2019,400.0
WHITTLESEA,2019,370.0
WYNDHAM,2019,380.0
YARRA,2019,520.0
BOROONDARA,2019,460.0
KNOX,2019,408.0
MANNINGHAM,2019,470.0
MAROONDAH,2019,400.0
MONASH,2019,450.0
WHITEHORSE,2019,450.0
YARRA RANGES,2019,400.0
BAYSIDE,2019,575.0
CARDINIA,2019,360.0
CASEY,2019,380.0
FRANKSTON,2019,365.0
GLEN EIRA,2019,460.0
GREATER DANDENONG,2019,360.0
KINGSTON,2019,430.0
MORNINGTON PENINSULA,2019,400.0
PORT PHILLIP,2019,475.0
STONNINGTON,2019,480.0
COLAC-OTWAY,2019,320.0
CORANGAMITE,2019,263.0
GLENELG,2019,250.0
GREATER GEELONG,2019,370.0
MOYNE,2019,345.0
QUEENSCLIFFE,2019,390.0
SOUTHERN GRAMPIANS,2019,270.0
SURF COAST,2019,445.0
WARRNAMBOOL,2019,340.0
ARARAT,2019,270.0
BALLARAT,2019,310.0
GOLDEN PLAINS,2019,400.0
HEPBURN,2019,350.0
HINDMARSH,2019,200.0
HORSHAM,2019,275.0
MOORABOOL,2019,360.0
NORTHERN GRAMPIANS,2019,230.0
PYRENEES,2019,300.0
WEST WIMMERA,2019,195.0
YARRIAMBIACK,2019,185.0
BULOKE,2019,203.0
CAMPASPE,2019,280.0
CENTRAL GOLDFIELDS,2019,250.0
GANNAWARRA,2019,220.0
GREATER BENDIGO,2019,300.0
LODDON,2019,200.0
MACEDON RANGES,2019,445.0
MILDURA,2019,310.0
MOUNT ALEXANDER,2019,350.0
SWAN HILL,2019,260.0
ALPINE,2019,310.0
BENALLA,2019,280.0
GREATER SHEPPARTON,2019,290.0
INDIGO,2019,295.0
MANSFIELD,2019,375.0
MITCHELL,2019,340.0
MOIRA,2019,265.0
MURRINDINDI,2019,310.0
STRATHBOGIE,2019,300.0
TOWONG,2019,275.0
WANGARATTA,2019,290.0
WODONGA,2019,330.0
BASS COAST,2019,320.0
BAW BAW,2019,350.0
EAST GIPPSLAND,2019,300.0
LATROBE,2019,250.0
SOUTH GIPPSLAND,2019,280.0
WELLINGTON,2019,280.0
BANYULE,2019,420.0
BRIMBANK,2019,365.0
DAREBIN,2019,410.0
HOBSONS BAY,2019,410.0
HUME,2019,390.0
MARIBYRNONG,2019,400.0
MELBOURNE,2019,530.0
MELTON,2019,375.0
MERRI-BEK,2019,420.0
MOONEE VALLEY,2019,415.0
NILLUMBIK,2019,410.0
WHITTLESEA,2019,380.0
WYNDHAM,2019,380.0
YARRA,2019,520.0
BOROONDARA,2019,475.0
KNOX,2019,400.0
MANNINGHAM,2019,475.0
MAROONDAH,2019,400.0
MONASH,2019,460.0
WHITEHORSE,2019,450.0
YARRA RANGES,2019,410.0
BAYSIDE,2019,575.0
CARDINIA,2019,370.0
CASEY,2019,385.0
FRANKSTON,2019,360.0
GLEN EIRA,2019,450.0
GREATER DANDENONG,2019,360.0
KINGSTON,2019,430.0
MORNINGTON PENINSULA,2019,400.0
PORT PHILLIP,2019,470.0
STONNINGTON,2019,480.0
COLAC-OTWAY,2019,310.0
CORANGAMITE,2019,260.0
GLENELG,2019,270.0
GREATER GEELONG,2019,370.0
MOYNE,2019,315.0
QUEENSCLIFFE,2019,375.0
SOUTHERN GRAMPIANS,2019,255.0
SURF COAST,2019,460.0
WARRNAMBOOL,2019,328.0
ARARAT,2019,270.0
BALLARAT,2019,320.0
GOLDEN PLAINS,2019,400.0
HEPBURN,2019,340.0
HINDMARSH,2019,205.0
HORSHAM,2019,275.0
MOORABOOL,2019,360.0
NORTHERN GRAMPIANS,2019,265.0
PYRENEES,2019,265.0
YARRIAMBIACK,2019,190.0
BULOKE,2019,195.0
CAMPASPE,2019,290.0
CENTRAL GOLDFIELDS,2019,255.0
GANNAWARRA,2019,220.0
GREATER BENDIGO,2019,320.0
LODDON,2019,230.0
MACEDON RANGES,2019,430.0
MILDURA,2019,295.0
MOUNT ALEXANDER,2019,340.0
SWAN HILL,2019,260.0
ALPINE,2019,310.0
BENALLA,2019,305.0
GREATER SHEPPARTON,2019,285.0
INDIGO,2019,320.0
MANSFIELD,2019,350.0
MITCHELL,2019,350.0
MOIRA,2019,270.0
MURRINDINDI,2019,300.0
STRATHBOGIE,2019,290.0
TOWONG,2019,240.0
WANGARATTA,2019,280.0
WODONGA,2019,320.0
BASS COAST,2019,325.0
BAW BAW,2019,340.0
EAST GIPPSLAND,2019,300.0
LATROBE,2019,260.0
SOUTH GIPPSLAND,2019,280.0
WELLINGTON,2019,280.0
BANYULE,2019,410.0
BRIMBANK,2019,360.0
DAREBIN,2019,400.0
HOBSONS BAY,2019,420.0
HUME,2019,385.0
MARIBYRNONG,2019,420.0
MELBOURNE,2019,530.0
MELTON,2019,370.0
MERRI-BEK,2019,420.0
MOONEE VALLEY,2019,400.0
NILLUMBIK,2019,410.0
WHITTLESEA,2019,380.0
WYNDHAM,2019,380.0
YARRA,2019,495.0
BOROONDARA,2019,475.0
KNOX,2019,410.0
MANNINGHAM,2019,470.0
MAROONDAH,2019,400.0
MONASH,2019,450.0
WHITEHORSE,2019,450.0
YARRA RANGES,2019,400.0
BAYSIDE,2019,550.0
CARDINIA,2019,365.0
CASEY,2019,380.0
FRANKSTON,2019,360.0
GLEN EIRA,2019,450.0
GREATER DANDENONG,2019,360.0
KINGSTON,2019,428.0
MORNINGTON PENINSULA,2019,400.0
PORT PHILLIP,2019,460.0
STONNINGTON,2019,480.0
COLAC-OTWAY,2019,305.0
CORANGAMITE,2019,260.0
GLENELG,2019,270.0
GREATER GEELONG,2019,375.0
MOYNE,2019,340.0
QUEENSCLIFFE,2019,405.0
SOUTHERN GRAMPIANS,2019,260.0
SURF COAST,2019,450.0
WARRNAMBOOL,2019,330.0
ARARAT,2019,270.0
BALLARAT,2019,320.0
GOLDEN PLAINS,2019,380.0
HEPBURN,2019,360.0
HINDMARSH,2019,183.0
HORSHAM,2019,270.0
MOORABOOL,2019,360.0
NORTHERN GRAMPIANS,2019,250.0
PYRENEES,2019,300.0
YARRIAMBIACK,2019,180.0
BULOKE,2019,203.0
CAMPASPE,2019,280.0
CENTRAL GOLDFIELDS,2019,265.0
GANNAWARRA,2019,225.0
GREATER BENDIGO,2019,320.0
LODDON,2019,230.0
MACEDON RANGES,2019,440.0
MILDURA,2019,302.0
MOUNT ALEXANDER,2019,340.0
SWAN HILL,2019,270.0
ALPINE,2019,340.0
BENALLA,2019,300.0
GREATER SHEPPARTON,2019,295.0
INDIGO,2019,328.0
MANSFIELD,2019,355.0
MITCHELL,2019,350.0
MOIRA,2019,275.0
MURRINDINDI,2019,300.0
STRATHBOGIE,2019,300.0
TOWONG,2019,255.0
WANGARATTA,2019,300.0
WODONGA,2019,340.0
BASS COAST,2019,330.0
BAW BAW,2019,330.0
EAST GIPPSLAND,2019,295.0
LATROBE,2019,260.0
SOUTH GIPPSLAND,2019,290.0
WELLINGTON,2019,280.0
BANYULE,2019,420.0
BRIMBANK,2019,360.0
DAREBIN,2019,400.0
HOBSONS BAY,2019,430.0
HUME,2019,380.0
MARIBYRNONG,2019,400.0
MELBOURNE,2019,525.0
MELTON,2019,380.0
MERRI-BEK,2019,420.0
MOONEE VALLEY,2019,415.0
NILLUMBIK,2019,420.0
WHITTLESEA,2019,380.0
WYNDHAM,2019,380.0
YARRA,2019,518.0
BOROONDARA,2019,485.0
KNOX,2019,420.0
MANNINGHAM,2019,475.0
MAROONDAH,2019,405.0
MONASH,2019,460.0
WHITEHORSE,2019,450.0
YARRA RANGES,2019,400.0
BAYSIDE,2019,550.0
CARDINIA,2019,360.0
CASEY,2019,380.0
FRANKSTON,2019,370.0
GLEN EIRA,2019,450.0
GREATER DANDENONG,2019,355.0
KINGSTON,2019,430.0
MORNINGTON PENINSULA,2019,400.0
PORT PHILLIP,2019,475.0
STONNINGTON,2019,485.0
COLAC-OTWAY,2020,320.0
CORANGAMITE,2020,300.0
GLENELG,2020,300.0
GREATER GEELONG,2020,380.0
MOYNE,2020,360.0
QUEENSCLIFFE,2020,360.0
SOUTHERN GRAMPIANS,2020,270.0
SURF COAST,2020,450.0
WARRNAMBOOL,2020,350.0
ARARAT,2020,280.0
BALLARAT,2020,330.0
GOLDEN PLAINS,2020,403.0
HEPBURN,2020,360.0
HINDMARSH,2020,180.0
HORSHAM,2020,280.0
MOORABOOL,2020,350.0
NORTHERN GRAMPIANS,2020,230.0
PYRENEES,2020,287.0
WEST WIMMERA,2020,178.0
YARRIAMBIACK,2020,200.0
BULOKE,2020,220.0
CAMPASPE,2020,290.0
CENTRAL GOLDFIELDS,2020,265.0
GANNAWARRA,2020,220.0
GREATER BENDIGO,2020,330.0
LODDON,2020,215.0
MACEDON RANGES,2020,440.0
MILDURA,2020,310.0
MOUNT ALEXANDER,2020,355.0
SWAN HILL,2020,260.0
ALPINE,2020,318.0
BENALLA,2020,320.0
GREATER SHEPPARTON,2020,290.0
INDIGO,2020,320.0
MANSFIELD,2020,365.0
MITCHELL,2020,358.0
MOIRA,2020,275.0
MURRINDINDI,2020,300.0
STRATHBOGIE,2020,300.0
TOWONG,2020,250.0
WANGARATTA,2020,300.0
WODONGA,2020,330.0
BASS COAST,2020,320.0
BAW BAW,2020,360.0
EAST GIPPSLAND,2020,300.0
LATROBE,2020,265.0
SOUTH GIPPSLAND,2020,290.0
WELLINGTON,2020,290.0
BANYULE,2020,430.0
BRIMBANK,2020,370.0
DAREBIN,2020,420.0
HOBSONS BAY,2020,435.0
HUME,2020,390.0
MARIBYRNONG,2020,420.0
MELBOURNE,2020,540.0
MELTON,2020,377.0
MERRI-BEK,2020,430.0
MOONEE VALLEY,2020,420.0
NILLUMBIK,2020,420.0
WHITTLESEA,2020,380.0
WYNDHAM,2020,380.0
YARRA,2020,520.0
BOROONDARA,2020,480.0
KNOX,2020,415.0
MANNINGHAM,2020,470.0
MAROONDAH,2020,410.0
MONASH,2020,470.0
WHITEHORSE,2020,450.0
YARRA RANGES,2020,410.0
BAYSIDE,2020,595.0
CARDINIA,2020,360.0
CASEY,2020,390.0
FRANKSTON,2020,375.0
GLEN EIRA,2020,460.0
GREATER DANDENONG,2020,363.0
KINGSTON,2020,440.0
MORNINGTON PENINSULA,2020,420.0
PORT PHILLIP,2020,480.0
STONNINGTON,2020,490.0
COLAC-OTWAY,2020,310.0
CORANGAMITE,2020,273.0
GLENELG,2020,290.0
GREATER GEELONG,2020,370.0
MOYNE,2020,300.0
QUEENSCLIFFE,2020,480.0
SOUTHERN GRAMPIANS,2020,250.0
SURF COAST,2020,450.0
WARRNAMBOOL,2020,330.0
ARARAT,2020,280.0
BALLARAT,2020,320.0
GOLDEN PLAINS,2020,400.0
HEPBURN,2020,350.0
HINDMARSH,2020,190.0
HORSHAM,2020,280.0
MOORABOOL,2020,350.0
NORTHERN GRAMPIANS,2020,250.0
PYRENEES,2020,265.0
WEST WIMMERA,2020,165.0
YARRIAMBIACK,2020,200.0
BULOKE,2020,200.0
CAMPASPE,2020,300.0
CENTRAL GOLDFIELDS,2020,250.0
GANNAWARRA,2020,233.0
GREATER BENDIGO,2020,325.0
LODDON,2020,210.0
MACEDON RANGES,2020,430.0
MILDURA,2020,300.0
MOUNT ALEXANDER,2020,350.0
SWAN HILL,2020,280.0
ALPINE,2020,320.0
BENALLA,2020,300.0
GREATER SHEPPARTON,2020,295.0
INDIGO,2020,305.0
MANSFIELD,2020,370.0
MITCHELL,2020,360.0
MOIRA,2020,280.0
MURRINDINDI,2020,320.0
STRATHBOGIE,2020,300.0
TOWONG,2020,280.0
WANGARATTA,2020,310.0
WODONGA,2020,325.0
BASS COAST,2020,335.0
BAW BAW,2020,350.0
EAST GIPPSLAND,2020,300.0
LATROBE,2020,260.0
SOUTH GIPPSLAND,2020,300.0
WELLINGTON,2020,300.0
BANYULE,2020,410.0
BRIMBANK,2020,365.0
DAREBIN,2020,400.0
HOBSONS BAY,2020,400.0
HUME,2020,380.0
MARIBYRNONG,2020,400.0
MELBOURNE,2020,445.0
MELTON,2020,370.0
MERRI-BEK,2020,405.0
MOONEE VALLEY,2020,395.0
NILLUMBIK,2020,410.0
WHITTLESEA,2020,380.0
WYNDHAM,2020,370.0
YARRA,2020,490.0
BOROONDARA,2020,470.0
KNOX,2020,410.0
MANNINGHAM,2020,450.0
MAROONDAH,2020,400.0
MONASH,2020,450.0
WHITEHORSE,2020,425.0
YARRA RANGES,2020,400.0
BAYSIDE,2020,550.0
CARDINIA,2020,365.0
CASEY,2020,385.0
FRANKSTON,2020,370.0
GLEN EIRA,2020,450.0
GREATER DANDENONG,2020,360.0
KINGSTON,2020,430.0
MORNINGTON PENINSULA,2020,400.0
PORT PHILLIP,2020,450.0
STONNINGTON,2020,450.0
COLAC-OTWAY,2020,340.0
CORANGAMITE,2020,280.0
GLENELG,2020,300.0
GREATER GEELONG,2020,375.0
MOYNE,2020,320.0
QUEENSCLIFFE,2020,358.0
SOUTHERN GRAMPIANS,2020,270.0
SURF COAST,2020,450.0
WARRNAMBOOL,2020,340.0
ARARAT,2020,290.0
BALLARAT,2020,330.0
GOLDEN PLAINS,2020,395.0
HEPBURN,2020,350.0
HINDMARSH,2020,210.0
HORSHAM,2020,280.0
MOORABOOL,2020,365.0
NORTHERN GRAMPIANS,2020,250.0
PYRENEES,2020,300.0
WEST WIMMERA,2020,210.0
YARRIAMBIACK,2020,200.0
BULOKE,2020,220.0
CAMPASPE,2020,300.0
CENTRAL GOLDFIELDS,2020,283.0
GANNAWARRA,2020,228.0
GREATER BENDIGO,2020,330.0
LODDON,2020,260.0
MACEDON RANGES,2020,420.0
MILDURA,2020,310.0
MOUNT ALEXANDER,2020,368.0
SWAN HILL,2020,280.0
ALPINE,2020,320.0
BENALLA,2020,305.0
GREATER SHEPPARTON,2020,300.0
INDIGO,2020,330.0
MANSFIELD,2020,380.0
MITCHELL,2020,360.0
MOIRA,2020,290.0
MURRINDINDI,2020,315.0
STRATHBOGIE,2020,320.0
TOWONG,2020,300.0
WANGARATTA,2020,303.0
WODONGA,2020,325.0
BASS COAST,2020,340.0
BAW BAW,2020,350.0
EAST GIPPSLAND,2020,310.0
LATROBE,2020,270.0
SOUTH GIPPSLAND,2020,300.0
WELLINGTON,2020,300.0
BANYULE,2020,415.0
BRIMBANK,2020,365.0
DAREBIN,2020,400.0
HOBSONS BAY,2020,410.0
HUME,2020,385.0
MARIBYRNONG,2020,390.0
MELBOURNE,2020,400.0
MELTON,2020,375.0
MERRI-BEK,2020,400.0
MOONEE VALLEY,2020,400.0
NILLUMBIK,2020,430.0
WHITTLESEA,2020,380.0
WYNDHAM,2020,370.0
YARRA,2020,470.0
BOROONDARA,2020,450.0
KNOX,2020,420.0
MANNINGHAM,2020,450.0
MAROONDAH,2020,415.0
MONASH,2020,430.0
WHITEHORSE,2020,420.0
YARRA RANGES,2020,400.0
BAYSIDE,2020,595.0
CARDINIA,2020,370.0
CASEY,2020,390.0
FRANKSTON,2020,375.0
GLEN EIRA,2020,430.0
GREATER DANDENONG,2020,360.0
KINGSTON,2020,430.0
MORNINGTON PENINSULA,2020,430.0
PORT PHILLIP,2020,435.0
STONNINGTON,2020,450.0
COLAC-OTWAY,2020,325.0
CORANGAMITE,2020,290.0
GLENELG,2020,310.0
GREATER GEELONG,2020,380.0
MOYNE,2020,363.0
QUEENSCLIFFE,2020,450.0
SOUTHERN GRAMPIANS,2020,280.0
SURF COAST,2020,470.0
WARRNAMBOOL,2020,350.0
ARARAT,2020,285.0
BALLARAT,2020,340.0
GOLDEN PLAINS,2020,395.0
HEPBURN,2020,380.0
HINDMARSH,2020,200.0
HORSHAM,2020,298.0
MOORABOOL,2020,360.0
NORTHERN GRAMPIANS,2020,270.0
PYRENEES,2020,335.0
WEST WIMMERA,2020,220.0
YARRIAMBIACK,2020,225.0
BULOKE,2020,230.0
CAMPASPE,2020,300.0
CENTRAL GOLDFIELDS,2020,280.0
GANNAWARRA,2020,238.0
GREATER BENDIGO,2020,350.0
LODDON,2020,240.0
MACEDON RANGES,2020,450.0
MILDURA,2020,330.0
MOUNT ALEXANDER,2020,375.0
SWAN HILL,2020,300.0
ALPINE,2020,350.0
BENALLA,2020,325.0
GREATER SHEPPARTON,2020,310.0
INDIGO,2020,310.0
MANSFIELD,2020,360.0
MITCHELL,2020,360.0
MOIRA,2020,280.0
MURRINDINDI,2020,318.0
STRATHBOGIE,2020,320.0
TOWONG,2020,280.0
WANGARATTA,2020,320.0
WODONGA,2020,350.0
BASS COAST,2020,350.0
BAW BAW,2020,370.0
EAST GIPPSLAND,2020,323.0
LATROBE,2020,285.0
SOUTH GIPPSLAND,2020,310.0
WELLINGTON,2020,300.0
BANYULE,2020,410.0
BRIMBANK,2020,360.0
DAREBIN,2020,400.0
HOBSONS BAY,2020,425.0
HUME,2020,390.0
MARIBYRNONG,2020,400.0
MELBOURNE,2020,380.0
MELTON,2020,380.0
MERRI-BEK,2020,400.0
MOONEE VALLEY,2020,385.0
NILLUMBIK,2020,420.0
WHITTLESEA,2020,380.0
WYNDHAM,2020,370.0
YARRA,2020,460.0
BOROONDARA,2020,445.0
KNOX,2020,420.0
MANNINGHAM,2020,460.0
MAROONDAH,2020,410.0
MONASH,2020,425.0
WHITEHORSE,2020,410.0
YARRA RANGES,2020,415.0
BAYSIDE,2020,550.0
CARDINIA,2020,370.0
CASEY,2020,390.0
FRANKSTON,2020,380.0
GLEN EIRA,2020,420.0
GREATER DANDENONG,2020,356.0
KINGSTON,2020,425.0
MORNINGTON PENINSULA,2020,450.0
PORT PHILLIP,2020,430.0
STONNINGTON,2020,425.0
COLAC-OTWAY,2021,340.0
CORANGAMITE,2021,310.0
GLENELG,2021,330.0
GREATER GEELONG,2021,395.0
MOYNE,2021,360.0
QUEENSCLIFFE,2021,388.0
SOUTHERN GRAMPIANS,2021,280.0
SURF COAST,2021,500.0
WARRNAMBOOL,2021,370.0
ARARAT,2021,300.0
BALLARAT,2021,350.0
GOLDEN PLAINS,2021,430.0
HEPBURN,2021,355.0
HINDMARSH,2021,225.0
HORSHAM,2021,300.0
MOORABOOL,2021,380.0
NORTHERN GRAMPIANS,2021,245.0
PYRENEES,2021,283.0
WEST WIMMERA,2021,228.0
YARRIAMBIACK,2021,200.0
BULOKE,2021,155.0
CAMPASPE,2021,325.0
CENTRAL GOLDFIELDS,2021,280.0
GANNAWARRA,2021,245.0
GREATER BENDIGO,2021,350.0
LODDON,2021,218.0
MACEDON RANGES,2021,470.0
MILDURA,2021,320.0
MOUNT ALEXANDER,2021,375.0
SWAN HILL,2021,280.0
ALPINE,2021,350.0
BENALLA,2021,345.0
GREATER SHEPPARTON,2021,308.0
INDIGO,2021,350.0
MANSFIELD,2021,375.0
MITCHELL,2021,370.0
MOIRA,2021,283.0
MURRINDINDI,2021,323.0
STRATHBOGIE,2021,330.0
TOWONG,2021,250.0
WANGARATTA,2021,350.0
WODONGA,2021,360.0
BASS COAST,2021,350.0
BAW BAW,2021,380.0
EAST GIPPSLAND,2021,330.0
LATROBE,2021,300.0
SOUTH GIPPSLAND,2021,320.0
WELLINGTON,2021,320.0
BANYULE,2021,410.0
BRIMBANK,2021,360.0
DAREBIN,2021,400.0
HOBSONS BAY,2021,415.0
HUME,2021,385.0
MARIBYRNONG,2021,395.0
MELBOURNE,2021,380.0
MELTON,2021,380.0
MERRI-BEK,2021,400.0
MOONEE VALLEY,2021,385.0
NILLUMBIK,2021,430.0
WHITTLESEA,2021,380.0
WYNDHAM,2021,370.0
YARRA,2021,450.0
BOROONDARA,2021,430.0
KNOX,2021,420.0
MANNINGHAM,2021,450.0
MAROONDAH,2021,410.0
MONASH,2021,420.0
WHITEHORSE,2021,410.0
YARRA RANGES,2021,420.0
BAYSIDE,2021,595.0
CARDINIA,2021,380.0
CASEY,2021,395.0
FRANKSTON,2021,380.0
GLEN EIRA,2021,415.0
GREATER DANDENONG,2021,365.0
KINGSTON,2021,420.0
MORNINGTON PENINSULA,2021,460.0
PORT PHILLIP,2021,410.0
STONNINGTON,2021,410.0
COLAC-OTWAY,2021,340.0
CORANGAMITE,2021,285.0
GLENELG,2021,330.0
GREATER GEELONG,2021,400.0
MOYNE,2021,380.0
QUEENSCLIFFE,2021,400.0
SOUTHERN GRAMPIANS,2021,280.0
SURF COAST,2021,500.0
WARRNAMBOOL,2021,393.0
ARARAT,2021,290.0
BALLARAT,2021,350.0
GOLDEN PLAINS,2021,450.0
HEPBURN,2021,353.0
HINDMARSH,2021,220.0
HORSHAM,2021,330.0
MOORABOOL,2021,390.0
NORTHERN GRAMPIANS,2021,270.0
PYRENEES,2021,300.0
WEST WIMMERA,2021,215.0
YARRIAMBIACK,2021,200.0
BULOKE,2021,250.0
CAMPASPE,2021,300.0
CENTRAL GOLDFIELDS,2021,290.0
GANNAWARRA,2021,240.0
GREATER BENDIGO,2021,370.0
LODDON,2021,215.0
MACEDON RANGES,2021,470.0
MILDURA,2021,330.0
MOUNT ALEXANDER,2021,375.0
SWAN HILL,2021,300.0
ALPINE,2021,390.0
BENALLA,2021,350.0
GREATER SHEPPARTON,2021,318.0
INDIGO,2021,350.0
MANSFIELD,2021,390.0
MITCHELL,2021,380.0
MOIRA,2021,300.0
MURRINDINDI,2021,350.0
STRATHBOGIE,2021,350.0
TOWONG,2021,283.0
WANGARATTA,2021,350.0
WODONGA,2021,380.0
BASS COAST,2021,385.0
BAW BAW,2021,390.0
EAST GIPPSLAND,2021,330.0
LATROBE,2021,300.0
SOUTH GIPPSLAND,2021,330.0
WELLINGTON,2021,335.0
BANYULE,2021,410.0
BRIMBANK,2021,360.0
DAREBIN,2021,390.0
HOBSONS BAY,2021,400.0
HUME,2021,390.0
MARIBYRNONG,2021,365.0
MELBOURNE,2021,360.0
MELTON,2021,380.0
MERRI-BEK,2021,380.0
MOONEE VALLEY,2021,370.0
NILLUMBIK,2021,430.0
WHITTLESEA,2021,380.0
WYNDHAM,2021,370.0
YARRA,2021,425.0
BOROONDARA,2021,400.0
KNOX,2021,420.0
MANNINGHAM,2021,450.0
MAROONDAH,2021,415.0
MONASH,2021,420.0
WHITEHORSE,2021,410.0
YARRA RANGES,2021,430.0
BAYSIDE,2021,550.0
CARDINIA,2021,390.0
CASEY,2021,400.0
FRANKSTON,2021,395.0
GLEN EIRA,2021,400.0
GREATER DANDENONG,2021,350.0
KINGSTON,2021,425.0
MORNINGTON PENINSULA,2021,470.0
PORT PHILLIP,2021,400.0
STONNINGTON,2021,400.0
COLAC-OTWAY,2021,350.0
CORANGAMITE,2021,315.0
GLENELG,2021,330.0
GREATER GEELONG,2021,410.0
MOYNE,2021,345.0
SOUTHERN GRAMPIANS,2021,285.0
SURF COAST,2021,520.0
WARRNAMBOOL,2021,380.0
ARARAT,2021,300.0
BALLARAT,2021,350.0
GOLDEN PLAINS,2021,405.0
HEPBURN,2021,380.0
HINDMARSH,2021,220.0
HORSHAM,2021,330.0
MOORABOOL,2021,390.0
NORTHERN GRAMPIANS,2021,275.0
PYRENEES,2021,265.0
WEST WIMMERA,2021,220.0
YARRIAMBIACK,2021,210.0
BULOKE,2021,230.0
CAMPASPE,2021,330.0
CENTRAL GOLDFIELDS,2021,300.0
GANNAWARRA,2021,255.0
GREATER BENDIGO,2021,375.0
LODDON,2021,235.0
MACEDON RANGES,2021,460.0
MILDURA,2021,340.0
MOUNT ALEXANDER,2021,393.0
SWAN HILL,2021,280.0
ALPINE,2021,383.0
BENALLA,2021,350.0
GREATER SHEPPARTON,2021,330.0
INDIGO,2021,360.0
MANSFIELD,2021,400.0
MITCHELL,2021,380.0
MOIRA,2021,320.0
MURRINDINDI,2021,358.0
STRATHBOGIE,2021,335.0
TOWONG,2021,280.0
WANGARATTA,2021,360.0
WODONGA,2021,380.0
BASS COAST,2021,400.0
BAW BAW,2021,395.0
EAST GIPPSLAND,2021,340.0
LATROBE,2021,313.0
SOUTH GIPPSLAND,2021,350.0
WELLINGTON,2021,340.0
BANYULE,2021,410.0
BRIMBANK,2021,360.0
DAREBIN,2021,390.0
HOBSONS BAY,2021,400.0
HUME,2021,390.0
MARIBYRNONG,2021,380.0
MELBOURNE,2021,370.0
MELTON,2021,380.0
MERRI-BEK,2021,390.0
MOONEE VALLEY,2021,380.0
NILLUMBIK,2021,430.0
WHITTLESEA,2021,380.0
WYNDHAM,2021,370.0
YARRA,2021,450.0
BOROONDARA,2021,415.0
KNOX,2021,437.0
MANNINGHAM,2021,460.0
MAROONDAH,2021,420.0
MONASH,2021,425.0
WHITEHORSE,2021,420.0
YARRA RANGES,2021,425.0
BAYSIDE,2021,570.0
CARDINIA,2021,390.0
CASEY,2021,410.0
FRANKSTON,2021,400.0
GLEN EIRA,2021,395.0
GREATER DANDENONG,2021,365.0
KINGSTON,2021,430.0
MORNINGTON PENINSULA,2021,496.0
PORT PHILLIP,2021,400.0
STONNINGTON,2021,410.0
COLAC-OTWAY,2021,380.0
CORANGAMITE,2021,343.0
GLENELG,2021,350.0
GREATER GEELONG,2021,415.0
MOYNE,2021,360.0
QUEENSCLIFFE,2021,385.0
SOUTHERN GRAMPIANS,2021,305.0
SURF COAST,2021,500.0
WARRNAMBOOL,2021,400.0
ARARAT,2021,300.0
BALLARAT,2021,360.0
GOLDEN PLAINS,2021,420.0
HEPBURN,2021,390.0
HINDMARSH,2021,255.0
HORSHAM,2021,330.0
MOORABOOL,2021,400.0
NORTHERN GRAMPIANS,2021,290.0
PYRENEES,2021,350.0
WEST WIMMERA,2021,213.0
YARRIAMBIACK,2021,218.0
BULOKE,2021,245.0
CAMPASPE,2021,340.0
CENTRAL GOLDFIELDS,2021,295.0
GANNAWARRA,2021,240.0
GREATER BENDIGO,2021,380.0
LODDON,2021,270.0
MACEDON RANGES,2021,460.0
MILDURA,2021,330.0
MOUNT ALEXANDER,2021,400.0
SWAN HILL,2021,303.0
ALPINE,2021,350.0
BENALLA,2021,360.0
GREATER SHEPPARTON,2021,340.0
INDIGO,2021,380.0
MANSFIELD,2021,425.0
MITCHELL,2021,380.0
MOIRA,2021,300.0
MURRINDINDI,2021,340.0
STRATHBOGIE,2021,350.0
TOWONG,2021,300.0
WANGARATTA,2021,360.0
WODONGA,2021,390.0
BASS COAST,2021,420.0
BAW BAW,2021,390.0
EAST GIPPSLAND,2021,350.0
LATROBE,2021,340.0
SOUTH GIPPSLAND,2021,340.0
WELLINGTON,2021,360.0
BANYULE,2021,410.0
BRIMBANK,2021,360.0
DAREBIN,2021,390.0
HOBSONS BAY,2021,415.0
HUME,2021,390.0
MARIBYRNONG,2021,380.0
MELBOURNE,2021,380.0
MELTON,2021,380.0
MERRI-BEK,2021,395.0
MOONEE VALLEY,2021,390.0
NILLUMBIK,2021,450.0
WHITTLESEA,2021,395.0
WYNDHAM,2021,370.0
YARRA,2021,450.0
BOROONDARA,2021,440.0
KNOX,2021,430.0
MANNINGHAM,2021,480.0
MAROONDAH,2021,430.0
MONASH,2021,430.0
WHITEHORSE,2021,425.0
YARRA RANGES,2021,450.0
BAYSIDE,2021,590.0
CARDINIA,2021,400.0
CASEY,2021,420.0
FRANKSTON,2021,420.0
GLEN EIRA,2021,420.0
GREATER DANDENONG,2021,360.0
KINGSTON,2021,430.0
MORNINGTON PENINSULA,2021,500.0
PORT PHILLIP,2021,420.0
STONNINGTON,2021,410.0
COLAC-OTWAY,2022,380.0
CORANGAMITE,2022,320.0
GLENELG,2022,350.0
GREATER GEELONG,2022,430.0
MOYNE,2022,400.0
QUEENSCLIFFE,2022,550.0
SOUTHERN GRAMPIANS,2022,310.0
SURF COAST,2022,540.0
WARRNAMBOOL,2022,420.0
ARARAT,2022,340.0
BALLARAT,2022,370.0
GOLDEN PLAINS,2022,450.0
HEPBURN,2022,380.0
HINDMARSH,2022,230.0
HORSHAM,2022,320.0
MOORABOOL,2022,400.0
NORTHERN GRAMPIANS,2022,270.0
PYRENEES,2022,320.0
YARRIAMBIACK,2022,240.0
BULOKE,2022,260.0
CAMPASPE,2022,355.0
CENTRAL GOLDFIELDS,2022,300.0
GANNAWARRA,2022,263.0
GREATER BENDIGO,2022,390.0
MACEDON RANGES,2022,480.0
MILDURA,2022,350.0
MOUNT ALEXANDER,2022,388.0
SWAN HILL,2022,295.0
ALPINE,2022,370.0
BENALLA,2022,397.0
GREATER SHEPPARTON,2022,350.0
INDIGO,2022,350.0
MANSFIELD,2022,420.0
MITCHELL,2022,390.0
MOIRA,2022,330.0
MURRINDINDI,2022,360.0
STRATHBOGIE,2022,350.0
TOWONG,2022,330.0
WANGARATTA,2022,390.0
WODONGA,2022,410.0
BASS COAST,2022,405.0
BAW BAW,2022,400.0
EAST GIPPSLAND,2022,370.0
LATROBE,2022,340.0
SOUTH GIPPSLAND,2022,350.0
WELLINGTON,2022,375.0
BANYULE,2022,420.0
BRIMBANK,2022,365.0
DAREBIN,2022,400.0
HOBSONS BAY,2022,420.0
HUME,2022,400.0
MARIBYRNONG,2022,400.0
MELBOURNE,2022,440.0
MELTON,2022,390.0
MERRI-BEK,2022,400.0
MOONEE VALLEY,2022,390.0
NILLUMBIK,2022,450.0
WHITTLESEA,2022,390.0
WYNDHAM,2022,380.0
YARRA,2022,475.0
BOROONDARA,2022,430.0
KNOX,2022,445.0
MANNINGHAM,2022,475.0
MAROONDAH,2022,430.0
MONASH,2022,450.0
WHITEHORSE,2022,440.0
YARRA RANGES,2022,440.0
BAYSIDE,2022,588.0
CARDINIA,2022,420.0
CASEY,2022,420.0
FRANKSTON,2022,420.0
GLEN EIRA,2022,420.0
GREATER DANDENONG,2022,375.0
KINGSTON,2022,440.0
MORNINGTON PENINSULA,2022,510.0
PORT PHILLIP,2022,420.0
STONNINGTON,2022,430.0
COLAC-OTWAY,2022,380.0
CORANGAMITE,2022,360.0
GLENELG,2022,350.0
GREATER GEELONG,2022,425.0
MOYNE,2022,445.0
QUEENSCLIFFE,2022,420.0
SOUTHERN GRAMPIANS,2022,330.0
SURF COAST,2022,520.0
WARRNAMBOOL,2022,420.0
ARARAT,2022,325.0
BALLARAT,2022,370.0
GOLDEN PLAINS,2022,450.0
HEPBURN,2022,420.0
HINDMARSH,2022,250.0
HORSHAM,2022,350.0
MOORABOOL,2022,415.0
NORTHERN GRAMPIANS,2022,290.0
PYRENEES,2022,275.0
WEST WIMMERA,2022,220.0
YARRIAMBIACK,2022,250.0
BULOKE,2022,240.0
CAMPASPE,2022,370.0
CENTRAL GOLDFIELDS,2022,310.0
GANNAWARRA,2022,250.0
GREATER BENDIGO,2022,390.0
LODDON,2022,265.0
MACEDON RANGES,2022,485.0
MILDURA,2022,350.0
MOUNT ALEXANDER,2022,423.0
SWAN HILL,2022,300.0
ALPINE,2022,420.0
BENALLA,2022,380.0
GREATER SHEPPARTON,2022,350.0
INDIGO,2022,400.0
MANSFIELD,2022,450.0
MITCHELL,2022,400.0
MOIRA,2022,320.0
MURRINDINDI,2022,365.0
STRATHBOGIE,2022,350.0
TOWONG,2022,330.0
WANGARATTA,2022,380.0
WODONGA,2022,410.0
BASS COAST,2022,400.0
BAW BAW,2022,400.0
EAST GIPPSLAND,2022,380.0
LATROBE,2022,340.0
SOUTH GIPPSLAND,2022,370.0
WELLINGTON,2022,380.0
BANYULE,2022,420.0
BRIMBANK,2022,370.0
DAREBIN,2022,405.0
HOBSONS BAY,2022,420.0
HUME,2022,410.0
MARIBYRNONG,2022,400.0
MELBOURNE,2022,480.0
MELTON,2022,390.0
MERRI-BEK,2022,400.0
MOONEE VALLEY,2022,400.0
NILLUMBIK,2022,443.0
WHITTLESEA,2022,400.0
WYNDHAM,2022,385.0
YARRA,2022,485.0
BOROONDARA,2022,440.0
KNOX,2022,450.0
MANNINGHAM,2022,480.0
MAROONDAH,2022,440.0
MONASH,2022,460.0
WHITEHORSE,2022,450.0
YARRA RANGES,2022,450.0
BAYSIDE,2022,583.0
CARDINIA,2022,420.0
CASEY,2022,430.0
FRANKSTON,2022,435.0
GLEN EIRA,2022,435.0
GREATER DANDENONG,2022,380.0
KINGSTON,2022,450.0
MORNINGTON PENINSULA,2022,520.0
PORT PHILLIP,2022,430.0
STONNINGTON,2022,450.0
COLAC-OTWAY,2022,395.0
CORANGAMITE,2022,340.0
GLENELG,2022,350.0
GREATER GEELONG,2022,440.0
MOYNE,2022,400.0
QUEENSCLIFFE,2022,410.0
SOUTHERN GRAMPIANS,2022,300.0
SURF COAST,2022,540.0
WARRNAMBOOL,2022,420.0
ARARAT,2022,335.0
BALLARAT,2022,380.0
GOLDEN PLAINS,2022,480.0
HEPBURN,2022,395.0
HINDMARSH,2022,250.0
HORSHAM,2022,340.0
MOORABOOL,2022,405.0
NORTHERN GRAMPIANS,2022,300.0
PYRENEES,2022,330.0
WEST WIMMERA,2022,230.0
YARRIAMBIACK,2022,300.0
BULOKE,2022,270.0
CAMPASPE,2022,365.0
CENTRAL GOLDFIELDS,2022,315.0
GANNAWARRA,2022,260.0
GREATER BENDIGO,2022,400.0
LODDON,2022,310.0
MACEDON RANGES,2022,480.0
MILDURA,2022,350.0
MOUNT ALEXANDER,2022,440.0
SWAN HILL,2022,310.0
ALPINE,2022,450.0
BENALLA,2022,370.0
GREATER SHEPPARTON,2022,380.0
INDIGO,2022,400.0
MANSFIELD,2022,475.0
MITCHELL,2022,400.0
MOIRA,2022,380.0
MURRINDINDI,2022,340.0
STRATHBOGIE,2022,380.0
TOWONG,2022,375.0
WANGARATTA,2022,380.0
WODONGA,2022,418.0
BASS COAST,2022,410.0
BAW BAW,2022,425.0
EAST GIPPSLAND,2022,390.0
LATROBE,2022,350.0
SOUTH GIPPSLAND,2022,370.0
WELLINGTON,2022,385.0
BANYULE,2022,430.0
BRIMBANK,2022,375.0
DAREBIN,2022,415.0
HOBSONS BAY,2022,439.0
HUME,2022,418.0
MARIBYRNONG,2022,410.0
MELBOURNE,2022,510.0
MELTON,2022,400.0
MERRI-BEK,2022,420.0
MOONEE VALLEY,2022,410.0
NILLUMBIK,2022,470.0
WHITTLESEA,2022,410.0
WYNDHAM,2022,400.0
YARRA,2022,525.0
BOROONDARA,2022,450.0
KNOX,2022,450.0
MANNINGHAM,2022,495.0
MAROONDAH,2022,440.0
MONASH,2022,475.0
WHITEHORSE,2022,460.0
YARRA RANGES,2022,470.0
BAYSIDE,2022,595.0
CARDINIA,2022,440.0
CASEY,2022,450.0
FRANKSTON,2022,440.0
GLEN EIRA,2022,450.0
GREATER DANDENONG,2022,380.0
KINGSTON,2022,455.0
MORNINGTON PENINSULA,2022,525.0
PORT PHILLIP,2022,450.0
STONNINGTON,2022,460.0
COLAC-OTWAY,2022,400.0
CORANGAMITE,2022,360.0
GLENELG,2022,390.0
GREATER GEELONG,2022,450.0
MOYNE,2022,400.0
SOUTHERN GRAMPIANS,2022,310.0
SURF COAST,2022,540.0
WARRNAMBOOL,2022,420.0
ARARAT,2022,330.0
BALLARAT,2022,388.0
GOLDEN PLAINS,2022,450.0
HEPBURN,2022,420.0
HINDMARSH,2022,250.0
HORSHAM,2022,340.0
MOORABOOL,2022,400.0
NORTHERN GRAMPIANS,2022,315.0
PYRENEES,2022,340.0
WEST WIMMERA,2022,210.0
YARRIAMBIACK,2022,250.0
BULOKE,2022,245.0
CAMPASPE,2022,370.0
CENTRAL GOLDFIELDS,2022,320.0
GANNAWARRA,2022,280.0
GREATER BENDIGO,2022,410.0
LODDON,2022,280.0
MACEDON RANGES,2022,500.0
MILDURA,2022,350.0
MOUNT ALEXANDER,2022,423.0
SWAN HILL,2022,320.0
ALPINE,2022,420.0
BENALLA,2022,400.0
GREATER SHEPPARTON,2022,390.0
INDIGO,2022,400.0
MANSFIELD,2022,480.0
MITCHELL,2022,400.0
MOIRA,2022,350.0
MURRINDINDI,2022,370.0
STRATHBOGIE,2022,385.0
TOWONG,2022,340.0
WANGARATTA,2022,380.0
WODONGA,2022,425.0
BASS COAST,2022,430.0
BAW BAW,2022,435.0
EAST GIPPSLAND,2022,390.0
LATROBE,2022,360.0
SOUTH GIPPSLAND,2022,370.0
WELLINGTON,2022,385.0
BANYULE,2022,450.0
BRIMBANK,2022,380.0
DAREBIN,2022,420.0
HOBSONS BAY,2022,450.0
HUME,2022,420.0
MARIBYRNONG,2022,420.0
MELBOURNE,2022,540.0
MELTON,2022,408.0
MERRI-BEK,2022,430.0
MOONEE VALLEY,2022,440.0
NILLUMBIK,2022,460.0
WHITTLESEA,2022,420.0
WYNDHAM,2022,410.0
YARRA,2022,550.0
BOROONDARA,2022,485.0
KNOX,2022,470.0
MANNINGHAM,2022,500.0
MAROONDAH,2022,450.0
MONASH,2022,490.0
WHITEHORSE,2022,475.0
YARRA RANGES,2022,480.0
BAYSIDE,2022,600.0
CARDINIA,2022,440.0
CASEY,2022,450.0
FRANKSTON,2022,440.0
GLEN EIRA,2022,480.0
GREATER DANDENONG,2022,395.0
KINGSTON,2022,460.0
MORNINGTON PENINSULA,2022,530.0
PORT PHILLIP,2022,475.0
STONNINGTON,2022,485.0
COLAC-OTWAY,2023,423.0
CORANGAMITE,2023,380.0
GLENELG,2023,380.0
GREATER GEELONG,2023,450.0
MOYNE,2023,420.0
SOUTHERN GRAMPIANS,2023,340.0
SURF COAST,2023,600.0
WARRNAMBOOL,2023,450.0
ARARAT,2023,340.0
BALLARAT,2023,385.0
GOLDEN PLAINS,2023,450.0
HEPBURN,2023,420.0
HINDMARSH,2023,260.0
HORSHAM,2023,360.0
MOORABOOL,2023,420.0
NORTHERN GRAMPIANS,2023,315.0
PYRENEES,2023,350.0
WEST WIMMERA,2023,290.0
YARRIAMBIACK,2023,250.0
BULOKE,2023,280.0
CAMPASPE,2023,360.0
CENTRAL GOLDFIELDS,2023,330.0
GANNAWARRA,2023,280.0
GREATER BENDIGO,2023,420.0
LODDON,2023,300.0
MACEDON RANGES,2023,500.0
MILDURA,2023,366.0
MOUNT ALEXANDER,2023,435.0
SWAN HILL,2023,315.0
ALPINE,2023,420.0
BENALLA,2023,400.0
GREATER SHEPPARTON,2023,390.0
INDIGO,2023,405.0
MANSFIELD,2023,480.0
MITCHELL,2023,410.0
MOIRA,2023,380.0
MURRINDINDI,2023,400.0
STRATHBOGIE,2023,440.0
TOWONG,2023,400.0
WANGARATTA,2023,400.0
WODONGA,2023,420.0
BASS COAST,2023,445.0
BAW BAW,2023,448.0
EAST GIPPSLAND,2023,400.0
LATROBE,2023,350.0
SOUTH GIPPSLAND,2023,368.0
WELLINGTON,2023,400.0
BANYULE,2023,460.0
BRIMBANK,2023,400.0
DAREBIN,2023,460.0
HOBSONS BAY,2023,460.0
HUME,2023,430.0
MARIBYRNONG,2023,450.0
MELBOURNE,2023,600.0
MELTON,2023,420.0
MERRI-BEK,2023,460.0
MOONEE VALLEY,2023,450.0
NILLUMBIK,2023,490.0
WHITTLESEA,2023,425.0
WYNDHAM,2023,420.0
YARRA,2023,600.0
BOROONDARA,2023,520.0
KNOX,2023,475.0
MANNINGHAM,2023,550.0
MAROONDAH,2023,460.0
MONASH,2023,510.0
WHITEHORSE,2023,500.0
YARRA RANGES,2023,500.0
BAYSIDE,2023,660.0
CARDINIA,2023,460.0
CASEY,2023,470.0
FRANKSTON,2023,450.0
GLEN EIRA,2023,540.0
GREATER DANDENONG,2023,400.0
KINGSTON,2023,475.0
MORNINGTON PENINSULA,2023,550.0
PORT PHILLIP,2023,530.0
STONNINGTON,2023,550.0
COLAC-OTWAY,2023,410.0
CORANGAMITE,2023,350.0
GLENELG,2023,400.0
GREATER GEELONG,2023,450.0
MOYNE,2023,425.0
QUEENSCLIFFE,2023,540.0
SOUTHERN GRAMPIANS,2023,330.0
SURF COAST,2023,520.0
WARRNAMBOOL,2023,445.0
ARARAT,2023,343.0
BALLARAT,2023,390.0
GOLDEN PLAINS,2023,460.0
HEPBURN,2023,450.0
HINDMARSH,2023,265.0
HORSHAM,2023,360.0
MOORABOOL,2023,425.0
NORTHERN GRAMPIANS,2023,325.0
PYRENEES,2023,350.0
WEST WIMMERA,2023,250.0
YARRIAMBIACK,2023,270.0
BULOKE,2023,210.0
CAMPASPE,2023,395.0
CENTRAL GOLDFIELDS,2023,330.0
GANNAWARRA,2023,300.0
GREATER BENDIGO,2023,420.0
LODDON,2023,290.0
MACEDON RANGES,2023,510.0
MILDURA,2023,380.0
MOUNT ALEXANDER,2023,400.0
SWAN HILL,2023,330.0
ALPINE,2023,440.0
BENALLA,2023,395.0
GREATER SHEPPARTON,2023,390.0
INDIGO,2023,450.0
MANSFIELD,2023,500.0
MITCHELL,2023,430.0
MOIRA,2023,380.0
MURRINDINDI,2023,395.0
STRATHBOGIE,2023,400.0
TOWONG,2023,320.0
WANGARATTA,2023,400.0
WODONGA,2023,450.0
BASS COAST,2023,420.0
BAW BAW,2023,450.0
EAST GIPPSLAND,2023,400.0
LATROBE,2023,360.0
SOUTH GIPPSLAND,2023,400.0
WELLINGTON,2023,400.0
BANYULE,2023,470.0
BRIMBANK,2023,410.0
DAREBIN,2023,470.0
HOBSONS BAY,2023,480.0
HUME,2023,450.0
MARIBYRNONG,2023,470.0
MELBOURNE,2023,600.0
MELTON,2023,440.0
MERRI-BEK,2023,480.0
MOONEE VALLEY,2023,478.0
NILLUMBIK,2023,500.0
WHITTLESEA,2023,450.0
WYNDHAM,2023,450.0
YARRA,2023,575.0
BOROONDARA,2023,550.0
KNOX,2023,500.0
MANNINGHAM,2023,575.0
MAROONDAH,2023,480.0
MONASH,2023,550.0
WHITEHORSE,2023,530.0
YARRA RANGES,2023,495.0
BAYSIDE,2023,640.0
CARDINIA,2023,470.0
CASEY,2023,485.0
FRANKSTON,2023,470.0
GLEN EIRA,2023,530.0
GREATER DANDENONG,2023,425.0
KINGSTON,2023,520.0
MORNINGTON PENINSULA,2023,530.0
PORT PHILLIP,2023,538.0
STONNINGTON,2023,550.0
COLAC-OTWAY,2023,435.0
CORANGAMITE,2023,400.0
GLENELG,2023,400.0
GREATER GEELONG,2023,450.0
MOYNE,2023,450.0
QUEENSCLIFFE,2023,480.0
SOUTHERN GRAMPIANS,2023,320.0
SURF COAST,2023,520.0
WARRNAMBOOL,2023,465.0
ARARAT,2023,355.0
BALLARAT,2023,400.0
GOLDEN PLAINS,2023,463.0
HEPBURN,2023,440.0
HINDMARSH,2023,283.0
HORSHAM,2023,370.0
MOORABOOL,2023,440.0
NORTHERN GRAMPIANS,2023,330.0
PYRENEES,2023,300.0
WEST WIMMERA,2023,280.0
YARRIAMBIACK,2023,260.0
BULOKE,2023,288.0
CAMPASPE,2023,395.0
CENTRAL GOLDFIELDS,2023,350.0
GANNAWARRA,2023,280.0
GREATER BENDIGO,2023,430.0
LODDON,2023,320.0
MACEDON RANGES,2023,500.0
MILDURA,2023,380.0
MOUNT ALEXANDER,2023,430.0
SWAN HILL,2023,370.0
ALPINE,2023,420.0
BENALLA,2023,400.0
GREATER SHEPPARTON,2023,390.0
INDIGO,2023,400.0
MANSFIELD,2023,460.0
MITCHELL,2023,450.0
MOIRA,2023,390.0
MURRINDINDI,2023,385.0
STRATHBOGIE,2023,430.0
TOWONG,2023,360.0
WANGARATTA,2023,370.0
WODONGA,2023,440.0
BASS COAST,2023,430.0
BAW BAW,2023,450.0
EAST GIPPSLAND,2023,400.0
LATROBE,2023,360.0
SOUTH GIPPSLAND,2023,390.0
WELLINGTON,2023,400.0
BANYULE,2023,500.0
BRIMBANK,2023,430.0
DAREBIN,2023,480.0
HOBSONS BAY,2023,490.0
HUME,2023,470.0
MARIBYRNONG,2023,480.0
MELBOURNE,2023,620.0
MELTON,2023,450.0
MERRI-BEK,2023,500.0
MOONEE VALLEY,2023,485.0
NILLUMBIK,2023,520.0
WHITTLESEA,2023,480.0
WYNDHAM,2023,460.0
YARRA,2023,600.0
BOROONDARA,2023,550.0
KNOX,2023,520.0
MANNINGHAM,2023,590.0
MAROONDAH,2023,500.0
MONASH,2023,560.0
WHITEHORSE,2023,550.0
YARRA RANGES,2023,510.0
BAYSIDE,2023,680.0
CARDINIA,2023,495.0
CASEY,2023,510.0
FRANKSTON,2023,480.0
GLEN EIRA,2023,550.0
GREATER DANDENONG,2023,450.0
KINGSTON,2023,550.0
MORNINGTON PENINSULA,2023,530.0
PORT PHILLIP,2023,550.0
STONNINGTON,2023,550.0
COLAC-OTWAY,2023,405.0
CORANGAMITE,2023,363.0
GLENELG,2023,380.0
GREATER GEELONG,2023,460.0
MOYNE,2023,410.0
QUEENSCLIFFE,2023,420.0
SOUTHERN GRAMPIANS,2023,340.0
SURF COAST,2023,525.0
WARRNAMBOOL,2023,480.0
ARARAT,2023,370.0
BALLARAT,2023,410.0
GOLDEN PLAINS,2023,460.0
HEPBURN,2023,413.0
HINDMARSH,2023,285.0
HORSHAM,2023,350.0
MOORABOOL,2023,440.0
NORTHERN GRAMPIANS,2023,340.0
PYRENEES,2023,340.0
WEST WIMMERA,2023,300.0
YARRIAMBIACK,2023,300.0
BULOKE,2023,280.0
CAMPASPE,2023,410.0
CENTRAL GOLDFIELDS,2023,350.0
GANNAWARRA,2023,305.0
GREATER BENDIGO,2023,440.0
LODDON,2023,375.0
MACEDON RANGES,2023,520.0
MILDURA,2023,380.0
MOUNT ALEXANDER,2023,460.0
SWAN HILL,2023,390.0
ALPINE,2023,423.0
BENALLA,2023,398.0
GREATER SHEPPARTON,2023,400.0
INDIGO,2023,440.0
MANSFIELD,2023,471.0
MITCHELL,2023,440.0
MOIRA,2023,420.0
MURRINDINDI,2023,393.0
STRATHBOGIE,2023,400.0
TOWONG,2023,350.0
WANGARATTA,2023,400.0
WODONGA,2023,450.0
BASS COAST,2023,450.0
BAW BAW,2023,450.0
EAST GIPPSLAND,2023,400.0
LATROBE,2023,375.0
SOUTH GIPPSLAND,2023,400.0
WELLINGTON,2023,400.0
BANYULE,2023,500.0
BRIMBANK,2023,449.0
DAREBIN,2023,500.0
HOBSONS BAY,2023,500.0
HUME,2023,485.0
MARIBYRNONG,2023,500.0
MELBOURNE,2023,600.0
MELTON,2023,470.0
MERRI-BEK,2023,500.0
MOONEE VALLEY,2023,500.0
NILLUMBIK,2023,540.0
WHITTLESEA,2023,500.0
WYNDHAM,2023,480.0
YARRA,2023,620.0
BOROONDARA,2023,575.0
KNOX,2023,535.0
MANNINGHAM,2023,600.0
MAROONDAH,2023,520.0
MONASH,2023,580.0
WHITEHORSE,2023,550.0
YARRA RANGES,2023,525.0
BAYSIDE,2023,693.0
CARDINIA,2023,510.0
CASEY,2023,525.0
FRANKSTON,2023,500.0
GLEN EIRA,2023,560.0
GREATER DANDENONG,2023,470.0
KINGSTON,2023,554.0
MORNINGTON PENINSULA,2023,550.0
PORT PHILLIP,2023,560.0
STONNINGTON,2023,580.0
COLAC-OTWAY,2024,428.0
CORANGAMITE,2024,360.0
GLENELG,2024,420.0
GREATER GEELONG,2024,470.0
MOYNE,2024,410.0
SOUTHERN GRAMPIANS,2024,360.0
SURF COAST,2024,540.0
WARRNAMBOOL,2024,460.0
ARARAT,2024,350.0
BALLARAT,2024,420.0
GOLDEN PLAINS,2024,450.0
HEPBURN,2024,430.0
HINDMARSH,2024,300.0
HORSHAM,2024,390.0
MOORABOOL,2024,470.0
NORTHERN GRAMPIANS,2024,350.0
PYRENEES,2024,360.0
WEST WIMMERA,2024,258.0
YARRIAMBIACK,2024,300.0
BULOKE,2024,290.0
CAMPASPE,2024,420.0
CENTRAL GOLDFIELDS,2024,350.0
GANNAWARRA,2024,300.0
GREATER BENDIGO,2024,450.0
LODDON,2024,300.0
MACEDON RANGES,2024,550.0
MILDURA,2024,400.0
MOUNT ALEXANDER,2024,450.0
SWAN HILL,2024,350.0
ALPINE,2024,420.0
BENALLA,2024,420.0
GREATER SHEPPARTON,2024,415.0
INDIGO,2024,473.0
MANSFIELD,2024,511.0
MITCHELL,2024,440.0
MOIRA,2024,400.0
MURRINDINDI,2024,405.0
STRATHBOGIE,2024,450.0
TOWONG,2024,360.0
WANGARATTA,2024,430.0
WODONGA,2024,455.0
BASS COAST,2024,450.0
BAW BAW,2024,460.0
EAST GIPPSLAND,2024,420.0
LATROBE,2024,380.0
SOUTH GIPPSLAND,2024,390.0
WELLINGTON,2024,420.0
BANYULE,2024,510.0
BRIMBANK,2024,450.0
DAREBIN,2024,500.0
HOBSONS BAY,2024,555.0
HUME,2024,500.0
MARIBYRNONG,2024,520.0
MELBOURNE,2024,660.0
MELTON,2024,480.0
MERRI-BEK,2024,550.0
MOONEE VALLEY,2024,520.0
NILLUMBIK,2024,550.0
WHITTLESEA,2024,510.0
WYNDHAM,2024,500.0
YARRA,2024,648.0
BOROONDARA,2024,600.0
KNOX,2024,550.0
MANNINGHAM,2024,613.0
MAROONDAH,2024,530.0
MONASH,2024,600.0
WHITEHORSE,2024,580.0
YARRA RANGES,2024,550.0
BAYSIDE,2024,680.0
CARDINIA,2024,530.0
CASEY,2024,550.0
FRANKSTON,2024,500.0
GLEN EIRA,2024,595.0
GREATER DANDENONG,2024,500.0
KINGSTON,2024,560.0
MORNINGTON PENINSULA,2024,580.0
PORT PHILLIP,2024,580.0
STONNINGTON,2024,585.0
COLAC-OTWAY,2024,423.0
CORANGAMITE,2024,400.0
GLENELG,2024,380.0
GREATER GEELONG,2024,470.0
MOYNE,2024,460.0
QUEENSCLIFFE,2024,490.0
SOUTHERN GRAMPIANS,2024,350.0
SURF COAST,2024,540.0
WARRNAMBOOL,2024,480.0
ARARAT,2024,360.0
BALLARAT,2024,420.0
GOLDEN PLAINS,2024,460.0
HEPBURN,2024,445.0
HINDMARSH,2024,295.0
HORSHAM,2024,380.0
MOORABOOL,2024,460.0
NORTHERN GRAMPIANS,2024,330.0
PYRENEES,2024,360.0
WEST WIMMERA,2024,313.0
YARRIAMBIACK,2024,300.0
BULOKE,2024,310.0
CAMPASPE,2024,400.0
CENTRAL GOLDFIELDS,2024,360.0
GANNAWARRA,2024,325.0
GREATER BENDIGO,2024,450.0
MACEDON RANGES,2024,550.0
MILDURA,2024,400.0
MOUNT ALEXANDER,2024,450.0
SWAN HILL,2024,370.0
ALPINE,2024,450.0
BENALLA,2024,435.0
GREATER SHEPPARTON,2024,430.0
INDIGO,2024,460.0
MANSFIELD,2024,530.0
MITCHELL,2024,460.0
MOIRA,2024,430.0
MURRINDINDI,2024,380.0
STRATHBOGIE,2024,450.0
TOWONG,2024,355.0
WANGARATTA,2024,420.0
WODONGA,2024,480.0
BASS COAST,2024,460.0
BAW BAW,2024,478.0
EAST GIPPSLAND,2024,420.0
LATROBE,2024,380.0
SOUTH GIPPSLAND,2024,390.0
WELLINGTON,2024,400.0
BANYULE,2024,525.0
BRIMBANK,2024,460.0
DAREBIN,2024,510.0
HOBSONS BAY,2024,550.0
HUME,2024,510.0
MARIBYRNONG,2024,530.0
MELBOURNE,2024,630.0
MELTON,2024,480.0
MERRI-BEK,2024,540.0
MOONEE VALLEY,2024,500.0
NILLUMBIK,2024,570.0
WHITTLESEA,2024,520.0
WYNDHAM,2024,500.0
YARRA,2024,640.0
BOROONDARA,2024,600.0
KNOX,2024,560.0
MANNINGHAM,2024,630.0
MAROONDAH,2024,549.0
MONASH,2024,620.0
WHITEHORSE,2024,595.0
YARRA RANGES,2024,550.0
BAYSIDE,2024,628.0
CARDINIA,2024,550.0
CASEY,2024,560.0
FRANKSTON,2024,520.0
GLEN EIRA,2024,585.0
GREATER DANDENONG,2024,520.0
KINGSTON,2024,550.0
MORNINGTON PENINSULA,2024,560.0
PORT PHILLIP,2024,595.0
STONNINGTON,2024,595.0
COLAC-OTWAY,2024,435.0
CORANGAMITE,2024,385.0
GLENELG,2024,400.0
GREATER GEELONG,2024,480.0
MOYNE,2024,428.0
SOUTHERN GRAMPIANS,2024,320.0
SURF COAST,2024,550.0
WARRNAMBOOL,2024,480.0
ARARAT,2024,390.0
BALLARAT,2024,420.0
GOLDEN PLAINS,2024,460.0
HEPBURN,2024,450.0
HINDMARSH,2024,300.0
HORSHAM,2024,350.0
MOORABOOL,2024,475.0
NORTHERN GRAMPIANS,2024,361.0
PYRENEES,2024,380.0
WEST WIMMERA,2024,275.0
YARRIAMBIACK,2024,300.0
BULOKE,2024,300.0
CAMPASPE,2024,420.0
CENTRAL GOLDFIELDS,2024,350.0
GANNAWARRA,2024,300.0
GREATER BENDIGO,2024,460.0
LODDON,2024,300.0
MACEDON RANGES,2024,555.0
MILDURA,2024,440.0
MOUNT ALEXANDER,2024,480.0
SWAN HILL,2024,380.0
ALPINE,2024,450.0
BENALLA,2024,430.0
GREATER SHEPPARTON,2024,430.0
INDIGO,2024,420.0
MANSFIELD,2024,500.0
MITCHELL,2024,470.0
MOIRA,2024,435.0
MURRINDINDI,2024,405.0
STRATHBOGIE,2024,450.0
TOWONG,2024,440.0
WANGARATTA,2024,440.0
WODONGA,2024,480.0
BASS COAST,2024,460.0
BAW BAW,2024,480.0
EAST GIPPSLAND,2024,430.0
LATROBE,2024,390.0
SOUTH GIPPSLAND,2024,410.0
WELLINGTON,2024,420.0
BANYULE,2024,550.0
BRIMBANK,2024,480.0
DAREBIN,2024,520.0
HOBSONS BAY,2024,575.0
HUME,2024,520.0
MARIBYRNONG,2024,540.0
MELBOURNE,2024,640.0
MELTON,2024,500.0
MERRI-BEK,2024,550.0
MOONEE VALLEY,2024,500.0
NILLUMBIK,2024,550.0
WHITTLESEA,2024,530.0
WYNDHAM,2024,500.0
YARRA,2024,625.0
BOROONDARA,2024,600.0
KNOX,2024,588.0
MANNINGHAM,2024,625.0
MAROONDAH,2024,559.0
MONASH,2024,620.0
WHITEHORSE,2024,600.0
YARRA RANGES,2024,580.0
BAYSIDE,2024,670.0
CARDINIA,2024,565.0
CASEY,2024,576.0
FRANKSTON,2024,530.0
GLEN EIRA,2024,600.0
GREATER DANDENONG,2024,520.0
KINGSTON,2024,580.0
MORNINGTON PENINSULA,2024,580.0
PORT PHILLIP,2024,600.0
STONNINGTON,2024,580.0
COLAC-OTWAY,2024,430.0
CORANGAMITE,2024,380.0
GLENELG,2024,400.0
GREATER GEELONG,2024,490.0
MOYNE,2024,475.0
QUEENSCLIFFE,2024,450.0
SOUTHERN GRAMPIANS,2024,348.0
SURF COAST,2024,560.0
WARRNAMBOOL,2024,480.0
ARARAT,2024,380.0
BALLARAT,2024,420.0
GOLDEN PLAINS,2024,450.0
HEPBURN,2024,450.0
HINDMARSH,2024,280.0
HORSHAM,2024,370.0
MOORABOOL,2024,470.0
NORTHERN GRAMPIANS,2024,385.0
PYRENEES,2024,390.0
WEST WIMMERA,2024,315.0
YARRIAMBIACK,2024,245.0
BULOKE,2024,300.0
CAMPASPE,2024,420.0
CENTRAL GOLDFIELDS,2024,380.0
GANNAWARRA,2024,320.0
GREATER BENDIGO,2024,475.0
LODDON,2024,280.0
MACEDON RANGES,2024,583.0
MILDURA,2024,450.0
MOUNT ALEXANDER,2024,458.0
SWAN HILL,2024,408.0
ALPINE,2024,450.0
BENALLA,2024,430.0
GREATER SHEPPARTON,2024,450.0
INDIGO,2024,455.0
MANSFIELD,2024,530.0
MITCHELL,2024,470.0
MOIRA,2024,420.0
MURRINDINDI,2024,390.0
STRATHBOGIE,2024,432.0
TOWONG,2024,415.0
WANGARATTA,2024,410.0
WODONGA,2024,490.0
BASS COAST,2024,460.0
BAW BAW,2024,500.0
EAST GIPPSLAND,2024,450.0
LATROBE,2024,400.0
SOUTH GIPPSLAND,2024,420.0
WELLINGTON,2024,420.0
BANYULE,2024,550.0
BRIMBANK,2024,480.0
DAREBIN,2024,550.0
HOBSONS BAY,2024,568.0
HUME,2024,520.0
MARIBYRNONG,2024,525.0
MELBOURNE,2024,615.0
MELTON,2024,490.0
MERRI-BEK,2024,550.0
MOONEE VALLEY,2024,520.0
NILLUMBIK,2024,580.0
WHITTLESEA,2024,530.0
WYNDHAM,2024,500.0
YARRA,2024,650.0
BOROONDARA,2024,600.0
KNOX,2024,585.0
MANNINGHAM,2024,650.0
MAROONDAH,2024,550.0
MONASH,2024,600.0
WHITEHORSE,2024,595.0
YARRA RANGES,2024,580.0
BAYSIDE,2024,720.0
CARDINIA,2024,550.0
CASEY,2024,575.0
FRANKSTON,2024,550.0
GLEN EIRA,2024,597.0
GREATER DANDENONG,2024,500.0
KINGSTON,2024,580.0
MORNINGTON PENINSULA,2024,590.0
PORT PHILLIP,2024,600.0
STONNINGTON,2024,595.0
COLAC-OTWAY,2025,460.0
CORANGAMITE,2025,400.0
GLENELG,2025,420.0
GREATER GEELONG,2025,485.0
MOYNE,2025,480.0
QUEENSCLIFFE,2025,475.0
SOUTHERN GRAMPIANS,2025,360.0
SURF COAST,2025,540.0
WARRNAMBOOL,2025,500.0
ARARAT,2025,390.0
BALLARAT,2025,420.0
GOLDEN PLAINS,2025,500.0
HEPBURN,2025,485.0
HINDMARSH,2025,313.0
HORSHAM,2025,380.0
MOORABOOL,2025,470.0
NORTHERN GRAMPIANS,2025,365.0
PYRENEES,2025,380.0
WEST WIMMERA,2025,300.0
YARRIAMBIACK,2025,350.0
BULOKE,2025,335.0
CAMPASPE,2025,440.0
CENTRAL GOLDFIELDS,2025,360.0
GANNAWARRA,2025,340.0
GREATER BENDIGO,2025,470.0
LODDON,2025,300.0
MACEDON RANGES,2025,570.0
MILDURA,2025,458.0
MOUNT ALEXANDER,2025,460.0
SWAN HILL,2025,395.0
ALPINE,2025,475.0
BENALLA,2025,450.0
GREATER SHEPPARTON,2025,460.0
INDIGO,2025,480.0
MANSFIELD,2025,525.0
MITCHELL,2025,470.0
MOIRA,2025,440.0
MURRINDINDI,2025,400.0
STRATHBOGIE,2025,480.0
TOWONG,2025,450.0
WANGARATTA,2025,400.0
WODONGA,2025,520.0
BASS COAST,2025,480.0
BAW BAW,2025,490.0
EAST GIPPSLAND,2025,450.0
LATROBE,2025,400.0
SOUTH GIPPSLAND,2025,400.0
WELLINGTON,2025,430.0
BANYULE,2025,550.0
BRIMBANK,2025,480.0
DAREBIN,2025,550.0
HOBSONS BAY,2025,565.0
HUME,2025,520.0
MARIBYRNONG,2025,530.0
MELBOURNE,2025,680.0
MELTON,2025,490.0
MERRI-BEK,2025,550.0
MOONEE VALLEY,2025,550.0
NILLUMBIK,2025,599.0
WHITTLESEA,2025,530.0
WYNDHAM,2025,500.0
YARRA,2025,675.0
BOROONDARA,2025,620.0
KNOX,2025,580.0
MANNINGHAM,2025,650.0
MAROONDAH,2025,560.0
MONASH,2025,630.0
WHITEHORSE,2025,600.0
YARRA RANGES,2025,575.0
BAYSIDE,2025,720.0
CARDINIA,2025,560.0
CASEY,2025,575.0
FRANKSTON,2025,535.0
GLEN EIRA,2025,630.0
GREATER DANDENONG,2025,520.0
KINGSTON,2025,595.0
MORNINGTON PENINSULA,2025,600.0
PORT PHILLIP,2025,625.0
STONNINGTON,2025,620.0
COLAC-OTWAY,2025,450.0
CORANGAMITE,2025,405.0
GLENELG,2025,430.0
GREATER GEELONG,2025,500.0
MOYNE,2025,505.0
SOUTHERN GRAMPIANS,2025,350.0
SURF COAST,2025,575.0
WARRNAMBOOL,2025,510.0
ARARAT,2025,375.0
BALLARAT,2025,415.0
GOLDEN PLAINS,2025,450.0
HEPBURN,2025,460.0
HINDMARSH,2025,310.0
HORSHAM,2025,400.0
MOORABOOL,2025,480.0
NORTHERN GRAMPIANS,2025,388.0
PYRENEES,2025,400.0
WEST WIMMERA,2025,280.0
YARRIAMBIACK,2025,300.0
BULOKE,2025,310.0
CAMPASPE,2025,450.0
CENTRAL GOLDFIELDS,2025,370.0
GANNAWARRA,2025,305.0
GREATER BENDIGO,2025,480.0
LODDON,2025,350.0
MACEDON RANGES,2025,550.0
MILDURA,2025,450.0
MOUNT ALEXANDER,2025,473.0
SWAN HILL,2025,380.0
ALPINE,2025,455.0
BENALLA,2025,450.0
GREATER SHEPPARTON,2025,460.0
INDIGO,2025,450.0
MANSFIELD,2025,550.0
MITCHELL,2025,460.0
MOIRA,2025,440.0
MURRINDINDI,2025,420.0
STRATHBOGIE,2025,460.0
TOWONG,2025,425.0
WANGARATTA,2025,445.0
WODONGA,2025,530.0
BASS COAST,2025,480.0
BAW BAW,2025,520.0
EAST GIPPSLAND,2025,450.0
LATROBE,2025,420.0
SOUTH GIPPSLAND,2025,420.0
WELLINGTON,2025,430.0
BANYULE,2025,560.0
BRIMBANK,2025,490.0
DAREBIN,2025,550.0
HOBSONS BAY,2025,570.0
HUME,2025,520.0
MARIBYRNONG,2025,550.0
MELBOURNE,2025,650.0
MELTON,2025,490.0
MERRI-BEK,2025,550.0
MOONEE VALLEY,2025,550.0
NILLUMBIK,2025,570.0
WHITTLESEA,2025,530.0
WYNDHAM,2025,500.0
YARRA,2025,650.0
BOROONDARA,2025,630.0
KNOX,2025,600.0
MANNINGHAM,2025,650.0
MAROONDAH,2025,575.0
MONASH,2025,647.0
WHITEHORSE,2025,600.0
YARRA RANGES,2025,600.0
BAYSIDE,2025,700.0
CARDINIA,2025,560.0
CASEY,2025,575.0
FRANKSTON,2025,550.0
GLEN EIRA,2025,600.0
GREATER DANDENONG,2025,520.0
KINGSTON,2025,595.0
MORNINGTON PENINSULA,2025,600.0
PORT PHILLIP,2025,600.0
STONNINGTON,2025,625.0
COLAC-OTWAY,2025,450.0
CORANGAMITE,2025,400.0
GLENELG,2025,420.0
GREATER GEELONG,2025,500.0
MOYNE,2025,490.0
QUEENSCLIFFE,2025,575.0
SOUTHERN GRAMPIANS,2025,380.0
SURF COAST,2025,580.0
WARRNAMBOOL,2025,500.0
ARARAT,2025,390.0
BALLARAT,2025,420.0
GOLDEN PLAINS,2025,460.0
HEPBURN,2025,473.0
HINDMARSH,2025,330.0
HORSHAM,2025,405.0
MOORABOOL,2025,480.0
NORTHERN GRAMPIANS,2025,400.0
PYRENEES,2025,400.0
WEST WIMMERA,2025,340.0
YARRIAMBIACK,2025,310.0
BULOKE,2025,340.0
CAMPASPE,2025,460.0
CENTRAL GOLDFIELDS,2025,380.0
GANNAWARRA,2025,323.0
GREATER BENDIGO,2025,493.0
LODDON,2025,380.0
MACEDON RANGES,2025,580.0
MILDURA,2025,465.0
MOUNT ALEXANDER,2025,495.0
SWAN HILL,2025,430.0
ALPINE,2025,450.0
BENALLA,2025,450.0
GREATER SHEPPARTON,2025,470.0
INDIGO,2025,480.0
MANSFIELD,2025,550.0
MITCHELL,2025,460.0
MOIRA,2025,460.0
MURRINDINDI,2025,400.0
STRATHBOGIE,2025,485.0
TOWONG,2025,330.0
WANGARATTA,2025,450.0
WODONGA,2025,530.0
BASS COAST,2025,480.0
BAW BAW,2025,525.0
EAST GIPPSLAND,2025,460.0
LATROBE,2025,420.0
SOUTH GIPPSLAND,2025,433.0
WELLINGTON,2025,435.0
BANYULE,2025,560.0
BRIMBANK,2025,490.0
DAREBIN,2025,550.0
HOBSONS BAY,2025,580.0
HUME,2025,525.0
MARIBYRNONG,2025,550.0
MELBOURNE,2025,670.0
MELTON,2025,480.0
MERRI-BEK,2025,550.0
MOONEE VALLEY,2025,550.0
NILLUMBIK,2025,580.0
WHITTLESEA,2025,530.0
WYNDHAM,2025,500.0
YARRA,2025,650.0
BOROONDARA,2025,630.0
KNOX,2025,600.0
MANNINGHAM,2025,680.0
MAROONDAH,2025,590.0
MONASH,2025,650.0
WHITEHORSE,2025,620.0
YARRA RANGES,2025,600.0
BAYSIDE,2025,743.0
CARDINIA,2025,560.0
CASEY,2025,580.0
FRANKSTON,2025,560.0
GLEN EIRA,2025,625.0
GREATER DANDENONG,2025,530.0
KINGSTON,2025,600.0
MORNINGTON PENINSULA,2025,600.0
PORT PHILLIP,2025,625.0
STONNINGTON,2025,620.0
